Feat 1,Feat 2,Feat 3,Feat 4,Feat 5,filename,subject,emotion,priming
-144.0981214526101,61.55822378214125,-113.12504618780801,72.81696273820396,230.6066332232717,./emotion-fmri-neu/cp001_beta_anger_congruent_c0.nii.gz,1,anger,congruent
8.989209387173744,33.343906475352576,218.08126039560108,-32.59434971977733,2.1465408620177104,./emotion-fmri-neu/cp001_beta_anger_incongruent_c0.nii.gz,1,anger,incongruent
270.8978765779924,-85.91064545622788,206.53778681954526,-290.7955259357878,11.044397595856065,./emotion-fmri-neu/cp001_beta_anger_neutral_c0.nii.gz,1,anger,neutral
52.116707137416604,189.13881917937468,-87.9638872354498,18.42831622850862,181.17580887951038,./emotion-fmri-neu/cp001_beta_fear_congruent_c0.nii.gz,1,fear,congruent
204.54900731842753,71.26454687853264,2.764049642601063,-183.87856363797945,-115.52523436929339,./emotion-fmri-neu/cp001_beta_fear_incongruent_c0.nii.gz,1,fear,incongruent
61.50205319778501,-45.41232599872806,322.6742497556042,220.1976872382739,183.6050286054757,./emotion-fmri-neu/cp001_beta_fear_neutral_c0.nii.gz,1,fear,neutral
42.55072199898155,80.96907852905379,45.01169273065949,-240.1628089021233,-153.0317911802886,./emotion-fmri-neu/cp001_beta_disgust_congruent_c0.nii.gz,1,disgust,congruent
160.7444322807822,67.8530629065452,100.18437143906071,-116.9521491034165,-279.92238543228683,./emotion-fmri-neu/cp001_beta_disgust_incongruent_c0.nii.gz,1,disgust,incongruent
165.77949602285872,205.8935263768749,86.44682847012561,-264.74033545270674,38.55464268735407,./emotion-fmri-neu/cp001_beta_disgust_neutral_c0.nii.gz,1,disgust,neutral
205.15707570401278,-135.57248965421724,66.90385440986384,379.17027527362137,-168.75759464672097,./emotion-fmri-neu/cp002_beta_anger_congruent_c0.nii.gz,2,anger,congruent
282.2343890774561,-101.71182354308394,73.8778768106235,117.92910324644828,-194.51711907769368,./emotion-fmri-neu/cp002_beta_anger_incongruent_c0.nii.gz,2,anger,incongruent
239.33696072807786,-391.9086530010191,237.85042264314075,204.7712591569781,-9.25578356001367,./emotion-fmri-neu/cp002_beta_anger_neutral_c0.nii.gz,2,anger,neutral
59.02291971413396,-227.38647304841717,84.38945979716331,333.4309501083911,35.497819598117495,./emotion-fmri-neu/cp002_beta_fear_congruent_c0.nii.gz,2,fear,congruent
88.03846961424743,-296.2826753925728,94.56089873287068,213.63120368982752,-176.39869911288213,./emotion-fmri-neu/cp002_beta_fear_incongruent_c0.nii.gz,2,fear,incongruent
252.5050176212906,-297.05731210877497,84.79271471617268,265.5856516498031,-94.95470030494714,./emotion-fmri-neu/cp002_beta_fear_neutral_c0.nii.gz,2,fear,neutral
190.61626358987468,-33.62766812330928,133.9567304876145,285.92525319043995,-135.5190811893555,./emotion-fmri-neu/cp002_beta_disgust_congruent_c0.nii.gz,2,disgust,congruent
59.99530008364277,-226.39072835249493,35.19073680983537,227.57843853125465,-93.52699160068829,./emotion-fmri-neu/cp002_beta_disgust_incongruent_c0.nii.gz,2,disgust,incongruent
408.85471549198235,-171.69528735030468,269.0854062498424,156.36397255047564,-129.1973711666307,./emotion-fmri-neu/cp002_beta_disgust_neutral_c0.nii.gz,2,disgust,neutral
40.89760804385905,302.0319592167192,1.1620247590438963,282.01172578882154,-75.14578163590413,./emotion-fmri-neu/cp003_beta_anger_congruent_c0.nii.gz,3,anger,congruent
84.18442551811827,186.89555202024593,54.89568818477929,49.010159694413744,-161.630630811763,./emotion-fmri-neu/cp003_beta_anger_incongruent_c0.nii.gz,3,anger,incongruent
95.75034266040903,361.13449323657045,135.1219892796098,-25.691623052162697,-147.50968402794157,./emotion-fmri-neu/cp003_beta_anger_neutral_c0.nii.gz,3,anger,neutral
109.68143991854255,172.1078472466502,117.14607980109275,267.50450876271447,152.6203688054303,./emotion-fmri-neu/cp003_beta_fear_congruent_c0.nii.gz,3,fear,congruent
104.36816835920784,214.84625513420468,67.13067341278179,34.81593199237509,-239.6580861294584,./emotion-fmri-neu/cp003_beta_fear_incongruent_c0.nii.gz,3,fear,incongruent
47.30789907274427,245.42156313190202,314.4410795577041,26.7906939950616,32.46770655496577,./emotion-fmri-neu/cp003_beta_fear_neutral_c0.nii.gz,3,fear,neutral
57.11886526738503,172.3989498428898,144.66141662184637,221.63861897571323,2.9222161345799083,./emotion-fmri-neu/cp003_beta_disgust_congruent_c0.nii.gz,3,disgust,congruent
179.66727160428775,191.26385180215786,-44.98580438971771,6.309416444743504,-193.18842500171596,./emotion-fmri-neu/cp003_beta_disgust_incongruent_c0.nii.gz,3,disgust,incongruent
203.10385003104125,324.6190729176982,-69.51387312707496,62.18612437990413,-135.95939830425067,./emotion-fmri-neu/cp003_beta_disgust_neutral_c0.nii.gz,3,disgust,neutral
373.10045277892215,-13.284547203575018,-56.89523219341225,-264.4752972824019,369.9723363432437,./emotion-fmri-neu/cp004_beta_anger_congruent_c0.nii.gz,4,anger,congruent
363.80555520499036,-135.67666533238912,-34.12220745820425,-62.38281224293995,289.07967174649593,./emotion-fmri-neu/cp004_beta_anger_incongruent_c0.nii.gz,4,anger,incongruent
174.11332577440788,113.76656178158461,367.9248614388652,-157.96033997835067,636.9296683675514,./emotion-fmri-neu/cp004_beta_anger_neutral_c0.nii.gz,4,anger,neutral
32.7939111040493,477.9085459967233,-211.01528791936911,-478.22106560858344,-349.4087186377981,./emotion-fmri-neu/cp004_beta_fear_congruent_c0.nii.gz,4,fear,congruent
335.71471986349053,-167.24307688071826,-197.59455710283765,-12.748535848977015,318.0425187609855,./emotion-fmri-neu/cp004_beta_fear_incongruent_c0.nii.gz,4,fear,incongruent
454.2236481829544,152.66095621734115,-116.4201805725131,-372.74977699082035,-299.29412196436175,./emotion-fmri-neu/cp004_beta_fear_neutral_c0.nii.gz,4,fear,neutral
323.07484752442934,-12.8076388487242,-642.6084181388482,247.89587688948183,-210.6791319332195,./emotion-fmri-neu/cp004_beta_disgust_congruent_c0.nii.gz,4,disgust,congruent
280.1447291914247,-180.2138386220495,-234.89088769841135,-85.02053915407585,195.59936363576676,./emotion-fmri-neu/cp004_beta_disgust_incongruent_c0.nii.gz,4,disgust,incongruent
-0.049456362028099984,15.303323726041224,199.81000552849363,-127.31649480440156,821.7273011786231,./emotion-fmri-neu/cp004_beta_disgust_neutral_c0.nii.gz,4,disgust,neutral
-264.1010223360447,23.74726452117197,-110.62635675409989,-171.7499021702531,-37.89696140555823,./emotion-fmri-neu/cp005_beta_anger_congruent_c0.nii.gz,5,anger,congruent
-262.1205585764609,-43.03285002815957,71.4099403456341,-78.0236695835541,83.72380058932055,./emotion-fmri-neu/cp005_beta_anger_incongruent_c0.nii.gz,5,anger,incongruent
-374.6876203629085,-196.40904040398868,-98.4443271942617,-126.072884943633,74.04952645766858,./emotion-fmri-neu/cp005_beta_anger_neutral_c0.nii.gz,5,anger,neutral
-119.23697778005739,29.558490684079455,61.12825480326718,-295.724662605209,-75.35083923332967,./emotion-fmri-neu/cp005_beta_fear_congruent_c0.nii.gz,5,fear,congruent
-224.3552090846548,-134.2711999631191,51.62485190212859,-182.96243483911212,47.76616740173082,./emotion-fmri-neu/cp005_beta_fear_incongruent_c0.nii.gz,5,fear,incongruent
-123.25484433784295,290.2298419288049,235.1432276966249,90.16773071933575,67.82505979354112,./emotion-fmri-neu/cp005_beta_fear_neutral_c0.nii.gz,5,fear,neutral
-223.93756627333528,-58.937255587839765,89.59396661525324,-244.01315879202923,74.60351873059429,./emotion-fmri-neu/cp005_beta_disgust_congruent_c0.nii.gz,5,disgust,congruent
-145.10135795242317,-49.99630670149229,-15.307786153290303,-88.99126131382508,-243.12405021416478,./emotion-fmri-neu/cp005_beta_disgust_incongruent_c0.nii.gz,5,disgust,incongruent
197.7727920843837,-190.3755794520938,270.29415692046183,177.35997645942282,215.73991253726385,./emotion-fmri-neu/cp005_beta_disgust_neutral_c0.nii.gz,5,disgust,neutral
2.436756253633644,268.2971091810253,-17.58039169763832,111.77466860378932,-212.42642090204535,./emotion-fmri-neu/cp006_beta_anger_congruent_c0.nii.gz,6,anger,congruent
-63.20515838885762,261.6887174556775,-30.859949520792153,53.443330367548015,-144.85009797975147,./emotion-fmri-neu/cp006_beta_anger_incongruent_c0.nii.gz,6,anger,incongruent
-156.95977488698512,270.7796684892769,-114.01309100413144,-20.495509652715278,91.01462822843273,./emotion-fmri-neu/cp006_beta_anger_neutral_c0.nii.gz,6,anger,neutral
122.82584147580795,253.28636577956172,-0.3856071792740278,197.01430358188884,-187.4488873908592,./emotion-fmri-neu/cp006_beta_fear_congruent_c0.nii.gz,6,fear,congruent
-25.99749653292771,251.51478331146146,61.55055996878251,20.23758794201775,-103.39985684646904,./emotion-fmri-neu/cp006_beta_fear_incongruent_c0.nii.gz,6,fear,incongruent
-46.96448182650852,362.7575967156078,-1.029839315995541,125.9230647014069,-4.337330307177343,./emotion-fmri-neu/cp006_beta_fear_neutral_c0.nii.gz,6,fear,neutral
-72.07319385105329,295.202017019279,-139.00542375957875,2.0382261414023493,-175.7485381256591,./emotion-fmri-neu/cp006_beta_disgust_congruent_c0.nii.gz,6,disgust,congruent
-63.756496685836666,272.50791484667644,-31.692802894183856,24.511629560646252,-236.83503650413456,./emotion-fmri-neu/cp006_beta_disgust_incongruent_c0.nii.gz,6,disgust,incongruent
34.9531664829898,339.97649423427407,20.403494150658958,46.899871380149534,97.5486548037296,./emotion-fmri-neu/cp006_beta_disgust_neutral_c0.nii.gz,6,disgust,neutral
-64.42957696833147,58.70724033889716,-264.40049572957224,-168.9408483980603,-61.61867136207015,./emotion-fmri-neu/cp007_beta_anger_congruent_c0.nii.gz,7,anger,congruent
-8.366452965678173,156.74156226656316,-272.91780990652296,151.33889368721506,-214.470490593045,./emotion-fmri-neu/cp007_beta_anger_incongruent_c0.nii.gz,7,anger,incongruent
61.45176776852529,23.543796285657045,-264.83418464868595,163.9495539886674,10.909577323142585,./emotion-fmri-neu/cp007_beta_anger_neutral_c0.nii.gz,7,anger,neutral
-255.53130368009585,48.42646986845748,-94.51107400187882,173.5332842696033,-178.31484080039928,./emotion-fmri-neu/cp007_beta_fear_congruent_c0.nii.gz,7,fear,congruent
-108.06094472112918,68.16721590652338,-154.34645552693127,172.895996259062,-57.250324404428746,./emotion-fmri-neu/cp007_beta_fear_incongruent_c0.nii.gz,7,fear,incongruent
-150.0772000902168,226.01550776345996,-327.1488152726054,275.67924022859336,-250.86717535528277,./emotion-fmri-neu/cp007_beta_fear_neutral_c0.nii.gz,7,fear,neutral
-184.0804309450613,277.75659311713,-251.1859008306116,282.48990427783264,-454.0342838245291,./emotion-fmri-neu/cp007_beta_disgust_congruent_c0.nii.gz,7,disgust,congruent
-77.99581365514265,48.55270852368859,-275.6703070295029,105.7287142720099,-47.32357882433768,./emotion-fmri-neu/cp007_beta_disgust_incongruent_c0.nii.gz,7,disgust,incongruent
129.95718352127182,-6.696739150465173,-279.202242519113,221.1332241975702,-126.86338199253957,./emotion-fmri-neu/cp007_beta_disgust_neutral_c0.nii.gz,7,disgust,neutral
-121.31372250625442,5.954636262990704,264.38251455128346,282.10187567797186,59.45272612634701,./emotion-fmri-neu/cp008_beta_anger_congruent_c0.nii.gz,8,anger,congruent
60.91028171094719,-54.48734179855113,-78.73652321077364,-216.5345573519714,-279.1353260618276,./emotion-fmri-neu/cp008_beta_anger_incongruent_c0.nii.gz,8,anger,incongruent
130.1062480197467,430.30953330236264,-247.45818688463893,382.7002812140084,-400.4594599256599,./emotion-fmri-neu/cp008_beta_anger_neutral_c0.nii.gz,8,anger,neutral
-39.28984578706326,-431.12444878264813,321.7475185698235,52.75444151402156,577.3580661258658,./emotion-fmri-neu/cp008_beta_fear_congruent_c0.nii.gz,8,fear,congruent
290.4555611367092,-81.52751971685113,-212.9869025520383,121.17296546671419,-15.058303261475313,./emotion-fmri-neu/cp008_beta_fear_incongruent_c0.nii.gz,8,fear,incongruent
250.28618738322058,-202.60811626145707,-0.7375851481667437,203.97226371387416,412.616266971472,./emotion-fmri-neu/cp008_beta_fear_neutral_c0.nii.gz,8,fear,neutral
-125.90555727185458,-496.04899336185343,449.39110899940624,-161.24237010337816,773.7644493933907,./emotion-fmri-neu/cp008_beta_disgust_congruent_c0.nii.gz,8,disgust,congruent
102.25926136913377,-284.0947239610225,212.90442935295144,-45.65672466785686,363.9853623418532,./emotion-fmri-neu/cp008_beta_disgust_incongruent_c0.nii.gz,8,disgust,incongruent
214.90694531632383,-242.48625397330716,-203.6271393438535,152.3603149872429,166.70184248320209,./emotion-fmri-neu/cp008_beta_disgust_neutral_c0.nii.gz,8,disgust,neutral
-234.80973540497524,106.09401312927777,280.9131586118528,-199.86552305037165,78.99103609411014,./emotion-fmri-neu/cp009_beta_anger_congruent_c0.nii.gz,9,anger,congruent
-142.5157718439611,28.481149540650986,272.6589535263683,-342.5780930732617,129.52184735766605,./emotion-fmri-neu/cp009_beta_anger_incongruent_c0.nii.gz,9,anger,incongruent
-201.8244448836801,-57.69414860238748,403.97847156872433,-426.6252166295851,384.26962809282156,./emotion-fmri-neu/cp009_beta_anger_neutral_c0.nii.gz,9,anger,neutral
-270.5508594689756,1.1118122551045113,418.4833956928232,-207.41551652594313,220.88014069868,./emotion-fmri-neu/cp009_beta_fear_congruent_c0.nii.gz,9,fear,congruent
-98.19966000980712,38.436146779050915,260.4472188873722,-194.73751595183222,255.06754039291027,./emotion-fmri-neu/cp009_beta_fear_incongruent_c0.nii.gz,9,fear,incongruent
-216.48422693110496,7.733436765687199,365.4165247835785,-195.9363460877567,393.24129172483276,./emotion-fmri-neu/cp009_beta_fear_neutral_c0.nii.gz,9,fear,neutral
-259.39802948291174,55.910909785438996,254.02642724060814,-180.56097646212362,97.00998436500667,./emotion-fmri-neu/cp009_beta_disgust_congruent_c0.nii.gz,9,disgust,congruent
-88.96781932165797,136.86880417266167,166.9858848454756,-282.07488549036907,75.71566024952921,./emotion-fmri-neu/cp009_beta_disgust_incongruent_c0.nii.gz,9,disgust,incongruent
-227.5955920572315,138.87622073415392,218.9377659881738,-282.71210259607454,347.6154965729872,./emotion-fmri-neu/cp009_beta_disgust_neutral_c0.nii.gz,9,disgust,neutral
45.91938670588004,-66.0312575266175,-74.10235966270896,-104.16706115057058,205.22065272383946,./emotion-fmri-neu/cp010_beta_anger_congruent_c0.nii.gz,10,anger,congruent
83.96230668625321,-62.94348451235435,42.870735408714964,-347.8418700132597,185.55686527583532,./emotion-fmri-neu/cp010_beta_anger_incongruent_c0.nii.gz,10,anger,incongruent
-55.35435583510768,-58.67624887006115,-101.91114138221972,-331.9586590787579,-50.748588925945334,./emotion-fmri-neu/cp010_beta_anger_neutral_c0.nii.gz,10,anger,neutral
30.350595381589617,-133.80317922158014,137.53675220917518,74.97918959949818,337.42200514503094,./emotion-fmri-neu/cp010_beta_fear_congruent_c0.nii.gz,10,fear,congruent
78.1445877289434,-154.66649127558932,-31.94555571813521,-202.2958096178581,156.24248235880478,./emotion-fmri-neu/cp010_beta_fear_incongruent_c0.nii.gz,10,fear,incongruent
54.30886037916434,-38.42846666351352,-79.52450321785044,-394.18722288207084,252.60375859439617,./emotion-fmri-neu/cp010_beta_fear_neutral_c0.nii.gz,10,fear,neutral
76.70185890233627,-43.00758305472062,-42.32405988983006,-128.63764157791493,323.7179486535356,./emotion-fmri-neu/cp010_beta_disgust_congruent_c0.nii.gz,10,disgust,congruent
40.583723677455666,-140.03793598515898,20.28510841800302,-331.100305241092,40.17866847264164,./emotion-fmri-neu/cp010_beta_disgust_incongruent_c0.nii.gz,10,disgust,incongruent
52.087270506146886,-8.801080530674264,-22.9878388458911,-473.86221356304026,430.92234002434014,./emotion-fmri-neu/cp010_beta_disgust_neutral_c0.nii.gz,10,disgust,neutral
28.66128380973468,1.702883982140338,241.5536119440291,-256.5315556511053,-178.40784765162547,./emotion-fmri-neu/cp011_beta_anger_congruent_c0.nii.gz,11,anger,congruent
82.98425730586605,227.4809994797937,-95.1417261916631,-109.54339894222234,-464.9254900384854,./emotion-fmri-neu/cp011_beta_anger_incongruent_c0.nii.gz,11,anger,incongruent
184.7173063159075,264.9946074237936,-101.35478810207513,-87.95411328369454,-368.3428929952328,./emotion-fmri-neu/cp011_beta_anger_neutral_c0.nii.gz,11,anger,neutral
77.89395530898632,344.4034790741568,-130.93872473770512,12.234392264902151,-546.3608766852841,./emotion-fmri-neu/cp011_beta_fear_congruent_c0.nii.gz,11,fear,congruent
58.30605510210284,170.47287273602205,-40.60881947169343,-181.05135519981474,-381.3104373188176,./emotion-fmri-neu/cp011_beta_fear_incongruent_c0.nii.gz,11,fear,incongruent
-303.2344979372684,164.41947338316288,-164.1982282621578,174.78626314235154,42.90672285973977,./emotion-fmri-neu/cp011_beta_fear_neutral_c0.nii.gz,11,fear,neutral
-66.47381736123981,266.1433136923678,-19.82972167321936,51.53060306532761,-525.5394518977212,./emotion-fmri-neu/cp011_beta_disgust_congruent_c0.nii.gz,11,disgust,congruent
33.72884496987299,98.07309373173739,38.3687871238016,-201.5719567057651,-372.11555772830684,./emotion-fmri-neu/cp011_beta_disgust_incongruent_c0.nii.gz,11,disgust,incongruent
-157.12518238360818,184.40130915147066,138.2163066950475,236.38915909175142,112.98343068761896,./emotion-fmri-neu/cp011_beta_disgust_neutral_c0.nii.gz,11,disgust,neutral
-150.06348395788805,302.0397826896031,-290.00489785651183,178.99740614627643,68.44074753987246,./emotion-fmri-neu/cp012_beta_anger_congruent_c0.nii.gz,12,anger,congruent
-69.14753037971386,-61.49396560229907,-23.770544175715745,165.2743502492938,388.73309586648094,./emotion-fmri-neu/cp012_beta_anger_incongruent_c0.nii.gz,12,anger,incongruent
-43.3840149922266,-178.92384799534761,-271.2281178463186,114.40615103420149,312.34173030578086,./emotion-fmri-neu/cp012_beta_anger_neutral_c0.nii.gz,12,anger,neutral
249.39069618975714,143.82565584182026,-425.93953320688786,60.200362316952365,9.387354085039412,./emotion-fmri-neu/cp012_beta_fear_congruent_c0.nii.gz,12,fear,congruent
-162.0618320691034,134.48247222752042,-214.10820392999386,120.0103765693116,-264.6872757764113,./emotion-fmri-neu/cp012_beta_fear_incongruent_c0.nii.gz,12,fear,incongruent
-13.896957009722788,-35.46119655945665,-187.26879932722966,16.26561473056717,565.2405473384192,./emotion-fmri-neu/cp012_beta_fear_neutral_c0.nii.gz,12,fear,neutral
-61.190169070694,111.63492866637952,-274.30973549963375,251.32891919837638,149.92602830921246,./emotion-fmri-neu/cp012_beta_disgust_congruent_c0.nii.gz,12,disgust,congruent
-56.268286396988024,120.16739771276215,124.27953522058174,117.75442082892312,383.88184729364383,./emotion-fmri-neu/cp012_beta_disgust_incongruent_c0.nii.gz,12,disgust,incongruent
309.9488632703409,68.72142031593718,-291.9314306170024,-38.649360743469664,-29.189895944459312,./emotion-fmri-neu/cp012_beta_disgust_neutral_c0.nii.gz,12,disgust,neutral
-336.06109141781985,-190.6577964630904,251.47343085705114,203.74490666660637,7.649409808359529,./emotion-fmri-neu/cp013_beta_anger_congruent_c0.nii.gz,13,anger,congruent
-222.67488736474797,-133.20786066301116,244.68233813545825,149.6407722129062,-241.74564831987274,./emotion-fmri-neu/cp013_beta_anger_incongruent_c0.nii.gz,13,anger,incongruent
-349.77324041694516,-294.3586741876486,474.88723585268855,101.90528812039665,86.61703817600021,./emotion-fmri-neu/cp013_beta_anger_neutral_c0.nii.gz,13,anger,neutral
-231.78949861016454,-61.71224899479296,175.56397158927302,250.18491211642163,-123.81952882441472,./emotion-fmri-neu/cp013_beta_fear_congruent_c0.nii.gz,13,fear,congruent
-205.35516844110555,-239.46737396063588,421.22777057116207,24.04719507578205,114.97896949125133,./emotion-fmri-neu/cp013_beta_fear_incongruent_c0.nii.gz,13,fear,incongruent
-30.368975690682674,-113.03801847067457,503.49350181302657,55.53558364528624,112.37421424125516,./emotion-fmri-neu/cp013_beta_fear_neutral_c0.nii.gz,13,fear,neutral
-203.51545120349545,-150.66694686782833,284.93066381331863,145.99427717560616,15.326044504280226,./emotion-fmri-neu/cp013_beta_disgust_congruent_c0.nii.gz,13,disgust,congruent
-241.93764010787712,-121.58019912402094,286.67966264643314,121.10283718801989,-202.86369450760017,./emotion-fmri-neu/cp013_beta_disgust_incongruent_c0.nii.gz,13,disgust,incongruent
-170.86964187307439,50.29135442328664,317.4384996882961,208.1756334761996,-213.95135468920373,./emotion-fmri-neu/cp013_beta_disgust_neutral_c0.nii.gz,13,disgust,neutral
-4.393274985033612,27.830164700107805,-30.620040119920137,343.4129809193805,-201.85756999784576,./emotion-fmri-neu/cp014_beta_anger_congruent_c0.nii.gz,14,anger,congruent
-94.02229391938917,19.92454290723973,-68.02322191420423,282.636719266593,-179.5932003676076,./emotion-fmri-neu/cp014_beta_anger_incongruent_c0.nii.gz,14,anger,incongruent
-55.13670497044479,-101.47461141666301,-120.16466296587146,424.370348050492,190.2834757748519,./emotion-fmri-neu/cp014_beta_anger_neutral_c0.nii.gz,14,anger,neutral
-71.15709682279493,-110.27593550327757,-65.70602466708289,281.4016968095832,97.05799894453418,./emotion-fmri-neu/cp014_beta_fear_congruent_c0.nii.gz,14,fear,congruent
-138.5525823628156,-77.2423743588577,-35.00730161858245,270.0287517968944,-166.15794375781954,./emotion-fmri-neu/cp014_beta_fear_incongruent_c0.nii.gz,14,fear,incongruent
-103.98656771829096,-43.08218642931832,-267.5889180476657,345.4997433039361,-99.77449774238131,./emotion-fmri-neu/cp014_beta_fear_neutral_c0.nii.gz,14,fear,neutral
-41.96071424540225,-34.92914940697469,-129.99985362561227,383.8633846816293,23.430149811362956,./emotion-fmri-neu/cp014_beta_disgust_congruent_c0.nii.gz,14,disgust,congruent
-96.8891861822198,-37.73138665336852,-100.66762719516909,261.66182434616985,-261.42755017196504,./emotion-fmri-neu/cp014_beta_disgust_incongruent_c0.nii.gz,14,disgust,incongruent
-73.89234899802686,-36.744468873132,-111.66327595766306,477.5364139057755,-75.6671971039636,./emotion-fmri-neu/cp014_beta_disgust_neutral_c0.nii.gz,14,disgust,neutral
102.99454102922996,39.749848944712504,-85.67107974463741,164.78179548261008,98.28090675358422,./emotion-fmri-neu/cp015_beta_anger_congruent_c0.nii.gz,15,anger,congruent
137.2827374875823,106.51057030648428,-97.33706413094343,150.01406795315486,-22.44344197422471,./emotion-fmri-neu/cp015_beta_anger_incongruent_c0.nii.gz,15,anger,incongruent
282.9479572408501,176.5587697077523,46.67113673481516,54.686451389832754,74.72379146000266,./emotion-fmri-neu/cp015_beta_anger_neutral_c0.nii.gz,15,anger,neutral
11.985633242147184,8.476452540292604,66.79923690846007,248.43942608180276,104.19331529015733,./emotion-fmri-neu/cp015_beta_fear_congruent_c0.nii.gz,15,fear,congruent
81.38598706515586,-23.962342579388242,62.123545635904605,102.96078651173852,140.5226573309757,./emotion-fmri-neu/cp015_beta_fear_incongruent_c0.nii.gz,15,fear,incongruent
229.69235347785528,58.538849833268216,43.4558384388331,277.7845631606762,184.43766793405695,./emotion-fmri-neu/cp015_beta_fear_neutral_c0.nii.gz,15,fear,neutral
152.21750864372916,20.686903736959533,-82.7069812374576,254.4309739904198,16.230651124554875,./emotion-fmri-neu/cp015_beta_disgust_congruent_c0.nii.gz,15,disgust,congruent
147.66082166195372,49.08883063613099,34.96610365909635,168.9168811649907,-58.37537530827534,./emotion-fmri-neu/cp015_beta_disgust_incongruent_c0.nii.gz,15,disgust,incongruent
231.92885996271838,120.22489641491613,-9.129013610526044,264.5255924650109,-42.16639467633495,./emotion-fmri-neu/cp015_beta_disgust_neutral_c0.nii.gz,15,disgust,neutral
118.8681220553915,202.72687978916744,-216.53513890099308,16.490593219226835,61.00302901616905,./emotion-fmri-neu/cp016_beta_anger_congruent_c0.nii.gz,16,anger,congruent
166.14603683372292,295.4366007688066,-207.0788553619532,46.32121922552504,-62.125258643125214,./emotion-fmri-neu/cp016_beta_anger_incongruent_c0.nii.gz,16,anger,incongruent
17.62960608932188,306.55377103785173,-236.36585861732885,99.6485824891416,152.41534641374045,./emotion-fmri-neu/cp016_beta_anger_neutral_c0.nii.gz,16,anger,neutral
97.82964582034107,350.31909597517256,-213.17584149464818,58.1967133364442,-16.430422539201707,./emotion-fmri-neu/cp016_beta_fear_congruent_c0.nii.gz,16,fear,congruent
83.96064489350218,207.21360474594618,-159.0592213333449,80.09430103558287,24.739834963997907,./emotion-fmri-neu/cp016_beta_fear_incongruent_c0.nii.gz,16,fear,incongruent
129.1826011764256,360.6794510022724,-240.54604674347064,186.78491527043153,106.9929359083447,./emotion-fmri-neu/cp016_beta_fear_neutral_c0.nii.gz,16,fear,neutral
-14.414972968902095,310.38578870205254,-321.5193836263726,161.0148777470071,-100.40165156451559,./emotion-fmri-neu/cp016_beta_disgust_congruent_c0.nii.gz,16,disgust,congruent
140.57213083060805,236.76976089379224,-227.76201953234747,82.86810685069634,-156.27460241110109,./emotion-fmri-neu/cp016_beta_disgust_incongruent_c0.nii.gz,16,disgust,incongruent
202.11259024633586,309.6279324373161,-201.50864897578762,186.8149305465621,28.324409865149153,./emotion-fmri-neu/cp016_beta_disgust_neutral_c0.nii.gz,16,disgust,neutral
81.08176934163369,-171.44645808280532,34.55072615417116,30.332931304894313,46.13629041220005,./emotion-fmri-neu/cp017_beta_anger_congruent_c0.nii.gz,17,anger,congruent
92.80847345135159,-223.74019517599135,131.299555271472,-2.6157239603506377,10.942094048429606,./emotion-fmri-neu/cp017_beta_anger_incongruent_c0.nii.gz,17,anger,incongruent
213.13655514994548,-220.45660657061765,-69.67118138476143,60.36315091647886,7.741024070936473,./emotion-fmri-neu/cp017_beta_anger_neutral_c0.nii.gz,17,anger,neutral
251.39157196247717,-81.95819501760525,87.55436703161318,-39.45463215719887,-12.847567431078854,./emotion-fmri-neu/cp017_beta_fear_congruent_c0.nii.gz,17,fear,congruent
140.29523184581694,-178.3777137136498,25.75759275052897,-28.741607887230842,-100.98090840671604,./emotion-fmri-neu/cp017_beta_fear_incongruent_c0.nii.gz,17,fear,incongruent
291.3931718001258,-237.39763332542714,16.187405147586915,108.81476475670387,49.033748729760276,./emotion-fmri-neu/cp017_beta_fear_neutral_c0.nii.gz,17,fear,neutral
231.06543420896747,-72.33840433322213,8.487506225225818,-46.31899021056995,-94.83246015463264,./emotion-fmri-neu/cp017_beta_disgust_congruent_c0.nii.gz,17,disgust,congruent
48.346006823704776,-261.43085343952094,102.91582898510018,10.910890892943799,-121.19822264739338,./emotion-fmri-neu/cp017_beta_disgust_incongruent_c0.nii.gz,17,disgust,incongruent
244.2934474908505,-204.75292025839502,-47.73141183831342,32.40985593695452,-72.31943696599063,./emotion-fmri-neu/cp017_beta_disgust_neutral_c0.nii.gz,17,disgust,neutral
-91.49157580226876,-318.9506320290989,-69.43200033531613,-241.0918279106072,2.500550128836383,./emotion-fmri-neu/cp018_beta_anger_congruent_c0.nii.gz,18,anger,congruent
-175.2997137045615,-502.78925076280314,-130.49322473751886,-148.8259529962933,-182.00801236999575,./emotion-fmri-neu/cp018_beta_anger_incongruent_c0.nii.gz,18,anger,incongruent
272.9855232578086,-466.9423940734528,-116.06327379317536,-311.51384768220254,-59.71100703287432,./emotion-fmri-neu/cp018_beta_anger_neutral_c0.nii.gz,18,anger,neutral
-132.28343567556522,-327.27747589549796,-162.1308362531593,-156.37109074564466,-138.72527151494253,./emotion-fmri-neu/cp018_beta_fear_congruent_c0.nii.gz,18,fear,congruent
-100.18773026131434,-484.70112342799194,-185.9214574311934,-231.85139385216803,-319.2089498704812,./emotion-fmri-neu/cp018_beta_fear_incongruent_c0.nii.gz,18,fear,incongruent
68.39597771463497,-574.0220267501795,-47.35576028313711,-241.70421591058715,-58.51075914856617,./emotion-fmri-neu/cp018_beta_fear_neutral_c0.nii.gz,18,fear,neutral
-159.5202833168968,-558.7396722835801,54.132703602126355,-169.3533151538674,67.32117973913869,./emotion-fmri-neu/cp018_beta_disgust_congruent_c0.nii.gz,18,disgust,congruent
-217.23426413007897,-514.5104499944166,-111.446093509615,-176.10237347314288,-297.23102382221066,./emotion-fmri-neu/cp018_beta_disgust_incongruent_c0.nii.gz,18,disgust,incongruent
62.82407181293525,-617.7327913532858,-144.77794450172357,-157.22681813533143,80.69178976047249,./emotion-fmri-neu/cp018_beta_disgust_neutral_c0.nii.gz,18,disgust,neutral
-4.778029606491009,238.34739934248398,-117.1576765665986,-112.87892193095796,56.961172342903126,./emotion-fmri-neu/cp019_beta_anger_congruent_c0.nii.gz,19,anger,congruent
-4.696728143290312,181.24893077307402,14.821729913517272,-182.88298926342185,12.139350382015493,./emotion-fmri-neu/cp019_beta_anger_incongruent_c0.nii.gz,19,anger,incongruent
88.30510512217688,206.0589243871139,-63.31492985332981,-179.32479351768907,-47.75409594457355,./emotion-fmri-neu/cp019_beta_anger_neutral_c0.nii.gz,19,anger,neutral
15.21210864183723,211.29098306546712,-11.61369020837691,-180.16140461777482,157.06706670990624,./emotion-fmri-neu/cp019_beta_fear_congruent_c0.nii.gz,19,fear,congruent
3.4035544083481044,114.82655711065696,-99.82670285602448,-110.14684751959243,-47.34416270641818,./emotion-fmri-neu/cp019_beta_fear_incongruent_c0.nii.gz,19,fear,incongruent
140.84151624469865,257.18238318185274,-54.16928585561804,-206.8063485562394,73.73098539706349,./emotion-fmri-neu/cp019_beta_fear_neutral_c0.nii.gz,19,fear,neutral
-38.84750075988838,164.1787263748155,-85.43153600117134,-131.624206191991,164.38528919231882,./emotion-fmri-neu/cp019_beta_disgust_congruent_c0.nii.gz,19,disgust,congruent
9.962213746089718,125.09041455870356,-147.92948736277933,-134.34344264878052,-62.306265971900146,./emotion-fmri-neu/cp019_beta_disgust_incongruent_c0.nii.gz,19,disgust,incongruent
134.15828247003688,125.50542568824464,-116.69626273537897,-245.97651553966145,-43.64967838950278,./emotion-fmri-neu/cp019_beta_disgust_neutral_c0.nii.gz,19,disgust,neutral
-38.01788699067603,62.06597779365064,658.7756018396927,87.16404545276143,277.0713502381963,./emotion-fmri-neu/cp020_beta_anger_congruent_c0.nii.gz,20,anger,congruent
542.3364079574152,71.23868961519817,70.24345774233933,-240.9584138535,144.54543228141165,./emotion-fmri-neu/cp020_beta_anger_incongruent_c0.nii.gz,20,anger,incongruent
825.0342768017996,318.34003786291834,-681.6002060478239,5.841109810718287,-926.9982107823445,./emotion-fmri-neu/cp020_beta_anger_neutral_c0.nii.gz,20,anger,neutral
310.4081094593667,-298.70770946155204,655.6080654797528,-417.68241237878146,719.415538758668,./emotion-fmri-neu/cp020_beta_fear_congruent_c0.nii.gz,20,fear,congruent
-57.0791018051484,493.8613690574366,574.794962336338,-192.93947769961923,-750.0535829865797,./emotion-fmri-neu/cp020_beta_fear_incongruent_c0.nii.gz,20,fear,incongruent
561.3907747342786,164.02176780019647,-526.9440022980962,884.0040904133351,-196.0660873900362,./emotion-fmri-neu/cp020_beta_fear_neutral_c0.nii.gz,20,fear,neutral
535.2037053098376,331.23001253706866,402.6007350702434,31.134672878381256,-238.20903811727516,./emotion-fmri-neu/cp020_beta_disgust_congruent_c0.nii.gz,20,disgust,congruent
460.3262265377678,300.2496314220456,-475.42494198037434,-206.32999074116594,-118.81760841243243,./emotion-fmri-neu/cp020_beta_disgust_incongruent_c0.nii.gz,20,disgust,incongruent
586.8051879148023,2.144100604436143,243.598988965671,-77.06100721304989,622.9309864532667,./emotion-fmri-neu/cp020_beta_disgust_neutral_c0.nii.gz,20,disgust,neutral
-21.01557991283109,39.79957547073516,-29.34335767173675,173.03335889132973,-440.4539976386693,./emotion-fmri-neu/cp021_beta_anger_congruent_c0.nii.gz,21,anger,congruent
-61.18205699287025,-147.81633106963812,43.51990889421352,100.59237186078843,-465.9927676086178,./emotion-fmri-neu/cp021_beta_anger_incongruent_c0.nii.gz,21,anger,incongruent
269.33095116746307,47.92491296734013,-66.1608710121845,35.44575431784933,-440.80622553109794,./emotion-fmri-neu/cp021_beta_anger_neutral_c0.nii.gz,21,anger,neutral
-43.23820279151411,-4.5443595566993515,213.95511500385228,274.2204858921877,-187.88209638168888,./emotion-fmri-neu/cp021_beta_fear_congruent_c0.nii.gz,21,fear,congruent
-96.88182567510738,-130.2594614148793,140.3208098306546,18.58887890468559,-451.7615582546772,./emotion-fmri-neu/cp021_beta_fear_incongruent_c0.nii.gz,21,fear,incongruent
69.55831991484347,-108.02510399343153,225.82606493340958,148.1657359925197,-330.3926226565431,./emotion-fmri-neu/cp021_beta_fear_neutral_c0.nii.gz,21,fear,neutral
-100.2476497419343,-31.909211586762563,263.50800515415705,-47.03335674638736,-296.47258396649545,./emotion-fmri-neu/cp021_beta_disgust_congruent_c0.nii.gz,21,disgust,congruent
-151.0948532320969,-198.18242792886525,2.2429679229888397,60.540046094420376,-449.68541592246515,./emotion-fmri-neu/cp021_beta_disgust_incongruent_c0.nii.gz,21,disgust,incongruent
85.13482009052228,31.43644117049484,-188.30991443491007,147.21518778918693,-501.8283801037231,./emotion-fmri-neu/cp021_beta_disgust_neutral_c0.nii.gz,21,disgust,neutral
-251.20021366189306,-253.22540126919702,-57.412615329114864,136.31345895008772,584.037247521539,./emotion-fmri-neu/cp022_beta_anger_congruent_c0.nii.gz,22,anger,congruent
-182.8692365295057,-71.149135088348,-215.21595594311884,-49.952487294864575,38.03699726230546,./emotion-fmri-neu/cp022_beta_anger_incongruent_c0.nii.gz,22,anger,incongruent
-118.24241375375273,-146.94579434842402,-17.021330081141855,-234.07939261756715,316.5088978226489,./emotion-fmri-neu/cp022_beta_anger_neutral_c0.nii.gz,22,anger,neutral
-257.10976721874107,135.13751056463866,1.3329643826664224,301.9199556132912,205.69996241312134,./emotion-fmri-neu/cp022_beta_fear_congruent_c0.nii.gz,22,fear,congruent
-209.1579932424116,-249.94326737569656,30.246969016257722,-114.82514650986552,293.428411833162,./emotion-fmri-neu/cp022_beta_fear_incongruent_c0.nii.gz,22,fear,incongruent
-286.44517289068534,-137.18364659775483,35.409072026633766,-87.34468444569015,416.3834714417034,./emotion-fmri-neu/cp022_beta_fear_neutral_c0.nii.gz,22,fear,neutral
111.59022790109535,52.389885143002,-36.66395045540697,72.42460066874413,377.4534663862425,./emotion-fmri-neu/cp022_beta_disgust_congruent_c0.nii.gz,22,disgust,congruent
-221.66687557722727,-195.0839734227432,0.9871850255783692,-43.23423849122831,300.24769163722783,./emotion-fmri-neu/cp022_beta_disgust_incongruent_c0.nii.gz,22,disgust,incongruent
-218.10943958224797,99.90177484978716,-104.59989293734698,-103.14279068899967,286.08768375192494,./emotion-fmri-neu/cp022_beta_disgust_neutral_c0.nii.gz,22,disgust,neutral
-198.42745087246732,78.27535785654807,-78.94275812835843,102.12403851764503,177.87023787197288,./emotion-fmri-neu/cp023_beta_anger_congruent_c0.nii.gz,23,anger,congruent
-61.99585694867722,-89.99629243065185,-177.45161238041226,-16.823639028638894,190.29969255427258,./emotion-fmri-neu/cp023_beta_anger_incongruent_c0.nii.gz,23,anger,incongruent
32.752702369794946,-190.18601010132738,-40.722080548527025,174.09690959236588,350.0337302987698,./emotion-fmri-neu/cp023_beta_anger_neutral_c0.nii.gz,23,anger,neutral
-90.16394569035178,134.2252309738836,-34.17963888011353,117.03158368356087,258.02984524834966,./emotion-fmri-neu/cp023_beta_fear_congruent_c0.nii.gz,23,fear,congruent
-178.98299783725352,-31.563099056345557,41.84464069777351,145.57056282831294,226.87536120580097,./emotion-fmri-neu/cp023_beta_fear_incongruent_c0.nii.gz,23,fear,incongruent
-337.8555472252643,-46.11302845622163,17.503521810975993,222.85664657606654,215.3725804316826,./emotion-fmri-neu/cp023_beta_fear_neutral_c0.nii.gz,23,fear,neutral
-249.43536781800267,38.582376777383516,106.3028007100098,68.63529818241442,265.20186897619845,./emotion-fmri-neu/cp023_beta_disgust_congruent_c0.nii.gz,23,disgust,congruent
-129.78415913103962,-95.94109389001751,-162.0284201495915,-76.19106159112138,159.96325599538417,./emotion-fmri-neu/cp023_beta_disgust_incongruent_c0.nii.gz,23,disgust,incongruent
35.15052358712629,69.10641277387401,-252.04726737001033,-11.4245709228745,216.74295441340684,./emotion-fmri-neu/cp023_beta_disgust_neutral_c0.nii.gz,23,disgust,neutral
-66.68738470182707,-271.9637241171698,92.20018066442509,113.40899728601752,-29.677892323089782,./emotion-fmri-neu/cp024_beta_anger_congruent_c0.nii.gz,24,anger,congruent
100.5004556401477,-251.6618563422816,44.495378505338444,-23.70309960058518,-272.8856186029654,./emotion-fmri-neu/cp024_beta_anger_incongruent_c0.nii.gz,24,anger,incongruent
-302.03656253976925,-212.73563409023453,127.84228523966026,-122.13213086821187,-202.35902718456148,./emotion-fmri-neu/cp024_beta_anger_neutral_c0.nii.gz,24,anger,neutral
-57.37673387576882,-353.0832708563959,171.56635069282584,163.46176652741562,59.450605547809296,./emotion-fmri-neu/cp024_beta_fear_congruent_c0.nii.gz,24,fear,congruent
2.537142666555112,-286.04336883224306,78.76996768262687,-12.226266202793806,-248.93158573086075,./emotion-fmri-neu/cp024_beta_fear_incongruent_c0.nii.gz,24,fear,incongruent
269.23631456763155,-106.77128989998944,17.723461580449186,-97.25919225766854,-373.49848070447763,./emotion-fmri-neu/cp024_beta_fear_neutral_c0.nii.gz,24,fear,neutral
25.917545637806263,-304.9316072794278,256.95007017652955,-59.796920793637376,-124.60907304004694,./emotion-fmri-neu/cp024_beta_disgust_congruent_c0.nii.gz,24,disgust,congruent
129.6898593109375,-219.72494720045458,-176.7353881542356,81.47215231191339,-412.1077677815804,./emotion-fmri-neu/cp024_beta_disgust_incongruent_c0.nii.gz,24,disgust,incongruent
28.815869475479097,-492.5406452924052,352.6806242552491,-14.918675097151722,223.23345110977112,./emotion-fmri-neu/cp024_beta_disgust_neutral_c0.nii.gz,24,disgust,neutral
-197.4628429629946,-195.77355288143997,-110.10931599050672,75.22751944834822,159.64086160801304,./emotion-fmri-neu/cp025_beta_anger_congruent_c0.nii.gz,25,anger,congruent
-304.5706130515983,-217.5320927241753,-34.692447242122846,65.16553910509218,-78.52544832650678,./emotion-fmri-neu/cp025_beta_anger_incongruent_c0.nii.gz,25,anger,incongruent
-506.01360870799897,-177.7488831464148,-306.77165584786576,54.150384739114,-83.0242796859397,./emotion-fmri-neu/cp025_beta_anger_neutral_c0.nii.gz,25,anger,neutral
-337.44007760632235,-201.35125523558239,-94.9648645334063,217.89577878865185,83.9332582074004,./emotion-fmri-neu/cp025_beta_fear_congruent_c0.nii.gz,25,fear,congruent
-278.62792861256787,-312.57581938690237,-62.76084267922313,130.27292456827027,-51.55024392193708,./emotion-fmri-neu/cp025_beta_fear_incongruent_c0.nii.gz,25,fear,incongruent
262.7543223465355,38.01009224948698,486.38760738356865,-65.3843523404904,-172.03475671214275,./emotion-fmri-neu/cp025_beta_fear_neutral_c0.nii.gz,25,fear,neutral
-205.0781478006525,-232.9564105969907,96.06283499210765,212.5205035429309,292.76514387321515,./emotion-fmri-neu/cp025_beta_disgust_congruent_c0.nii.gz,25,disgust,congruent
-318.4888864617674,-266.82235063478953,4.297720971776333,-40.690580757101095,-6.140493506751159,./emotion-fmri-neu/cp025_beta_disgust_incongruent_c0.nii.gz,25,disgust,incongruent
104.83469308891027,-179.98017534727057,-277.72242472263207,-366.1065879605005,-31.4016895761937,./emotion-fmri-neu/cp025_beta_disgust_neutral_c0.nii.gz,25,disgust,neutral
-287.7995487314748,150.50639323555166,-40.185189253725085,-7.506409368048397,-191.6793634329622,./emotion-fmri-neu/cp026_beta_anger_congruent_c0.nii.gz,26,anger,congruent
-240.80664873526192,156.05701862297994,78.84611188788811,22.795802204662326,-162.5389407570384,./emotion-fmri-neu/cp026_beta_anger_incongruent_c0.nii.gz,26,anger,incongruent
-331.72958450212207,273.40643135648804,18.557813269983065,7.207302541551568,-37.496913367511986,./emotion-fmri-neu/cp026_beta_anger_neutral_c0.nii.gz,26,anger,neutral
-203.03311053856098,184.11646103977085,-1.4903020886259837,-138.87910308586947,-83.36114577606831,./emotion-fmri-neu/cp026_beta_fear_congruent_c0.nii.gz,26,fear,congruent
-295.9414168297752,85.14605435467072,79.09304393425926,11.006095490182156,-80.18310039397548,./emotion-fmri-neu/cp026_beta_fear_incongruent_c0.nii.gz,26,fear,incongruent
-204.24878468489118,309.8105595997549,33.34314488720908,-141.6915131456762,173.85526642703712,./emotion-fmri-neu/cp026_beta_fear_neutral_c0.nii.gz,26,fear,neutral
-296.1307153815176,182.98757841395476,114.6469073736878,135.45450055793995,-179.2135558681633,./emotion-fmri-neu/cp026_beta_disgust_congruent_c0.nii.gz,26,disgust,congruent
-232.91787935037604,102.33887483376178,55.56831766510919,-40.467831801478425,-217.96147575644022,./emotion-fmri-neu/cp026_beta_disgust_incongruent_c0.nii.gz,26,disgust,incongruent
-247.1076124421862,319.222835586269,67.4499853808833,-24.479816710228334,-61.66232584390498,./emotion-fmri-neu/cp026_beta_disgust_neutral_c0.nii.gz,26,disgust,neutral
80.73339501805027,31.100185911545037,184.716506464239,-8.73050305691559,197.48087806461444,./emotion-fmri-neu/cp027_beta_anger_congruent_c0.nii.gz,27,anger,congruent
168.8748847707917,124.74543107358407,184.47973662100736,-56.13086375312483,87.27608988136697,./emotion-fmri-neu/cp027_beta_anger_incongruent_c0.nii.gz,27,anger,incongruent
199.75498883706274,259.5215652201473,285.91712022072517,-46.54643563150572,266.2943414681258,./emotion-fmri-neu/cp027_beta_anger_neutral_c0.nii.gz,27,anger,neutral
8.864491711030665,264.93189445604855,132.8378448554216,129.42476137518412,188.5605734776139,./emotion-fmri-neu/cp027_beta_fear_congruent_c0.nii.gz,27,fear,congruent
227.12234466308956,130.55886529435412,83.24552266364434,-14.948148220399428,-20.351337798807997,./emotion-fmri-neu/cp027_beta_fear_incongruent_c0.nii.gz,27,fear,incongruent
178.90814266767498,133.84250993104752,196.3976491862317,-71.28584179959037,253.16903756361992,./emotion-fmri-neu/cp027_beta_fear_neutral_c0.nii.gz,27,fear,neutral
141.02489914323803,194.28563404578,136.96169042793485,76.49753536176087,150.41045099196498,./emotion-fmri-neu/cp027_beta_disgust_congruent_c0.nii.gz,27,disgust,congruent
128.22919039689023,74.42689019099957,233.5904976769098,-3.0497017190637727,-77.99737795936632,./emotion-fmri-neu/cp027_beta_disgust_incongruent_c0.nii.gz,27,disgust,incongruent
199.09811047284313,249.5093903681446,180.96748798464557,-183.8282995813895,257.24033308881826,./emotion-fmri-neu/cp027_beta_disgust_neutral_c0.nii.gz,27,disgust,neutral
38.614176984326775,-371.19300317689175,-121.2346333437471,-8.015059638143054,114.35969267849387,./emotion-fmri-neu/cp028_beta_anger_congruent_c0.nii.gz,28,anger,congruent
-21.493497181913114,-184.64817848385667,-253.09542712260878,-45.79002379632988,-119.89546706756192,./emotion-fmri-neu/cp028_beta_anger_incongruent_c0.nii.gz,28,anger,incongruent
63.96860778401311,-101.6739728701397,-365.9386591977005,-75.29733835072608,-251.986973851168,./emotion-fmri-neu/cp028_beta_anger_neutral_c0.nii.gz,28,anger,neutral
12.381951204909637,-439.2196750146927,122.64421417648443,-201.93639302602904,266.65185203687787,./emotion-fmri-neu/cp028_beta_fear_congruent_c0.nii.gz,28,fear,congruent
-43.18029037649557,-151.2223266092104,-357.2010704842246,65.86490916969137,-281.4032836227842,./emotion-fmri-neu/cp028_beta_fear_incongruent_c0.nii.gz,28,fear,incongruent
-34.792159321731596,-80.2134958756906,-480.8012347151417,-46.977896439689346,-58.38778417646554,./emotion-fmri-neu/cp028_beta_fear_neutral_c0.nii.gz,28,fear,neutral
-127.56081044001937,-376.3325903986341,-185.75113854588622,238.54052763392343,70.94059022177984,./emotion-fmri-neu/cp028_beta_disgust_congruent_c0.nii.gz,28,disgust,congruent
-121.44331391704212,-38.771934871728476,-473.0613128736576,69.16722541805416,-445.35564078642955,./emotion-fmri-neu/cp028_beta_disgust_incongruent_c0.nii.gz,28,disgust,incongruent
-10.930354140488737,-78.76345462443328,-388.15808444620257,-93.94257388511011,-200.06263893560686,./emotion-fmri-neu/cp028_beta_disgust_neutral_c0.nii.gz,28,disgust,neutral
-255.4287856247164,191.05022641126232,34.56258592911746,-97.6387586170055,43.75232078751899,./emotion-fmri-neu/cp029_beta_anger_congruent_c0.nii.gz,29,anger,congruent
9.2692952982236,-77.01433603698645,324.81434539413283,-169.36380808301269,-25.238384124899934,./emotion-fmri-neu/cp029_beta_anger_incongruent_c0.nii.gz,29,anger,incongruent
73.26016273940512,-280.64024126930406,452.26244695831815,-268.7435747565943,342.9582804683133,./emotion-fmri-neu/cp029_beta_anger_neutral_c0.nii.gz,29,anger,neutral
-93.70377201456903,150.97132975434863,187.81221118762804,-107.49147037474788,-142.06535156048636,./emotion-fmri-neu/cp029_beta_fear_congruent_c0.nii.gz,29,fear,congruent
-124.3282166337634,-222.01836931513574,275.09689463553957,-160.89436112265204,-24.63220138736647,./emotion-fmri-neu/cp029_beta_fear_incongruent_c0.nii.gz,29,fear,incongruent
100.56709499203072,112.09532864818627,271.9188083940582,-236.70683520864551,10.620277405844526,./emotion-fmri-neu/cp029_beta_fear_neutral_c0.nii.gz,29,fear,neutral
-126.70357104001252,169.42230033896277,160.79088004875632,-173.63317793195242,-101.9869796407945,./emotion-fmri-neu/cp029_beta_disgust_congruent_c0.nii.gz,29,disgust,congruent
-54.786127926765246,-224.49330236015746,291.7309168531852,-197.18729455267265,17.231496877124524,./emotion-fmri-neu/cp029_beta_disgust_incongruent_c0.nii.gz,29,disgust,incongruent
158.04295966997714,-96.29649794512159,212.17515131250005,-394.0505090019672,114.84608821892628,./emotion-fmri-neu/cp029_beta_disgust_neutral_c0.nii.gz,29,disgust,neutral
-377.357192656932,-83.14992666450107,-214.93051900615384,-312.79339174020544,151.73789168107854,./emotion-fmri-neu/cp030_beta_anger_congruent_c0.nii.gz,30,anger,congruent
-231.05153391422897,52.3180508825737,-369.2055557617251,-140.070971487356,-19.15455366206126,./emotion-fmri-neu/cp030_beta_anger_incongruent_c0.nii.gz,30,anger,incongruent
82.27885606474688,-189.97021690006335,450.6271650243124,-504.5674003184717,-2.5777871278747995,./emotion-fmri-neu/cp030_beta_anger_neutral_c0.nii.gz,30,anger,neutral
-300.66225317687815,261.51012756203096,-403.3760411520065,-59.11099243946623,-287.9622887134962,./emotion-fmri-neu/cp030_beta_fear_congruent_c0.nii.gz,30,fear,congruent
-143.82544660334221,169.72345477217578,-504.12183032498234,-152.84905703176335,-296.844130793641,./emotion-fmri-neu/cp030_beta_fear_incongruent_c0.nii.gz,30,fear,incongruent
14.564908327529066,359.09697974825343,-499.05844973478776,-241.4100509788696,62.244943019913855,./emotion-fmri-neu/cp030_beta_fear_neutral_c0.nii.gz,30,fear,neutral
-151.64107247213545,272.83804371924066,-429.33618910534426,-161.72980989509836,-201.6186264145567,./emotion-fmri-neu/cp030_beta_disgust_congruent_c0.nii.gz,30,disgust,congruent
-246.98641832070652,66.84752206709662,-297.27545305528963,-255.03401637043297,-212.04567969600907,./emotion-fmri-neu/cp030_beta_disgust_incongruent_c0.nii.gz,30,disgust,incongruent
-182.95466070600105,86.30651184173955,-177.56950168680774,-196.83947090596098,434.86268610743497,./emotion-fmri-neu/cp030_beta_disgust_neutral_c0.nii.gz,30,disgust,neutral
