feature,congruent_coefs,incongruent_coefs,neutral_coefs,method
Frontal Pole,0.1637098880990749,-0.1995945986748378,0.0358847105757618,Harvard_Oxford cort 0 x 1
Insular Cortex,0.5145384162854746,0.1316871996993507,-0.6462256159848156,Harvard_Oxford cort 0 x 1
Superior Frontal Gyrus,0.1252738268252632,-0.3559294497376483,0.2306556229123836,Harvard_Oxford cort 0 x 1
Middle Frontal Gyrus,-0.3093872512166269,0.061945223622841,0.2474420275937839,Harvard_Oxford cort 0 x 1
"Inferior Frontal Gyrus, pars triangularis",-0.1887103384782985,-0.1803032823248715,0.3690136208031644,Harvard_Oxford cort 0 x 1
"Inferior Frontal Gyrus, pars opercularis",-0.4018528693231961,0.6619070761543305,-0.2600542068311345,Harvard_Oxford cort 0 x 1
Precentral Gyrus,0.3245970669716663,-0.0492651421643994,-0.2753319248072799,Harvard_Oxford cort 0 x 1
Temporal Pole,-0.4111441564115801,-0.0306712214901688,0.4418153779017516,Harvard_Oxford cort 0 x 1
"Superior Temporal Gyrus, anterior division",-0.6997921086198027,0.3913451884122318,0.3084469202075737,Harvard_Oxford cort 0 x 1
"Superior Temporal Gyrus, posterior division",-0.1700741819337316,0.5331997461486819,-0.3631255642149522,Harvard_Oxford cort 0 x 1
"Middle Temporal Gyrus, anterior division",-0.471695701653,0.0885755727892098,0.3831201288637919,Harvard_Oxford cort 0 x 1
"Middle Temporal Gyrus, posterior division",0.6837787825289621,-0.3875302261083854,-0.2962485564205682,Harvard_Oxford cort 0 x 1
"Middle Temporal Gyrus, temporooccipital part",-0.5384573580454898,-0.7984381449415925,1.336895502987075,Harvard_Oxford cort 0 x 1
"Inferior Temporal Gyrus, anterior division",-0.0377249617480106,0.1475519659398863,-0.1098270041918769,Harvard_Oxford cort 0 x 1
"Inferior Temporal Gyrus, posterior division",0.2804341374569491,-0.2776883283769789,-0.0027458090799708,Harvard_Oxford cort 0 x 1
"Inferior Temporal Gyrus, temporooccipital part",0.6454936025450763,0.4483743422865706,-1.0938679448316475,Harvard_Oxford cort 0 x 1
Postcentral Gyrus,0.2213021511885246,-0.3850109643653007,0.1637088131767768,Harvard_Oxford cort 0 x 1
Superior Parietal Lobule,0.2031959044335172,-0.3057359863052169,0.1025400818716949,Harvard_Oxford cort 0 x 1
"Supramarginal Gyrus, anterior division",0.3308496531199523,0.0382940987032744,-0.3691437518232264,Harvard_Oxford cort 0 x 1
"Supramarginal Gyrus, posterior division",-0.1272920834611976,-0.0908211175796499,0.2181132010408413,Harvard_Oxford cort 0 x 1
Angular Gyrus,0.234522043679751,-0.4668962871327405,0.2323742434529894,Harvard_Oxford cort 0 x 1
"Lateral Occipital Cortex, superior division",-0.5066645172495943,0.4131215093529954,0.0935430078965942,Harvard_Oxford cort 0 x 1
"Lateral Occipital Cortex, inferior division",0.2189044221822079,-1.0700022992945342,0.8510978771123249,Harvard_Oxford cort 0 x 1
Intracalcarine Cortex,-0.1719041587096087,0.361292945858106,-0.1893887871484979,Harvard_Oxford cort 0 x 1
Frontal Medial Cortex,-0.0025355672928829,-0.1615214961377189,0.1640570634306045,Harvard_Oxford cort 0 x 1
Juxtapositional Lobule Cortex (formerly Supplementary Motor Cortex),-0.3876270370954805,-0.0509692735424264,0.4385963106379051,Harvard_Oxford cort 0 x 1
Subcallosal Cortex,-0.0089505881805756,-0.1771587750290422,0.1861093632096175,Harvard_Oxford cort 0 x 1
Paracingulate Gyrus,0.1047847026363603,-0.5203197840450053,0.4155350814086408,Harvard_Oxford cort 0 x 1
"Cingulate Gyrus, anterior division",0.0221528821213415,0.6619256079576488,-0.6840784900789867,Harvard_Oxford cort 0 x 1
"Cingulate Gyrus, posterior division",-0.0217991798518106,0.2542718690099011,-0.2324726891580931,Harvard_Oxford cort 0 x 1
Precuneous Cortex,-0.2841197908263344,-0.1376882978327574,0.4218080886590912,Harvard_Oxford cort 0 x 1
Cuneal Cortex,0.3379607220202961,-0.0156733162714892,-0.3222874057488131,Harvard_Oxford cort 0 x 1
Frontal Orbital Cortex,-0.0851852449794948,0.3770838475466699,-0.291898602567178,Harvard_Oxford cort 0 x 1
"Parahippocampal Gyrus, anterior division",0.4325085007621734,0.0508466326413182,-0.4833551334034824,Harvard_Oxford cort 0 x 1
"Parahippocampal Gyrus, posterior division",0.1790625218249201,-0.529987864926698,0.3509253431017734,Harvard_Oxford cort 0 x 1
Lingual Gyrus,-0.4255660518964246,0.2307374513934272,0.1948286005029998,Harvard_Oxford cort 0 x 1
"Temporal Fusiform Cortex, anterior division",-0.3234234114735772,0.6234111382965632,-0.2999877268229864,Harvard_Oxford cort 0 x 1
"Temporal Fusiform Cortex, posterior division",-0.0614097806724691,0.03905023597754,0.0223595446949291,Harvard_Oxford cort 0 x 1
Temporal Occipital Fusiform Cortex,-0.2059734589220372,0.1313354962103751,0.0746379627116601,Harvard_Oxford cort 0 x 1
Occipital Fusiform Gyrus,0.4970293412484889,0.2223203081145686,-0.7193496493630568,Harvard_Oxford cort 0 x 1
Frontal Operculum Cortex,-0.5749949677474122,0.2074820643641328,0.3675129033832722,Harvard_Oxford cort 0 x 1
Central Opercular Cortex,0.4282019102399027,-0.456880108399433,0.0286781981595312,Harvard_Oxford cort 0 x 1
Parietal Operculum Cortex,0.4807268452383657,-0.0550429038984383,-0.4256839413399335,Harvard_Oxford cort 0 x 1
Planum Polare,0.6258584322427597,-0.0903721427494015,-0.5354862894933552,Harvard_Oxford cort 0 x 1
Heschl's Gyrus (includes H1 and H2),-0.2120623309074428,0.1828611445063764,0.0292011864010638,Harvard_Oxford cort 0 x 1
Planum Temporale,0.0602326717385984,-0.0203479516134881,-0.0398847201251009,Harvard_Oxford cort 0 x 1
Supracalcarine Cortex,-0.1946027168719092,-0.1807937812456432,0.3753964981175498,Harvard_Oxford cort 0 x 1
Occipital Pole,-0.232899796158567,0.4162020812227844,-0.1833022850642226,Harvard_Oxford cort 0 x 1
subject,0.0143876560945142,-0.03371892956099,0.0193312734664707,Harvard_Oxford cort 0 x 1
Left Frontal Pole,0.1075200725325685,-0.1882170032741683,0.0806969307415998,Harvard_Oxford cortl 0 x 1
Right Frontal Pole,0.1106787633780915,0.064968749291582,-0.1756475126696728,Harvard_Oxford cortl 0 x 1
Left Insular Cortex,0.1598459348365843,0.1189725652233136,-0.2788185000599008,Harvard_Oxford cortl 0 x 1
Right Insular Cortex,0.3190437224231767,-0.0467371085635002,-0.2723066138596732,Harvard_Oxford cortl 0 x 1
Left Superior Frontal Gyrus,0.2521716399710989,-0.3766666719569618,0.1244950319858649,Harvard_Oxford cortl 0 x 1
Right Superior Frontal Gyrus,0.0449607697723629,-0.1995497350427918,0.1545889652704238,Harvard_Oxford cortl 0 x 1
Left Middle Frontal Gyrus,-0.0669742139801712,0.002311842655633,0.0646623713245389,Harvard_Oxford cortl 0 x 1
Right Middle Frontal Gyrus,-0.3629260912192653,0.1846641723714054,0.1782619188478635,Harvard_Oxford cortl 0 x 1
"Left Inferior Frontal Gyrus, pars triangularis",-0.1409213504901047,0.0064679256080866,0.1344534248820208,Harvard_Oxford cortl 0 x 1
"Right Inferior Frontal Gyrus, pars triangularis",-0.2525725789554193,-0.0165797141224183,0.2691522930778361,Harvard_Oxford cortl 0 x 1
"Left Inferior Frontal Gyrus, pars opercularis",-0.1369143369496073,0.2365926012984553,-0.0996782643488496,Harvard_Oxford cortl 0 x 1
"Right Inferior Frontal Gyrus, pars opercularis",-0.2621651494724225,0.4614276321573278,-0.1992624826849053,Harvard_Oxford cortl 0 x 1
Left Precentral Gyrus,-0.0588218275604281,-0.0556976273538847,0.1145194549143127,Harvard_Oxford cortl 0 x 1
Right Precentral Gyrus,0.2548203375781988,-0.0698566351319533,-0.1849637024462448,Harvard_Oxford cortl 0 x 1
Left Temporal Pole,-0.1928629549053246,-0.0386492841339834,0.231512239039308,Harvard_Oxford cortl 0 x 1
Right Temporal Pole,-0.1847722420101311,0.0338707152832335,0.1509015267268986,Harvard_Oxford cortl 0 x 1
"Left Superior Temporal Gyrus, anterior division",-0.0398080414957159,0.1817424173621625,-0.1419343758664482,Harvard_Oxford cortl 0 x 1
"Right Superior Temporal Gyrus, anterior division",-0.5021853260969066,0.1409547251857392,0.3612306009111645,Harvard_Oxford cortl 0 x 1
"Left Superior Temporal Gyrus, posterior division",-0.0585865750125254,0.1303986546333928,-0.0718120796208641,Harvard_Oxford cortl 0 x 1
"Right Superior Temporal Gyrus, posterior division",-0.2001257880639061,0.5076639591903743,-0.3075381711264716,Harvard_Oxford cortl 0 x 1
"Left Middle Temporal Gyrus, anterior division",-0.234970802639994,0.0936043141737807,0.1413664884662129,Harvard_Oxford cortl 0 x 1
"Right Middle Temporal Gyrus, anterior division",-0.2025459334204923,-0.0404035147928243,0.2429494482133163,Harvard_Oxford cortl 0 x 1
"Left Middle Temporal Gyrus, posterior division",0.176971267281808,-0.1823511737451166,0.0053799064633112,Harvard_Oxford cortl 0 x 1
"Right Middle Temporal Gyrus, posterior division",0.5449593102892906,-0.224857569504442,-0.3201017407848492,Harvard_Oxford cortl 0 x 1
"Left Middle Temporal Gyrus, temporooccipital part",-0.2254674556487421,-0.2758226301646065,0.501290085813346,Harvard_Oxford cortl 0 x 1
"Right Middle Temporal Gyrus, temporooccipital part",-0.2044613511810963,-0.5466436496075382,0.7511050007886414,Harvard_Oxford cortl 0 x 1
"Left Inferior Temporal Gyrus, anterior division",-0.074287436739312,0.1100111761362803,-0.0357237393969683,Harvard_Oxford cortl 0 x 1
"Right Inferior Temporal Gyrus, anterior division",0.0010673137856438,0.1070991972931633,-0.1081665110788036,Harvard_Oxford cortl 0 x 1
"Left Inferior Temporal Gyrus, posterior division",0.0391424477235912,0.0231574983675227,-0.0622999460911143,Harvard_Oxford cortl 0 x 1
"Right Inferior Temporal Gyrus, posterior division",0.2312000510087467,-0.1808184477452762,-0.0503816032634702,Harvard_Oxford cortl 0 x 1
"Left Inferior Temporal Gyrus, temporooccipital part",0.510148298488459,0.2169888142583322,-0.727137112746782,Harvard_Oxford cortl 0 x 1
"Right Inferior Temporal Gyrus, temporooccipital part",0.1675106746595245,0.2813427264490073,-0.4488534011085323,Harvard_Oxford cortl 0 x 1
Left Postcentral Gyrus,0.06285948849495,-0.4027413090265352,0.33988182053158,Harvard_Oxford cortl 0 x 1
Right Postcentral Gyrus,0.2671573420216411,0.0402207407651085,-0.3073780827867476,Harvard_Oxford cortl 0 x 1
Left Superior Parietal Lobule,-0.0164104783230157,-0.2563265896960558,0.2727370680190722,Harvard_Oxford cortl 0 x 1
Right Superior Parietal Lobule,0.3556953927515572,-0.2677146958823123,-0.087980696869243,Harvard_Oxford cortl 0 x 1
"Left Supramarginal Gyrus, anterior division",0.1746391849429864,-0.0877634413057698,-0.0868757436372171,Harvard_Oxford cortl 0 x 1
"Right Supramarginal Gyrus, anterior division",0.1525334530270566,0.2372046548300484,-0.3897381078571036,Harvard_Oxford cortl 0 x 1
"Left Supramarginal Gyrus, posterior division",0.0072756622310141,-0.1166152397880048,0.1093395775569923,Harvard_Oxford cortl 0 x 1
"Right Supramarginal Gyrus, posterior division",-0.0647140718492272,0.0770939921499288,-0.0123799203007021,Harvard_Oxford cortl 0 x 1
Left Angular Gyrus,0.0162848273673628,-0.3254165962188921,0.3091317688515325,Harvard_Oxford cortl 0 x 1
Right Angular Gyrus,0.1285291549856939,-0.1943758638052058,0.0658467088195144,Harvard_Oxford cortl 0 x 1
"Left Lateral Occipital Cortex, superior division",-0.3684975339995921,0.3330937439400749,0.035403790059518,Harvard_Oxford cortl 0 x 1
"Right Lateral Occipital Cortex, superior division",-0.2241297271100573,0.0048456040166539,0.2192841230934054,Harvard_Oxford cortl 0 x 1
"Left Lateral Occipital Cortex, inferior division",0.0821129732071861,-0.5133798529602965,0.4312668797531143,Harvard_Oxford cortl 0 x 1
"Right Lateral Occipital Cortex, inferior division",0.228602006793131,-0.7206192955994523,0.4920172888063217,Harvard_Oxford cortl 0 x 1
Left Intracalcarine Cortex,-0.2288696863229386,0.4418295603540323,-0.2129598740310939,Harvard_Oxford cortl 0 x 1
Right Intracalcarine Cortex,-0.1280993183356744,0.0662324117602697,0.0618669065754095,Harvard_Oxford cortl 0 x 1
Left Frontal Medial Cortex,-0.0072539745594709,-0.0899507767213288,0.0972047512808002,Harvard_Oxford cortl 0 x 1
Right Frontal Medial Cortex,0.1616746746455203,-0.2181423577635852,0.0564676831180638,Harvard_Oxford cortl 0 x 1
Left Juxtapositional Lobule Cortex (formerly Supplementary Motor Cortex),-0.1520316693316662,-0.1156424953016519,0.2676741646333199,Harvard_Oxford cortl 0 x 1
Right Juxtapositional Lobule Cortex (formerly Supplementary Motor Cortex),-0.1399286260510029,-0.0834848880298227,0.223413514080824,Harvard_Oxford cortl 0 x 1
Left Subcallosal Cortex,-0.118310588632026,0.0410402142122024,0.0772703744198239,Harvard_Oxford cortl 0 x 1
Right Subcallosal Cortex,-0.0272922166704815,-0.2152815975681586,0.2425738142386431,Harvard_Oxford cortl 0 x 1
Left Paracingulate Gyrus,0.0418446256470258,-0.2469055626558725,0.2050609370088474,Harvard_Oxford cortl 0 x 1
Right Paracingulate Gyrus,0.0787564612358723,-0.2505561853096902,0.1717997240738213,Harvard_Oxford cortl 0 x 1
"Left Cingulate Gyrus, anterior division",-0.0879644701809366,0.3958656786541986,-0.3079012084732683,Harvard_Oxford cortl 0 x 1
"Right Cingulate Gyrus, anterior division",0.0500408788420406,0.2937906273414611,-0.343831506183499,Harvard_Oxford cortl 0 x 1
"Left Cingulate Gyrus, posterior division",-0.1666438614272804,0.211639336610436,-0.0449954751831555,Harvard_Oxford cortl 0 x 1
"Right Cingulate Gyrus, posterior division",0.1064432795125726,-0.0059297965368042,-0.1005134829757694,Harvard_Oxford cortl 0 x 1
Left Precuneous Cortex,-0.3182080325491075,0.2450639477759209,0.0731440847731876,Harvard_Oxford cortl 0 x 1
Right Precuneous Cortex,-0.0011180292633607,-0.3274223680078054,0.3285403972711658,Harvard_Oxford cortl 0 x 1
Left Cuneal Cortex,0.1521861116821621,0.0901879278171503,-0.2423740394993174,Harvard_Oxford cortl 0 x 1
Right Cuneal Cortex,0.4465440194015058,-0.4150534458924592,-0.0314905735090482,Harvard_Oxford cortl 0 x 1
Left Frontal Orbital Cortex,-0.3304298672343605,0.4970401273070138,-0.1666102600726499,Harvard_Oxford cortl 0 x 1
Right Frontal Orbital Cortex,0.0213828464616826,0.1358387382435359,-0.1572215847052205,Harvard_Oxford cortl 0 x 1
"Left Parahippocampal Gyrus, anterior division",0.3279734999846941,-0.1870312464614048,-0.140942253523289,Harvard_Oxford cortl 0 x 1
"Right Parahippocampal Gyrus, anterior division",0.2926157219100909,0.0920832051968182,-0.384698927106902,Harvard_Oxford cortl 0 x 1
"Left Parahippocampal Gyrus, posterior division",-0.0482047728047346,-0.0904747300764537,0.1386795028811889,Harvard_Oxford cortl 0 x 1
"Right Parahippocampal Gyrus, posterior division",0.3798874888350046,-0.5162569313498803,0.1363694425148726,Harvard_Oxford cortl 0 x 1
Left Lingual Gyrus,-0.1445633573992907,0.0233666929764043,0.121196664422887,Harvard_Oxford cortl 0 x 1
Right Lingual Gyrus,-0.2218371878485491,0.2577260850699325,-0.035888897221384,Harvard_Oxford cortl 0 x 1
"Left Temporal Fusiform Cortex, anterior division",-0.0008156380572209,0.1581062500906143,-0.157290612033393,Harvard_Oxford cortl 0 x 1
"Right Temporal Fusiform Cortex, anterior division",-0.2720945254474736,0.4615769873592573,-0.1894824619117843,Harvard_Oxford cortl 0 x 1
"Left Temporal Fusiform Cortex, posterior division",0.1379218933438189,-0.0295850864471331,-0.108336806896684,Harvard_Oxford cortl 0 x 1
"Right Temporal Fusiform Cortex, posterior division",-0.1971338766381629,0.1208884834298895,0.0762453932082738,Harvard_Oxford cortl 0 x 1
Left Temporal Occipital Fusiform Cortex,0.0330120333372237,0.1420523045604912,-0.1750643378977128,Harvard_Oxford cortl 0 x 1
Right Temporal Occipital Fusiform Cortex,-0.493576879761313,0.0621980509011239,0.4313788288601972,Harvard_Oxford cortl 0 x 1
Left Occipital Fusiform Gyrus,0.3100387025454333,0.0860393443319328,-0.3960780468773601,Harvard_Oxford cortl 0 x 1
Right Occipital Fusiform Gyrus,0.1857361824694948,0.2627665330459534,-0.448502715515441,Harvard_Oxford cortl 0 x 1
Left Frontal Operculum Cortex,-0.3726993729193439,0.2283237503692339,0.1443756225501057,Harvard_Oxford cortl 0 x 1
Right Frontal Operculum Cortex,-0.1212384294244887,-0.0162019396191374,0.1374403690436239,Harvard_Oxford cortl 0 x 1
Left Central Opercular Cortex,0.5033779226204416,-0.4407805980032236,-0.0625973246172168,Harvard_Oxford cortl 0 x 1
Right Central Opercular Cortex,0.1044450981371371,-0.087288369970226,-0.0171567281669097,Harvard_Oxford cortl 0 x 1
Left Parietal Operculum Cortex,0.384462978396423,-0.0703355034782962,-0.3141274749181236,Harvard_Oxford cortl 0 x 1
Right Parietal Operculum Cortex,0.2030716047581067,-0.0889350339474751,-0.1141365708106294,Harvard_Oxford cortl 0 x 1
Left Planum Polare,0.281108979586004,0.0514862567275231,-0.3325952363135265,Harvard_Oxford cortl 0 x 1
Right Planum Polare,0.3503419444988015,-0.0683646309869027,-0.2819773135118984,Harvard_Oxford cortl 0 x 1
Left Heschl's Gyrus (includes H1 and H2),-0.039348117317825,-0.1039705796801698,0.1433186969979946,Harvard_Oxford cortl 0 x 1
Right Heschl's Gyrus (includes H1 and H2),-0.2302052208044324,0.3498004174051776,-0.1195951966007423,Harvard_Oxford cortl 0 x 1
Left Planum Temporale,0.1071608579932271,0.0054804666194593,-0.1126413246126846,Harvard_Oxford cortl 0 x 1
Right Planum Temporale,-0.1818455345372042,-0.097271415164771,0.2791169497019648,Harvard_Oxford cortl 0 x 1
Left Supracalcarine Cortex,-0.0785557814666667,-0.0387706806083281,0.1173264620749972,Harvard_Oxford cortl 0 x 1
Right Supracalcarine Cortex,-0.3711169830954974,0.0111506789723911,0.3599663041231072,Harvard_Oxford cortl 0 x 1
Left Occipital Pole,-0.05620274928717,0.0840104829861715,-0.027807733699,Harvard_Oxford cortl 0 x 1
Right Occipital Pole,-0.0171721266886786,0.3986222053494614,-0.3814500786607805,Harvard_Oxford cortl 0 x 1
subject,0.0161218677565897,-0.045298599803976,0.0291767320473916,Harvard_Oxford cortl 0 x 1
Left Cerebral White Matter,-0.1661974711765643,0.2391304379894657,-0.0729329668128965,Harvard_Oxford sub 0 x 1
Left Cerebral Cortex ,-0.1960830515272165,-0.1596280078563295,0.3557110593835498,Harvard_Oxford sub 0 x 1
Left Lateral Ventrical,0.4984073144957289,-0.1875141825418407,-0.3108931319538897,Harvard_Oxford sub 0 x 1
Left Thalamus,-0.3780087491268453,0.0469638961649442,0.3310448529618974,Harvard_Oxford sub 0 x 1
Left Caudate,-0.4640226573389637,-0.0077182576822321,0.4717409150212045,Harvard_Oxford sub 0 x 1
Left Putamen,-0.0274913604562883,-0.0630652260151083,0.0905565864714019,Harvard_Oxford sub 0 x 1
Left Pallidum,-0.2508924875135091,0.1576677370925896,0.0932247504209156,Harvard_Oxford sub 0 x 1
Brain-Stem,0.2877184638844035,-0.0151181632087626,-0.2726003006756409,Harvard_Oxford sub 0 x 1
Left Hippocampus,-0.3484618184984898,0.046150433203934,0.3023113852945529,Harvard_Oxford sub 0 x 1
Left Amygdala,0.1965916177453359,0.2293440211738447,-0.4259356389191824,Harvard_Oxford sub 0 x 1
Left Accumbens,-0.0052289921533138,0.0418165721376602,-0.0365875799843446,Harvard_Oxford sub 0 x 1
Right Cerebral White Matter,0.1950761206007421,-0.3710688423256836,0.1759927217249478,Harvard_Oxford sub 0 x 1
Right Cerebral Cortex ,-0.2847763776986176,-0.057944619438962,0.3427209971375794,Harvard_Oxford sub 0 x 1
Right Lateral Ventricle,-0.1619353154681485,0.0538258525728696,0.1081094628952801,Harvard_Oxford sub 0 x 1
Right Thalamus,0.4354530496589874,-0.0467395311798533,-0.3887135184791358,Harvard_Oxford sub 0 x 1
Right Caudate,0.2223744527618454,0.1207884777422051,-0.3431629305040535,Harvard_Oxford sub 0 x 1
Right Putamen,0.4892960368667762,-0.078203354759577,-0.4110926821072005,Harvard_Oxford sub 0 x 1
Right Pallidum,-0.0892890959477397,0.352775476618464,-0.263486380670724,Harvard_Oxford sub 0 x 1
Right Hippocampus,0.1604123279584756,-0.3348678202432166,0.1744554922847378,Harvard_Oxford sub 0 x 1
Right Amygdala,-0.0500254577509836,0.2194789917201947,-0.1694535339692146,Harvard_Oxford sub 0 x 1
Right Accumbens,0.0812544231633991,-0.2195152566192304,0.1382608334558323,Harvard_Oxford sub 0 x 1
subject,0.0003798676967861,0.0076816863141678,-0.0080615540109518,Harvard_Oxford sub 0 x 1
GM Amygdala_centromedial group,0.2891434865464504,-0.2017030704059032,-0.0874404161405462,Juelich 0 x 1
GM Amygdala_laterobasal group,0.352500195530926,0.1420926770854251,-0.4945928726163554,Juelich 0 x 1
GM Amygdala_superficial group,0.0095381126592462,0.3465390418049974,-0.3560771544642457,Juelich 0 x 1
GM Anterior intra-parietal sulcus hIP1,-0.0097687196205835,0.2566512303417868,-0.2468825107212056,Juelich 0 x 1
GM Anterior intra-parietal sulcus hIP2,-0.0898511213354088,0.1073000746127194,-0.0174489532773101,Juelich 0 x 1
GM Anterior intra-parietal sulcus hIP3,-0.1783040097453234,0.4139654468733205,-0.2356614371279991,Juelich 0 x 1
GM Broca's area BA44,-0.7972098190628326,0.4169493427270599,0.3802604763357686,Juelich 0 x 1
GM Broca's area BA45,-0.4490360836016304,0.1815982492065337,0.2674378343951005,Juelich 0 x 1
GM Hippocampus cornu ammonis,0.341746461090441,-0.2922665288779027,-0.0494799322125422,Juelich 0 x 1
GM Hippocampus dentate gyrus,0.3954686051095131,-0.1567151024032929,-0.2387535027062195,Juelich 0 x 1
GM Hippocampus entorhinal cortex,0.2215055700570576,0.2765556947816329,-0.498061264838691,Juelich 0 x 1
GM Hippocampus hippocampal-amygdaloid transition area,-0.2873985923742082,0.4952502969346595,-0.2078517045604475,Juelich 0 x 1
GM Hippocampus subiculum,-0.7003091824450556,0.1407093833750746,0.5595997990699646,Juelich 0 x 1
GM Inferior parietal lobule PF,0.2753872823392531,-0.1066324889184436,-0.1687547934208086,Juelich 0 x 1
GM Inferior parietal lobule PFcm,0.0687122141020294,0.0936974255739598,-0.1624096396759875,Juelich 0 x 1
GM Inferior parietal lobule PFm,0.0413732494071345,-0.1007096428712461,0.0593363934641102,Juelich 0 x 1
GM Inferior parietal lobule PFop,-0.2278068417197055,0.5194160835817512,-0.2916092418620489,Juelich 0 x 1
GM Inferior parietal lobule PFt,0.3992287617517984,-0.2551132165321562,-0.1441155452196416,Juelich 0 x 1
GM Inferior parietal lobule PGp,-0.7492048138466062,-0.3568418851752002,1.106046699021808,Juelich 0 x 1
GM Inferior parietal lobule Pga,0.5933572020293407,-0.9836882812981156,0.3903310792687733,Juelich 0 x 1
GM Insula Id1,0.4012311617280005,-0.0922531852014595,-0.3089779765265386,Juelich 0 x 1
GM Insula Ig1,-0.0731679219475356,0.5886712580557785,-0.5155033361082358,Juelich 0 x 1
GM Insula Ig2,-0.1783761192404711,-0.1530954786039317,0.3314715978444009,Juelich 0 x 1
GM Lateral geniculate body,-0.2778128188728908,0.1060476592644154,0.1717651596084711,Juelich 0 x 1
GM Mamillary body,0.0589348277367359,-0.1446137224643167,0.0856788947275835,Juelich 0 x 1
GM Medial geniculate body,0.362577954440178,-0.4995124930736587,0.13693453863347,Juelich 0 x 1
GM Premotor cortex BA6,-0.2282749739333616,-0.4222228557367627,0.6504978296701214,Juelich 0 x 1
GM Primary auditory cortex TE1.0,-0.1219711421486294,-0.1122998490791537,0.2342709912277822,Juelich 0 x 1
GM Primary auditory cortex TE1.1,0.0484705328074524,0.2427414728959885,-0.2912120057034419,Juelich 0 x 1
GM Primary auditory cortex TE1.2,0.1723328403705705,-0.0237219589288511,-0.1486108814417199,Juelich 0 x 1
GM Primary motor cortex BA4a,0.5668016966660587,-0.3209605511918082,-0.2458411454742529,Juelich 0 x 1
GM Primary motor cortex BA4p,0.0714888341713256,0.1843583838138301,-0.2558472179851569,Juelich 0 x 1
GM Primary somatosensory cortex BA1,0.0049103014517861,0.0266855339592471,-0.0315958354110324,Juelich 0 x 1
GM Primary somatosensory cortex BA2,0.0785089659882643,-0.420765842333752,0.3422568763454943,Juelich 0 x 1
GM Primary somatosensory cortex BA3a,0.1323672838101773,-0.0765099626920173,-0.0558573211181606,Juelich 0 x 1
GM Primary somatosensory cortex BA3b,-0.1380851570153296,0.1870738126102971,-0.0489886555949672,Juelich 0 x 1
GM Secondary somatosensory cortex / Parietal operculum OP1,-0.2895707959433703,-0.0542074636815772,0.3437782596249518,Juelich 0 x 1
GM Secondary somatosensory cortex / Parietal operculum OP2,0.3545048697919042,-0.1378287281753898,-0.2166761416165102,Juelich 0 x 1
GM Secondary somatosensory cortex / Parietal operculum OP3,0.3061471780667663,-0.1574448661594227,-0.1487023119073424,Juelich 0 x 1
GM Secondary somatosensory cortex / Parietal operculum OP4,0.129518129933277,-0.0363348512485679,-0.0931832786847076,Juelich 0 x 1
GM Superior parietal lobule 5Ci,-0.0338882342794343,0.5637561867030532,-0.5298679524236207,Juelich 0 x 1
GM Superior parietal lobule 5L,-0.2157209795377597,-0.1203371211498168,0.3360581006875784,Juelich 0 x 1
GM Superior parietal lobule 5M,-0.0992235445858126,0.1105206240423969,-0.0112970794565808,Juelich 0 x 1
GM Superior parietal lobule 7A,-0.296081689848587,0.4793072411537928,-0.1832255513051983,Juelich 0 x 1
GM Superior parietal lobule 7M,-0.1112608525061941,-0.140674954015643,0.2519358065218376,Juelich 0 x 1
GM Superior parietal lobule 7P,0.3974189701953705,-0.2969179914625404,-0.1005009787328314,Juelich 0 x 1
GM Superior parietal lobule 7PC,0.3383466523623671,-0.3604630447431727,0.02211639238081,Juelich 0 x 1
GM Visual cortex V1 BA17,-0.2092389852283228,0.4418093678474,-0.2325703826190799,Juelich 0 x 1
GM Visual cortex V2 BA18,-0.2909717384508316,0.2918036907965052,-0.0008319523456743,Juelich 0 x 1
GM Visual cortex V3V,-0.0883702568122314,0.1627274174202974,-0.074357160608064,Juelich 0 x 1
GM Visual cortex V4,0.4974921304127406,-0.0608351348984574,-0.4366569955142791,Juelich 0 x 1
GM Visual cortex V5,-0.0358782636720862,-0.6401655962196595,0.6760438598917526,Juelich 0 x 1
WM Acoustic radiation,0.0151288391260611,0.3821970719755845,-0.3973259111016449,Juelich 0 x 1
WM Callosal body,0.0542734446807146,-0.3712656503125166,0.3169922056318008,Juelich 0 x 1
WM Cingulum,-0.4400318636422288,-0.0185758517147006,0.4586077153569267,Juelich 0 x 1
WM Corticospinal tract,-0.0294918882460496,0.0599635980461638,-0.0304717098001117,Juelich 0 x 1
WM Fornix,0.2650292233350448,0.0184515799625061,-0.2834808032975598,Juelich 0 x 1
WM Inferior occipito-frontal fascicle,0.2489421506242297,0.1753520606984467,-0.4242942113226767,Juelich 0 x 1
WM Optic radiation,-0.0364344807366926,0.4536508613690202,-0.4172163806323286,Juelich 0 x 1
WM Superior longitudinal fascicle,0.262566518453134,-0.5237653508957978,0.2611988324426764,Juelich 0 x 1
WM Superior occipito-frontal fascicle,0.5189817538298612,-0.2932480415889358,-0.2257337122409236,Juelich 0 x 1
WM Uncinate fascicle,-0.0826054402263457,-0.238503871698887,0.3211093119252331,Juelich 0 x 1
subject,0.0230228742394096,0.009078514441888,-0.0321013886813009,Juelich 0 x 1
Precentral_L,-0.2788553130032263,0.0583830505664385,0.2204722624367878,AAL SPM12
Precentral_R,0.1960250898338203,-0.1020039778507203,-0.0940211119831021,AAL SPM12
Frontal_Sup_L,0.2559919234046591,-0.2870352651953718,0.0310433417907142,AAL SPM12
Frontal_Sup_R,0.0974376896978393,-0.0154348237269179,-0.0820028659709219,AAL SPM12
Frontal_Sup_Orb_L,-0.060776465443519,0.2117834910886795,-0.1510070256451611,AAL SPM12
Frontal_Sup_Orb_R,-0.0951494274938477,0.2774243180840824,-0.1822748905902357,AAL SPM12
Frontal_Mid_L,0.093598806905536,-0.0417983086941447,-0.0518004982113905,AAL SPM12
Frontal_Mid_R,-0.1338033359782729,0.1890882284495538,-0.055284892471279,AAL SPM12
Frontal_Mid_Orb_L,0.104966211600733,0.0675870923158039,-0.172553303916536,AAL SPM12
Frontal_Mid_Orb_R,0.2253410085708357,-0.0452364518046864,-0.1801045567661493,AAL SPM12
Frontal_Inf_Oper_L,-0.0298346336227254,-0.04979604252773,0.0796306761504548,AAL SPM12
Frontal_Inf_Oper_R,-0.278357975114715,0.3759757538776017,-0.0976177787628862,AAL SPM12
Frontal_Inf_Tri_L,-0.3293358016931611,0.1211447049017245,0.2081910967914386,AAL SPM12
Frontal_Inf_Tri_R,-0.401478947735004,0.1001997909546354,0.3012791567803675,AAL SPM12
Frontal_Inf_Orb_L,-0.1392874631913414,0.2012028792246815,-0.0619154160333424,AAL SPM12
Frontal_Inf_Orb_R,-0.1887203275838689,0.3170921752156888,-0.1283718476318217,AAL SPM12
Rolandic_Oper_L,0.3716624599466376,-0.2191851628990809,-0.1524772970475559,AAL SPM12
Rolandic_Oper_R,-0.0136684430820387,0.2023585356151118,-0.188690092533073,AAL SPM12
Supp_Motor_Area_L,-0.1193383799750953,-0.1712827238327101,0.2906211038078055,AAL SPM12
Supp_Motor_Area_R,0.0377139776143466,-0.0800105701860447,0.0422965925716972,AAL SPM12
Olfactory_L,-0.3105860496392686,0.1080108856926291,0.2025751639466395,AAL SPM12
Olfactory_R,-0.0782328241814184,-0.0440560676062699,0.1222888917876882,AAL SPM12
Frontal_Sup_Medial_L,-0.0878271274083869,-0.2723140530538399,0.3601411804622256,AAL SPM12
Frontal_Sup_Medial_R,-0.3055684990774926,0.0268587121098961,0.2787097869675966,AAL SPM12
Frontal_Med_Orb_L,0.2487301709267869,-0.2095834950959625,-0.0391466758308258,AAL SPM12
Frontal_Med_Orb_R,-0.1853811023289281,0.1730958027310156,0.0122852995979123,AAL SPM12
Rectus_L,-0.0533002377071932,-0.1002037560294985,0.1535039937366913,AAL SPM12
Rectus_R,0.2490514136752623,-0.2861534396633467,0.037102025988084,AAL SPM12
Insula_L,-0.0147191115315391,0.1200134191048115,-0.105294307573274,AAL SPM12
Insula_R,0.24988147207177,-0.0415800127207162,-0.2083014593510527,AAL SPM12
Cingulum_Ant_L,0.1977788606521471,0.0920954078436099,-0.289874268495755,AAL SPM12
Cingulum_Ant_R,0.1397351054894185,-0.1781992941112457,0.0384641886218276,AAL SPM12
Cingulum_Mid_L,-0.240134807101026,0.3589491594643426,-0.118814352363318,AAL SPM12
Cingulum_Mid_R,0.1318789153194681,0.1161746851221604,-0.2480536004416279,AAL SPM12
Cingulum_Post_L,-0.1070766248681308,0.1709721412182758,-0.0638955163501465,AAL SPM12
Cingulum_Post_R,-0.1032602532477734,-0.1896873476677725,0.2929476009155443,AAL SPM12
Hippocampus_L,0.0754782729172261,0.0330352059258058,-0.1085134788430331,AAL SPM12
Hippocampus_R,0.4041239850359694,-0.195240636915657,-0.2088833481203123,AAL SPM12
ParaHippocampal_L,-0.0421324252927524,-0.0063296506754038,0.0484620759681557,AAL SPM12
ParaHippocampal_R,-0.0613026940909006,0.2771134372084343,-0.215810743117535,AAL SPM12
Amygdala_L,0.2832791325244159,0.1930687633953871,-0.4763478959198036,AAL SPM12
Amygdala_R,0.2617932783558549,0.0562101387379641,-0.3180034170938186,AAL SPM12
Calcarine_L,0.1527356689957824,0.1367580627126495,-0.2894937317084294,AAL SPM12
Calcarine_R,-0.2642105156647885,0.2951437988172953,-0.0309332831525057,AAL SPM12
Cuneus_L,-0.0192251665686134,0.034243459563087,-0.0150182929944758,AAL SPM12
Cuneus_R,0.1778067393386775,-0.1545669518251747,-0.023239787513505,AAL SPM12
Lingual_L,-0.2245770231712847,0.1380116135008966,0.0865654096703868,AAL SPM12
Lingual_R,-0.451384783004549,0.3126465101153461,0.1387382728891998,AAL SPM12
Occipital_Sup_L,-0.2694486460505952,0.364993693031329,-0.0955450469807297,AAL SPM12
Occipital_Sup_R,0.0223649297744227,0.0833496953728837,-0.1057146251473064,AAL SPM12
Occipital_Mid_L,-0.149376932615519,-0.0552748509609391,0.2046517835764585,AAL SPM12
Occipital_Mid_R,-0.1274630397534168,-0.1824909892901222,0.3099540290435392,AAL SPM12
Occipital_Inf_L,0.3513823868120555,0.0247152687840003,-0.3760976555960563,AAL SPM12
Occipital_Inf_R,0.0988001061680207,-0.0678941254964644,-0.030905980671557,AAL SPM12
Fusiform_L,0.1092196077190189,-0.0755353842363388,-0.0336842234826803,AAL SPM12
Fusiform_R,-0.1170935174396569,-0.1194145930044045,0.2365081104440604,AAL SPM12
Postcentral_L,-0.0425436515960709,-0.2572897515835107,0.2998334031795815,AAL SPM12
Postcentral_R,0.2560262730742018,-0.1111622120541506,-0.1448640610200509,AAL SPM12
Parietal_Sup_L,0.0266863901342145,0.0891984585222201,-0.1158848486564343,AAL SPM12
Parietal_Sup_R,0.4019825359470322,-0.2420220198588056,-0.1599605160882261,AAL SPM12
Parietal_Inf_L,-0.00709078394214,-0.0941827091365245,0.1012734930786637,AAL SPM12
Parietal_Inf_R,0.0680850904434554,-0.0958066119725898,0.0277215215291328,AAL SPM12
SupraMarginal_L,0.1134066327642456,-0.149290719288113,0.0358840865238658,AAL SPM12
SupraMarginal_R,0.1590979720157088,-0.044435875701353,-0.1146620963143562,AAL SPM12
Angular_L,0.257694376358521,-0.2654764922573688,0.0077821158988484,AAL SPM12
Angular_R,0.1151333142945664,-0.0713086925318806,-0.0438246217626863,AAL SPM12
Precuneus_L,-0.4421969976162835,0.1860840720463724,0.2561129255699137,AAL SPM12
Precuneus_R,-0.1294670524225865,-0.3866547903246957,0.5161218427472833,AAL SPM12
Paracentral_Lobule_L,0.4062743472973776,-0.4683415226231388,0.0620671753257581,AAL SPM12
Paracentral_Lobule_R,0.0730924656432104,0.1229011619452269,-0.1959936275884388,AAL SPM12
Caudate_L,-0.192614590600965,0.0930900706195191,0.099524519981446,AAL SPM12
Caudate_R,0.0189434280690778,-0.0040191194137151,-0.0149243086553616,AAL SPM12
Putamen_L,0.0630024676632691,-0.11636398383665,0.0533615161733811,AAL SPM12
Putamen_R,0.2611958206370108,-0.2058162076978945,-0.0553796129391193,AAL SPM12
Pallidum_L,-0.1752514458078129,0.0716900727336142,0.1035613730741979,AAL SPM12
Pallidum_R,0.278847621694139,-0.0348572034331111,-0.2439904182610281,AAL SPM12
Thalamus_L,-0.1476107239733173,0.140061777492144,0.0075489464811724,AAL SPM12
Thalamus_R,0.2992290785269932,-0.0291603100454448,-0.2700687684815515,AAL SPM12
Heschl_L,0.0522166314578296,-0.1144226488136813,0.0622060173558509,AAL SPM12
Heschl_R,-0.0405186997205249,0.0874809624296839,-0.0469622627091584,AAL SPM12
Temporal_Sup_L,0.0478289683306678,0.0003021014428785,-0.048131069773547,AAL SPM12
Temporal_Sup_R,-0.0809194302005682,0.0059589955548501,0.0749604346457149,AAL SPM12
Temporal_Pole_Sup_L,-0.3002433258702003,0.2573643788538198,0.0428789470163813,AAL SPM12
Temporal_Pole_Sup_R,0.0027126659971545,-0.1815574557687525,0.1788447897715993,AAL SPM12
Temporal_Mid_L,-0.3079705582871677,-0.2554695143208028,0.5634400726079678,AAL SPM12
Temporal_Mid_R,-0.2390420284894,-0.8565198740576083,1.0955619025470096,AAL SPM12
Temporal_Pole_Mid_L,-0.2186351584087602,-0.1830884577599341,0.4017236161686941,AAL SPM12
Temporal_Pole_Mid_R,-0.2518593960041234,0.1451468899602707,0.1067125060438546,AAL SPM12
Temporal_Inf_L,0.41856226607446,0.0161905893888534,-0.434752855463312,AAL SPM12
Temporal_Inf_R,0.3650059855026684,0.0156495032529815,-0.3806554887556529,AAL SPM12
Cerebelum_Crus1_L,0.1120667558780477,0.0482866843285646,-0.1603534402066125,AAL SPM12
Cerebelum_Crus1_R,0.1679181884995931,-0.1064108677756717,-0.0615073207239222,AAL SPM12
Cerebelum_Crus2_L,-0.0951292584312027,0.1185297103831098,-0.0234004519519082,AAL SPM12
Cerebelum_Crus2_R,-0.0388118861354349,-0.0122243270232512,0.0510362131586862,AAL SPM12
Cerebelum_3_L,-0.053345041938671,-0.1319503409831365,0.1852953829218068,AAL SPM12
Cerebelum_3_R,0.1971965598084977,-0.1579894500655785,-0.0392071097429191,AAL SPM12
Cerebelum_4_5_L,0.2371417790747235,-0.1766220646005172,-0.0605197144742055,AAL SPM12
Cerebelum_4_5_R,0.0987350588658516,0.303018339885636,-0.4017533987514893,AAL SPM12
Cerebelum_6_L,-0.0212112046091272,0.0108540867708236,0.0103571178383029,AAL SPM12
Cerebelum_6_R,-0.1589060400064738,0.0740831590780203,0.084822880928453,AAL SPM12
Cerebelum_7b_L,0.0313655795224456,-0.1103710115963257,0.0790054320738811,AAL SPM12
Cerebelum_7b_R,0.093776365339781,-0.1375124027632973,0.0437360374235185,AAL SPM12
Cerebelum_8_L,-0.0286270448846609,-0.0001498505816208,0.0287768954662819,AAL SPM12
Cerebelum_8_R,0.1120935295657816,-0.1249654391524142,0.0128719095866331,AAL SPM12
Cerebelum_9_L,0.1023782296272388,-0.1544083390917203,0.0520301094644796,AAL SPM12
Cerebelum_9_R,-0.0017318952245519,-0.0506625341528996,0.0523944293774519,AAL SPM12
Cerebelum_10_L,0.0682250846160892,-0.1041263081005102,0.0359012234844216,AAL SPM12
Cerebelum_10_R,0.2768503405599715,-0.2060195851482,-0.0708307554117758,AAL SPM12
Vermis_1_2,-0.1262430654305025,0.114359251578474,0.0118838138520285,AAL SPM12
Vermis_3,0.0762012232471975,-0.2350769971108211,0.1588757738636238,AAL SPM12
Vermis_4_5,0.1482589323375253,-0.01673257661861,-0.1315263557189177,AAL SPM12
Vermis_6,-0.0838545075718085,0.1522092738588919,-0.0683547662870854,AAL SPM12
Vermis_7,-0.0548609824318931,-0.0398100437453946,0.0946710261772874,AAL SPM12
Vermis_8,-0.2348797238988725,0.334075089474698,-0.0991953655758233,AAL SPM12
Vermis_9,-0.1713676947890409,0.2331294596161705,-0.0617617648271321,AAL SPM12
Vermis_10,0.2402717829794854,-0.1694294379404187,-0.0708423450390683,AAL SPM12
subject,0.0208898393427332,-0.0566998398874425,0.0358100005447078,AAL SPM12
Inferior Semi-Lunar Lobule,-0.1153809665305873,0.194183832432816,-0.0788028659022283,Talairach Gyrus
Cerebellar Tonsil,0.3339759930683837,-0.2458828457506264,-0.0880931473177587,Talairach Gyrus
Inferior Temporal Gyrus,0.6679104746286837,-0.3704563568176363,-0.2974541178110547,Talairach Gyrus
Uncus,0.485597951093272,0.4421562089412494,-0.9277541600345248,Talairach Gyrus
Middle Temporal Gyrus,-1.0491834370523918,-0.7443190061459491,1.7935024431983226,Talairach Gyrus
Superior Temporal Gyrus,-0.2233782577109406,-0.1240358513312861,0.3474141090422223,Talairach Gyrus
Sub-Gyral,0.2566865432264142,-0.119688035097706,-0.1369985081287066,Talairach Gyrus
Pyramis,0.0520855244954078,0.0108005615831802,-0.0628860860785851,Talairach Gyrus
Uvula,0.1257707076721458,0.3770688505288073,-0.5028395582009483,Talairach Gyrus
Uvula of Vermis,-0.2300133459595262,0.4525719870233873,-0.2225586410638627,Talairach Gyrus
Fourth Ventricle,-0.0238070181267226,0.0733579436513412,-0.0495509255246177,Talairach Gyrus
Tuber,0.1999074867360923,-0.2796117036209756,0.0797042168848825,Talairach Gyrus
Pyramis of Vermis,0.2835387655255191,-0.3217331900277367,0.0381944245022186,Talairach Gyrus
Nodule,0.0793847833267594,-0.2495297127781308,0.170144929451373,Talairach Gyrus
Culmen,-0.2520704322765763,-0.1085722081355595,0.3606426404121355,Talairach Gyrus
Orbital Gyrus,0.0226867419330381,-0.0552376148672755,0.0325508729342367,Talairach Gyrus
Tuber of Vermis,-0.2791844508254231,-0.0576651533352345,0.3368496041606582,Talairach Gyrus
Fusiform Gyrus,0.2870655865556611,0.2191987336515997,-0.5062643202072611,Talairach Gyrus
Parahippocampal Gyrus,-0.0380057556396169,0.1541387132138707,-0.1161329575742536,Talairach Gyrus
Rectal Gyrus,0.1579440518420846,-0.25855975361464,0.1006157017725552,Talairach Gyrus
Superior Frontal Gyrus,-0.0776817163340888,-0.1419890510290881,0.2196707673631775,Talairach Gyrus
Declive,0.2142101033371622,-0.3091699899981278,0.094959886660969,Talairach Gyrus
Declive of Vermis,-0.210420591712328,0.1541920789844942,0.056228512727834,Talairach Gyrus
Fastigium,0.2002894282314579,0.2179427922033845,-0.4182322204348424,Talairach Gyrus
Lateral Ventricle,0.7589948403728871,-0.5083807606684204,-0.2506140797044614,Talairach Gyrus
Inferior Frontal Gyrus,-0.7613303497057298,0.7242329422099474,0.037097407495783,Talairach Gyrus
Middle Frontal Gyrus,-0.0712163087550519,-0.1512943590299083,0.2225106677849626,Talairach Gyrus
Cerebellar Lingual,0.2005089758631381,-0.2809773665685579,0.0804683907054203,Talairach Gyrus
Medial Frontal Gyrus,-0.1419923642731132,-0.6675215736213549,0.8095139378944796,Talairach Gyrus
Lingual Gyrus,-0.7923396580347161,0.9676082669905716,-0.175268608955858,Talairach Gyrus
Inferior Occipital Gyrus,0.0343493842751114,-0.2594587735986211,0.2251093893235103,Talairach Gyrus
Subcallosal Gyrus,-0.334750865870383,0.2822162993724009,0.0525345664979817,Talairach Gyrus
Middle Occipital Gyrus,0.5359084753516533,-0.2023720639151439,-0.3335364114365097,Talairach Gyrus
Culmen of Vermis,0.1801209596150338,-0.1302898686464186,-0.0498310909686139,Talairach Gyrus
Extra-Nuclear,0.3035148110586285,-0.1251262838243956,-0.1783885272342346,Talairach Gyrus
Caudate,-0.5233423812481495,0.4249871814775107,0.0983551997706427,Talairach Gyrus
Third Ventricle,0.032533373204788,0.1634395997441833,-0.1959729729489696,Talairach Gyrus
Anterior Cingulate,0.2644996562477967,0.2465830986495634,-0.511082754897364,Talairach Gyrus
Lentiform Nucleus,0.0505550077869253,-0.3604366532091768,0.3098816454222526,Talairach Gyrus
Thalamus,-0.0590852849488016,-0.0946173502963293,0.1537026352451334,Talairach Gyrus
Insula,0.5921020821822083,-0.2410123862829642,-0.351089695899247,Talairach Gyrus
Claustrum,0.3892878338070946,0.092562784623332,-0.4818506184304295,Talairach Gyrus
Cuneus,0.3950041834503578,-0.1069691392080915,-0.2880350442422613,Talairach Gyrus
Posterior Cingulate,-0.8181248132369445,0.5607790408461775,0.2573457723907689,Talairach Gyrus
Precentral Gyrus,-0.4186152035256493,0.4139136848739823,0.0047015186516678,Talairach Gyrus
Transverse Temporal Gyrus,0.3252054396431975,0.071848756891302,-0.3970541965345018,Talairach Gyrus
Postcentral Gyrus,0.339060292359701,-0.4583555960808888,0.1192953037211893,Talairach Gyrus
Precuneus,-0.2025877567669762,-0.0579940182970613,0.2605817750640391,Talairach Gyrus
Superior Occipital Gyrus,-0.4161500867288592,0.0968822744838743,0.3192678122449857,Talairach Gyrus
Supramarginal Gyrus,0.0962932689110515,0.0620895555755847,-0.1583828244866355,Talairach Gyrus
Inferior Parietal Lobule,0.1522657351745459,-0.3385294521031772,0.1862637169286318,Talairach Gyrus
Cingulate Gyrus,-0.1476482148136362,0.1805023323748716,-0.0328541175612352,Talairach Gyrus
Angular Gyrus,0.2831591678350557,-0.3146981865629999,0.0315390187279483,Talairach Gyrus
Superior Parietal Lobule,0.0553352202676469,0.2387994411280661,-0.2941346613957123,Talairach Gyrus
Paracentral Lobule,0.326786064085092,0.107743323972425,-0.4345293880575155,Talairach Gyrus
subject,-0.0140218736503502,-0.0338620684058736,0.047883942056227,Talairach Gyrus
Brodmann area 20,0.5697669897803329,-0.2220660223342956,-0.3477009674460409,Talairach Ba
Brodmann area 38,-0.2046388439254567,-0.0821338109809633,0.2867726549064214,Talairach Ba
Brodmann area 36,-0.1781496231756,0.1294184163412021,0.0487312068343971,Talairach Ba
Brodmann area 21,0.0950442918635863,-0.0395603378932006,-0.0554839539703848,Talairach Ba
Brodmann area 28,0.1657154170891326,0.4386451255853897,-0.6043605426745168,Talairach Ba
Brodmann area 11,0.2805931884886983,0.0319689372112491,-0.3125621256999499,Talairach Ba
Dentate,0.2826534598089238,0.0083944915374594,-0.2910479513463848,Talairach Ba
Brodmann area 35,-0.1383294276837844,-0.4313269929798149,0.5696564206635957,Talairach Ba
Brodmann area 47,-0.1781539414036654,0.2860029885555263,-0.1078490471518626,Talairach Ba
Hippocampus,-0.0444694316327174,0.0666199589467825,-0.0221505273140704,Talairach Ba
Brodmann area 34,0.4089399420480477,-0.1520583016683729,-0.2568816403796811,Talairach Ba
Amygdala,0.1264729445593529,0.3776208604734432,-0.5040938050327947,Talairach Ba
Brodmann area 18,0.4871506538106452,-0.3702387641053626,-0.1169118897052805,Talairach Ba
Brodmann area 37,0.20123723201915,-0.6488167127185118,0.4475794806993701,Talairach Ba
Brodmann area 25,-0.1913985054253068,0.0840537615514291,0.1073447438738777,Talairach Ba
Brodmann area 17,-0.3383741421147528,0.8019867279978556,-0.4636125858831104,Talairach Ba
Brodmann area 19,-0.1648311000950512,0.0049210871405117,0.1599100129545447,Talairach Ba
Optic Tract,-0.291371617166421,0.2818519298767786,0.0095196872896407,Talairach Ba
Hypothalamus,0.0461061084545954,0.1707563414743039,-0.2168624499289044,Talairach Ba
Brodmann area 13,0.4266565073340871,-0.114253247500332,-0.3124032598337676,Talairach Ba
Substania Nigra,-0.0278955466725194,-0.0787023591155823,0.1065979057880973,Talairach Ba
Red Nucleus,-0.0972818448125645,0.3003201511219011,-0.2030383063093373,Talairach Ba
Caudate Tail,0.6436229074855381,-0.043993540944343,-0.5996293665412014,Talairach Ba
Mammillary Body,0.2766928980137214,-0.2709723541635597,-0.0057205438501643,Talairach Ba
Putamen,0.2614116387621024,-0.4431442473935872,0.181732608631474,Talairach Ba
Brodmann area 32,0.4534951966477019,-0.5460323768237669,0.09253718017607,Talairach Ba
Brodmann area 10,0.2729518980410894,0.0097408874630021,-0.2826927855040952,Talairach Ba
Brodmann area 30,-0.7475153243227814,0.2757081081852287,0.4718072161375528,Talairach Ba
Brodmann area 27,0.3514419507946994,-0.5070494243164174,0.1556074735217306,Talairach Ba
Medial Geniculum Body,-0.0857076575636505,0.1113438208855046,-0.0256361633218568,Talairach Ba
Brodmann area 22,-0.4043068495887352,0.1375723407010821,0.2667345088876567,Talairach Ba
Lateral Globus Pallidus,0.0631920275086063,-0.0172717680616309,-0.0459202594469771,Talairach Ba
Subthalamic Nucleus,0.0948126974711607,0.3002106269951984,-0.3950233244663637,Talairach Ba
Medial Globus Pallidus,0.1668692360873517,-0.2442542517766701,0.0773850156893185,Talairach Ba
Caudate Head,-0.1385410445432839,0.1667101002618788,-0.0281690557185936,Talairach Ba
Brodmann area 24,-0.1004008567747963,0.2967120143823323,-0.1963111576075309,Talairach Ba
Lateral Geniculum Body,0.0736472088865397,0.0985338713433032,-0.1721810802298466,Talairach Ba
Anterior Commissure,-0.0113507782566763,-0.0098975202343476,0.0212482984910234,Talairach Ba
Corpus Callosum,0.2101494380832868,-0.2307183649983865,0.0205689269151054,Talairach Ba
Ventral Posterior Lateral Nucleus,0.0002381725480632,0.0294969122794573,-0.0297350848275213,Talairach Ba
Ventral Posterior Medial Nucleus,-0.1828388506182856,0.0530301475725716,0.1298087030457111,Talairach Ba
Brodmann area 45,-0.6152038710524964,-0.0092604635745952,0.6244643346271016,Talairach Ba
Brodmann area 46,-0.4162286335066592,0.4961754285257593,-0.0799467950190978,Talairach Ba
Pulvinar,-0.1647754769683261,-0.1032799957872932,0.2680554727556158,Talairach Ba
Medial Dorsal Nucleus,0.2517443131956036,-0.4158770394301667,0.1641327262345624,Talairach Ba
Ventral Lateral Nucleus,-0.4673060581500393,0.3925450358207667,0.0747610223292642,Talairach Ba
Ventral Anterior Nucleus,-0.3291816747524831,0.2670889935401381,0.0620926812123403,Talairach Ba
Brodmann area 29,-0.1700215471743043,0.2567362473068172,-0.0867147001325124,Talairach Ba
Brodmann area 41,0.0914011197133203,0.0719344297660863,-0.1633355494794013,Talairach Ba
Brodmann area 42,0.0776174406533271,-0.2895732335656879,0.2119557929123546,Talairach Ba
Brodmann area 6,-0.2710258196564187,-0.1319105657909735,0.402936385447396,Talairach Ba
Anterior Nucleus,0.1036652341809026,-0.066057429544098,-0.0376078046368112,Talairach Ba
Brodmann area 44,0.0762553893387912,0.1325023753692996,-0.2087577647080909,Talairach Ba
Caudate Body,-0.3933803978709015,0.1796866801808069,0.2136937176900928,Talairach Ba
Brodmann area 39,-0.3870491780536798,-0.8166840647103427,1.2037332427640184,Talairach Ba
Brodmann area 23,-0.1680139826980756,-0.0859316798823004,0.253945662580372,Talairach Ba
Lateral Posterior Nucleus,-0.1897534658173424,0.0997575216683745,0.0899959441489718,Talairach Ba
Brodmann area 43,0.2234010474224511,0.0079216858239212,-0.2313227332463778,Talairach Ba
Brodmann area 31,0.2265738223928272,0.336320890209779,-0.5628947126026065,Talairach Ba
Brodmann area 40,0.3431871977913875,-0.2255813307869083,-0.1176058670044733,Talairach Ba
Lateral Dorsal Nucleus,0.028392745142491,0.0415775684155955,-0.0699703135580927,Talairach Ba
Midline Nucleus,0.5556039845085604,-0.2426335986053387,-0.3129703859032244,Talairach Ba
Brodmann area 4,0.0806871729969907,-0.0269656743712081,-0.0537214986257835,Talairach Ba
Brodmann area 9,-0.4316787780484879,0.0504931495377281,0.3811856285107629,Talairach Ba
Brodmann area 33,-0.2301526512950396,0.3688379324673533,-0.1386852811723133,Talairach Ba
Brodmann area 2,0.1200017184410932,-0.2861088726204882,0.166107154179403,Talairach Ba
Brodmann area 1,0.0070182665867911,0.0441577678025487,-0.0511760343893429,Talairach Ba
Brodmann area 3,0.0158346444801792,-0.0389128032453501,0.0230781587651612,Talairach Ba
Brodmann area 7,0.1550794455775755,0.0315691811013902,-0.1866486266789669,Talairach Ba
Brodmann area 8,0.0978897627875945,-0.441324852638548,0.3434350898509496,Talairach Ba
Brodmann area 5,0.1298123174951717,0.0019578358288305,-0.1317701533240072,Talairach Ba
subject,-0.0069825450714998,0.0103384808455894,-0.0033559357740821,Talairach Ba
b'7Networks_LH_Vis_1',-0.1212159577795933,-0.0538224658261423,0.1750384236057362,Schaefer 100 x 7 x 1
b'7Networks_LH_Vis_2',0.1418631268347887,0.0361151683198832,-0.1779782951546677,Schaefer 100 x 7 x 1
b'7Networks_LH_Vis_3',-0.0405521574529721,0.1413343018335535,-0.1007821443805803,Schaefer 100 x 7 x 1
b'7Networks_LH_Vis_4',-0.0614673887447279,0.0344489465309468,0.0270184422137783,Schaefer 100 x 7 x 1
b'7Networks_LH_Vis_5',0.1119769898585294,-0.0196520423299076,-0.0923249475286208,Schaefer 100 x 7 x 1
b'7Networks_LH_Vis_6',-0.03239160763244,0.2696524873854857,-0.237260879753042,Schaefer 100 x 7 x 1
b'7Networks_LH_Vis_7',-0.6410293149589017,-0.1126938182639716,0.7537231332228782,Schaefer 100 x 7 x 1
b'7Networks_LH_Vis_8',-0.0665181722395821,0.1602990920047196,-0.0937809197651385,Schaefer 100 x 7 x 1
b'7Networks_LH_Vis_9',0.0047300594863839,-0.0332657426259697,0.0285356831395877,Schaefer 100 x 7 x 1
b'7Networks_LH_SomMot_1',0.2376089651411661,-0.1715451562951933,-0.0660638088459744,Schaefer 100 x 7 x 1
b'7Networks_LH_SomMot_2',0.3200174266488622,-0.3100008937927955,-0.010016532856067,Schaefer 100 x 7 x 1
b'7Networks_LH_SomMot_3',0.0216380907357966,-0.0581623173754376,0.0365242266396398,Schaefer 100 x 7 x 1
b'7Networks_LH_SomMot_4',-0.0904073839434189,-0.0182806118832164,0.1086879958266328,Schaefer 100 x 7 x 1
b'7Networks_LH_SomMot_5',-0.2074518201572306,0.0546888876330656,0.1527629325241628,Schaefer 100 x 7 x 1
b'7Networks_LH_SomMot_6',0.035493403836003,-0.2230383525646113,0.1875449487286058,Schaefer 100 x 7 x 1
b'7Networks_LH_DorsAttn_Post_1',0.6605106900942491,-0.2540148370978188,-0.4064958529964321,Schaefer 100 x 7 x 1
b'7Networks_LH_DorsAttn_Post_2',0.3063219968820383,-0.206120830860561,-0.1002011660214776,Schaefer 100 x 7 x 1
b'7Networks_LH_DorsAttn_Post_3',-0.2468104963633713,0.3403493620892405,-0.0935388657258683,Schaefer 100 x 7 x 1
b'7Networks_LH_DorsAttn_Post_4',0.1566270110237344,-0.4023523505871526,0.2457253395634255,Schaefer 100 x 7 x 1
b'7Networks_LH_DorsAttn_Post_5',-0.0759186464451634,0.0822469592974317,-0.0063283128522692,Schaefer 100 x 7 x 1
b'7Networks_LH_DorsAttn_Post_6',-0.1457398439494742,0.0851413425925063,0.0605985013569711,Schaefer 100 x 7 x 1
b'7Networks_LH_DorsAttn_PrCv_1',-0.1985456518089444,0.2523767810833959,-0.0538311292744524,Schaefer 100 x 7 x 1
b'7Networks_LH_DorsAttn_FEF_1',0.0371427464647745,-0.1064356244287734,0.0692928779640002,Schaefer 100 x 7 x 1
b'7Networks_LH_SalVentAttn_ParOper_1',0.2131281933570116,-0.2652710320687823,0.0521428387117683,Schaefer 100 x 7 x 1
b'7Networks_LH_SalVentAttn_FrOperIns_1',0.3974961519763955,0.0379431983767375,-0.4354393503531326,Schaefer 100 x 7 x 1
b'7Networks_LH_SalVentAttn_FrOperIns_2',-0.1554910316633962,0.1606920893589412,-0.0052010576955454,Schaefer 100 x 7 x 1
b'7Networks_LH_SalVentAttn_PFCl_1',-0.0459533047005055,0.0308730164853675,0.0150802882151376,Schaefer 100 x 7 x 1
b'7Networks_LH_SalVentAttn_Med_1',-0.0268214276606216,-0.1246128016335092,0.151434229294128,Schaefer 100 x 7 x 1
b'7Networks_LH_SalVentAttn_Med_2',-0.3273581057197192,0.4534894881227369,-0.1261313824030196,Schaefer 100 x 7 x 1
b'7Networks_LH_SalVentAttn_Med_3',-0.0163054632845293,-0.1580318512301614,0.1743373145146936,Schaefer 100 x 7 x 1
b'7Networks_LH_Limbic_OFC_1',-0.0860838728934202,0.1998575400589874,-0.1137736671655647,Schaefer 100 x 7 x 1
b'7Networks_LH_Limbic_TempPole_1',0.0924618895129121,-0.0041977199342908,-0.0882641695786205,Schaefer 100 x 7 x 1
b'7Networks_LH_Limbic_TempPole_2',0.1424704939026196,0.0051929929505205,-0.1476634868531416,Schaefer 100 x 7 x 1
b'7Networks_LH_Cont_Par_1',0.008672764906087,-0.1294031723471402,0.120730407441059,Schaefer 100 x 7 x 1
b'7Networks_LH_Cont_PFCl_1',-0.3372634344034476,0.170001070676351,0.1672623637270873,Schaefer 100 x 7 x 1
b'7Networks_LH_Cont_pCun_1',-0.1058605300281543,0.0106815564068832,0.0951789736212705,Schaefer 100 x 7 x 1
b'7Networks_LH_Cont_Cing_1',0.1093638759558185,0.0340963291515142,-0.1434602051073352,Schaefer 100 x 7 x 1
b'7Networks_LH_Default_Temp_1',-0.1325720768973994,0.0761316035552895,0.0564404733421109,Schaefer 100 x 7 x 1
b'7Networks_LH_Default_Temp_2',0.1388481400000702,-0.122563241273929,-0.016284898726141,Schaefer 100 x 7 x 1
b'7Networks_LH_Default_Par_1',-0.3135121283482938,-0.1692530989512435,0.4827652272995468,Schaefer 100 x 7 x 1
b'7Networks_LH_Default_Par_2',0.2028348323984339,-0.2718401442241288,0.0690053118256942,Schaefer 100 x 7 x 1
b'7Networks_LH_Default_PFC_1',-0.2928924225885067,0.2048103069041944,0.088082115684311,Schaefer 100 x 7 x 1
b'7Networks_LH_Default_PFC_2',-0.0003067704649546,-0.1101583490198917,0.1104651194848456,Schaefer 100 x 7 x 1
b'7Networks_LH_Default_PFC_3',0.2364113847524848,-0.1587387763122426,-0.0776726084402441,Schaefer 100 x 7 x 1
b'7Networks_LH_Default_PFC_4',-0.0474792230573431,0.0030033510140631,0.0444758720432801,Schaefer 100 x 7 x 1
b'7Networks_LH_Default_PFC_5',-0.1373491240872285,-0.1282001841754671,0.2655493082626933,Schaefer 100 x 7 x 1
b'7Networks_LH_Default_PFC_6',0.1526404193310218,-0.1172455672930429,-0.035394852037979,Schaefer 100 x 7 x 1
b'7Networks_LH_Default_PFC_7',0.3437867233274776,-0.0756116782261271,-0.268175045101354,Schaefer 100 x 7 x 1
b'7Networks_LH_Default_pCunPCC_1',-0.4607337596440051,0.5196956714126881,-0.0589619117686859,Schaefer 100 x 7 x 1
b'7Networks_LH_Default_pCunPCC_2',-0.2814056882423675,-0.0044535757169148,0.2858592639592786,Schaefer 100 x 7 x 1
b'7Networks_RH_Vis_1',0.0231737328296163,-0.1236865330184036,0.1005128001887892,Schaefer 100 x 7 x 1
b'7Networks_RH_Vis_2',0.0271281107269829,0.0832480736254739,-0.1103761843524585,Schaefer 100 x 7 x 1
b'7Networks_RH_Vis_3',0.3740444383169575,-0.4577394012650673,0.0836949629481088,Schaefer 100 x 7 x 1
b'7Networks_RH_Vis_4',-0.0568438155154089,0.3028803410077621,-0.2460365254923515,Schaefer 100 x 7 x 1
b'7Networks_RH_Vis_5',-0.3519131644074459,0.143952749023107,0.2079604153843398,Schaefer 100 x 7 x 1
b'7Networks_RH_Vis_6',-0.040239611130612,0.0499867952105041,-0.0097471840798918,Schaefer 100 x 7 x 1
b'7Networks_RH_Vis_7',0.2400729590745624,-0.0718946043724597,-0.1681783547021074,Schaefer 100 x 7 x 1
b'7Networks_RH_Vis_8',0.0958180512039407,-0.1106551406976149,0.0148370894936842,Schaefer 100 x 7 x 1
b'7Networks_RH_SomMot_1',-0.1117548958129439,0.1508560831309399,-0.0391011873179991,Schaefer 100 x 7 x 1
b'7Networks_RH_SomMot_2',0.1495354188632008,-0.1940075498942491,0.0444721310310477,Schaefer 100 x 7 x 1
b'7Networks_RH_SomMot_3',0.0221893310264474,0.1442752628294041,-0.166464593855851,Schaefer 100 x 7 x 1
b'7Networks_RH_SomMot_4',0.0023281117898433,0.2448253691583162,-0.2471534809481608,Schaefer 100 x 7 x 1
b'7Networks_RH_SomMot_5',0.1204879959929362,0.1205101752687847,-0.2409981712617204,Schaefer 100 x 7 x 1
b'7Networks_RH_SomMot_6',0.0793297924793148,-0.0333492740561321,-0.0459805184231826,Schaefer 100 x 7 x 1
b'7Networks_RH_SomMot_7',0.323757665672671,-0.1019026384136657,-0.2218550272590035,Schaefer 100 x 7 x 1
b'7Networks_RH_SomMot_8',0.2450625556471942,-0.2093718845616832,-0.0356906710855097,Schaefer 100 x 7 x 1
b'7Networks_RH_DorsAttn_Post_1',-0.3884123138114373,-0.4519249683429769,0.8403372821544215,Schaefer 100 x 7 x 1
b'7Networks_RH_DorsAttn_Post_2',0.0648143523934445,0.0342485803403673,-0.0990629327338127,Schaefer 100 x 7 x 1
b'7Networks_RH_DorsAttn_Post_3',-0.100282569581078,0.0874934971808342,0.0127890724002429,Schaefer 100 x 7 x 1
b'7Networks_RH_DorsAttn_Post_4',0.3417223986904354,-0.116225286160888,-0.2254971125295456,Schaefer 100 x 7 x 1
b'7Networks_RH_DorsAttn_Post_5',0.0987324702818589,-0.2712874686544383,0.1725549983725777,Schaefer 100 x 7 x 1
b'7Networks_RH_DorsAttn_PrCv_1',-0.0299258184557097,0.2434698524794299,-0.2135440340237169,Schaefer 100 x 7 x 1
b'7Networks_RH_DorsAttn_FEF_1',-0.0952226544608289,-0.0471753375936341,0.1423979920544657,Schaefer 100 x 7 x 1
b'7Networks_RH_SalVentAttn_TempOccPar_1',0.0858241444566335,-0.3106193801826067,0.2247952357259707,Schaefer 100 x 7 x 1
b'7Networks_RH_SalVentAttn_TempOccPar_2',0.0649351088995799,0.1565765736809567,-0.2215116825805402,Schaefer 100 x 7 x 1
b'7Networks_RH_SalVentAttn_FrOperIns_1',0.1496651296597611,0.170267920166903,-0.3199330498266608,Schaefer 100 x 7 x 1
b'7Networks_RH_SalVentAttn_Med_1',0.1515768826249531,0.0385929943374077,-0.1901698769623559,Schaefer 100 x 7 x 1
b'7Networks_RH_SalVentAttn_Med_2',0.0361228145171936,-0.0258431129359962,-0.0102797015811965,Schaefer 100 x 7 x 1
b'7Networks_RH_Limbic_OFC_1',0.1370618248045833,0.0288029777708871,-0.1658648025754749,Schaefer 100 x 7 x 1
b'7Networks_RH_Limbic_TempPole_1',-0.0327579246669254,0.2973244167654965,-0.2645664920985675,Schaefer 100 x 7 x 1
b'7Networks_RH_Cont_Par_1',0.0149723131449108,0.0764852604942358,-0.0914575736391478,Schaefer 100 x 7 x 1
b'7Networks_RH_Cont_Par_2',0.2542672693159606,-0.1432121582661082,-0.1110551110498548,Schaefer 100 x 7 x 1
b'7Networks_RH_Cont_PFCl_1',0.2473631856652106,-0.0627362050172324,-0.1846269806479751,Schaefer 100 x 7 x 1
b'7Networks_RH_Cont_PFCl_2',-0.3950314290729658,0.3875480304581692,0.0074833986147965,Schaefer 100 x 7 x 1
b'7Networks_RH_Cont_PFCl_3',0.2152561849826087,0.0215807879649794,-0.2368369729475965,Schaefer 100 x 7 x 1
b'7Networks_RH_Cont_PFCl_4',-0.2207534596736155,0.1405628153539624,0.080190644319655,Schaefer 100 x 7 x 1
b'7Networks_RH_Cont_Cing_1',0.1209074113150558,0.0178256180395609,-0.1387330293546171,Schaefer 100 x 7 x 1
b'7Networks_RH_Cont_PFCmp_1',-0.0256097652363169,-0.0922866991319827,0.1178964643683003,Schaefer 100 x 7 x 1
b'7Networks_RH_Cont_pCun_1',0.0693849084709646,-0.1443787085605127,0.074993800089548,Schaefer 100 x 7 x 1
b'7Networks_RH_Default_Par_1',0.0376979509123936,0.0054645248643765,-0.0431624757767698,Schaefer 100 x 7 x 1
b'7Networks_RH_Default_Temp_1',-0.1037822007620835,0.137108156614516,-0.0333259558524344,Schaefer 100 x 7 x 1
b'7Networks_RH_Default_Temp_2',0.1644918440398092,-0.321087336438388,0.1565954923985785,Schaefer 100 x 7 x 1
b'7Networks_RH_Default_Temp_3',0.1060306295062649,0.147945730987252,-0.2539763604935134,Schaefer 100 x 7 x 1
b'7Networks_RH_Default_PFCv_1',0.0790043490924129,0.0430982738508512,-0.1221026229432675,Schaefer 100 x 7 x 1
b'7Networks_RH_Default_PFCv_2',-0.2686247893769389,0.1498146752157199,0.1188101141612175,Schaefer 100 x 7 x 1
b'7Networks_RH_Default_PFCdPFCm_1',-0.056532945203195,-0.1594919946908958,0.2160249398940955,Schaefer 100 x 7 x 1
b'7Networks_RH_Default_PFCdPFCm_2',-0.2229998891022263,0.0083180569828214,0.2146818321194037,Schaefer 100 x 7 x 1
b'7Networks_RH_Default_PFCdPFCm_3',0.1824565256816037,-0.1501260885144445,-0.0323304371671588,Schaefer 100 x 7 x 1
b'7Networks_RH_Default_pCunPCC_1',-0.2370286586928126,-0.1111018525876667,0.3481305112804816,Schaefer 100 x 7 x 1
b'7Networks_RH_Default_pCunPCC_2',0.028414838560857,-0.0713169272288676,0.0429020886680136,Schaefer 100 x 7 x 1
subject,-0.0542186288745764,-0.0016716269282958,0.0558902558028793,Schaefer 100 x 7 x 1
Left Cerebellum,0.1674458086559583,-0.105356859954146,-0.0620889487018104,Talairach Hemi x Lobe x Tissue
Right Cerebellum,0.0296912816606928,0.0496677174310717,-0.0793589990917675,Talairach Hemi x Lobe x Tissue
Left Brainstem,-0.0259642870959538,0.2251235403690434,-0.1991592532730892,Talairach Hemi x Lobe x Tissue
Right Brainstem,0.1117082499696317,-0.1869421507484246,0.0752339007787939,Talairach Hemi x Lobe x Tissue
Left Cerebrum,-0.3014443735821474,0.0497966671481563,0.2516477064339853,Talairach Hemi x Lobe x Tissue
Right Cerebrum,0.1492497159031593,-0.1835886720456564,0.0343389561424905,Talairach Hemi x Lobe x Tissue
Inter-Hemispheric,-0.2159269775872623,-0.2423809204480064,0.4583078980352673,Talairach Hemi x Lobe x Tissue
subject,0.0172844984629346,-0.0176567955444348,0.0003722970815026,Talairach Hemi x Lobe x Tissue
Posterior Lobe,0.1643930399224996,-0.0374804515532087,-0.1269125883692884,Talairach Hemi x Lobe x Tissue
Medulla,0.0698023765415866,-0.0214780608725516,-0.0483243156690335,Talairach Hemi x Lobe x Tissue
Temporal Lobe,-0.0628791053129027,-1.1329028462405546,1.195781951553457,Talairach Hemi x Lobe x Tissue
Limbic Lobe,-0.3322710316559917,0.9480262492637452,-0.6157552176077556,Talairach Hemi x Lobe x Tissue
Frontal Lobe,-0.1435064804865775,-0.125760848156881,0.2692673286434593,Talairach Hemi x Lobe x Tissue
Sub-lobar,0.2305884645189209,0.3546289593652084,-0.5852174238841259,Talairach Hemi x Lobe x Tissue
Pons,0.1115742743839339,0.0829362766970742,-0.1945105510810086,Talairach Hemi x Lobe x Tissue
Anterior Lobe,-0.1292141723891967,-0.0764269898782711,0.2056411622674706,Talairach Hemi x Lobe x Tissue
Occipital Lobe,-0.3152296375961646,0.6386606108987459,-0.3234309733025783,Talairach Hemi x Lobe x Tissue
Midbrain,-0.0272084506896085,-0.0159363320376796,0.0431447827272891,Talairach Hemi x Lobe x Tissue
Frontal-Temporal Space,0.3842607008949771,0.2372540772446509,-0.6215147781396331,Talairach Hemi x Lobe x Tissue
Parietal Lobe,0.1805929894382638,-0.2750993585043788,0.0945063690661133,Talairach Hemi x Lobe x Tissue
Gray Matter,0.143031501764359,0.0037280469132882,-0.1467595486776481,Talairach Hemi x Lobe x Tissue
White Matter,-0.3199913915794542,-0.1214371043096253,0.4414284958890737,Talairach Hemi x Lobe x Tissue
Cerebro-Spinal Fluid,0.5862410433897676,-0.431771370436421,-0.1544696729533409,Talairach Hemi x Lobe x Tissue
Feat 1,-0.0015471736387654,0.0051900713576214,-0.0036428977190606,PCA
Feat 2,-0.0085042045863835,0.0182658003341874,-0.0097615957476818,PCA
Feat 3,0.008108490934865,0.012864858037946,-0.0209733489727574,PCA
Feat 4,-0.0279365296923411,0.0090855357224354,0.0188509939698841,PCA
Feat 5,0.0017843878879089,0.0064971338777838,-0.008281521765704,PCA
Feat 6,0.0003168730220748,0.0094199829745584,-0.0097368559966488,PCA
Feat 7,0.0194826698738692,-0.0176209182082158,-0.001861751665644,PCA
Feat 8,0.0317622588084362,-0.0009248469775402,-0.0308374118309971,PCA
Feat 9,0.0056566193429532,0.0065014267864372,-0.0121580461293747,PCA
Feat 10,0.0055317398558849,-0.0061478564759649,0.000616116620112,PCA
Feat 11,0.0155669076190806,-0.006706013476134,-0.008860894142996,PCA
Feat 12,-0.0169146957988827,-0.0008441285490127,0.0177588243479708,PCA
Feat 13,-0.0050398604016011,0.0036312966236492,0.0014085637779588,PCA
Feat 14,0.0049631593390304,-0.0011322242221615,-0.003830935116886,PCA
Feat 15,-0.0144275483062827,0.0180991952651135,-0.0036716469587734,PCA
Feat 16,-0.0089066456906203,-0.0201571019548867,0.0290637476455042,PCA
Feat 17,-0.002156613032358,-0.0041805094167202,0.0063371224490336,PCA
Feat 18,-0.0199847928780628,0.0002586463039969,0.0197261465741083,PCA
Feat 19,-0.0042000641174813,-0.0094590492701394,0.0136591133875903,PCA
Feat 20,0.018797078495174,-0.0006197031326303,-0.0181773753625469,PCA
Feat 21,-0.0065912709270136,0.0056220214554216,0.0009692494716029,PCA
Feat 22,-0.002962383258088,-0.0147635707995274,0.0177259540576593,PCA
Feat 23,-0.0016683325527794,0.0045491046053898,-0.0028807720526009,PCA
Feat 24,0.0071771093000048,0.0073901822708866,-0.0145672915708994,PCA
Feat 25,-0.0028116180435611,0.0084699845290702,-0.0056583664855353,PCA
Feat 26,-0.0145215950683332,-0.002407764220519,0.0169293592888535,PCA
Feat 27,0.0021735564721246,-0.0197713397243409,0.0175977832521842,PCA
Feat 28,-0.0089426629578574,-0.0190328576100554,0.0279755205679676,PCA
Feat 29,-0.0123435870466892,0.014807144346573,-0.0024635572998891,PCA
Feat 30,-0.0017458464269851,0.0138319982012378,-0.0120861517742334,PCA
Feat 31,-0.014145331574137,0.0182161394614452,-0.0040708078873015,PCA
Feat 32,0.0101511928505543,-0.0011554865614645,-0.0089957062890994,PCA
Feat 33,-0.0028257241215216,-0.0101425198000672,0.0129682439215613,PCA
Feat 34,-0.016184013724927,-0.0065738868952036,0.0227579006201836,PCA
Feat 35,-0.0038889337272033,-0.0149745592917829,0.0188634930189455,PCA
Feat 36,0.000490649991658,0.0215252189365174,-0.0220158689281432,PCA
Feat 37,0.0235506331629815,-0.0048742380022195,-0.0186763951607622,PCA
Feat 38,0.0119083174174919,-0.0173733950736495,0.0054650776561469,PCA
Feat 39,0.0277905773563763,-0.0249839085583718,-0.0028066687979865,PCA
Feat 40,0.0069627595281323,-0.0164059762114646,0.0094432166833019,PCA
Feat 41,0.0010931339764505,0.008244167537228,-0.0093373015136582,PCA
Feat 42,0.0095686953761845,-0.0230558995823995,0.0134872042062482,PCA
Feat 43,-0.0124795533145481,0.0017358180220768,0.0107437352924639,PCA
Feat 44,0.0268064263497617,-0.0177432233393964,-0.0090632030103664,PCA
Feat 45,-0.0048369326949056,7.034448524623899e-05,0.0047665882096783,PCA
Feat 46,-0.0043173337576275,-0.0072202403786212,0.0115375741362406,PCA
Feat 47,5.443456594200931e-05,-4.239910667125726e-05,-1.20354592774638e-05,PCA
Feat 48,-0.022933435838712,0.0196912210257907,0.0032422148129401,PCA
Feat 49,0.0002089832515263,-0.0069980392453434,0.0067890559937969,PCA
Feat 50,0.0034341131397391,-0.0062475088951353,0.0028133957553709,PCA
Feat 51,0.0100017266402381,0.0069423641221192,-0.0169440907623627,PCA
Feat 52,0.0141435327654878,-0.0253469625780918,0.011203429812593,PCA
Feat 53,-0.0016379840499164,0.0012879471806201,0.0003500368693036,PCA
Feat 54,-0.0045699735033718,-0.0033349901126305,0.0079049636160057,PCA
Feat 55,0.0038875308447247,-0.0009193306925708,-0.0029682001521928,PCA
Feat 56,-0.0027896286984219,-0.0079347233183928,0.0107243520168117,PCA
Feat 57,0.0257314759347724,-0.0279337403455638,0.0022022644107989,PCA
Feat 58,-0.0024517685890455,0.0066090435783905,-0.0041572749893418,PCA
Feat 59,-0.0201084112732987,0.0020696098981915,0.0180388013751012,PCA
Feat 60,-0.0013300968063509,-0.0054799150044664,0.0068100118108073,PCA
Feat 61,0.0001812820056048,-0.0075412594543817,0.007359977448776,PCA
Feat 62,0.0013540441437403,-0.0029918261936207,0.0016377820498772,PCA
Feat 63,-0.0076861152511537,0.0028035546468764,0.0048825606042764,PCA
Feat 64,0.0036272486782289,-0.0044014001336722,0.0007741514554571,PCA
Feat 65,0.0039800328155823,-0.0153748759108181,0.0113948430952455,PCA
Feat 66,-0.0194323920115444,0.0149179940323908,0.004514397979176,PCA
Feat 67,0.0035971880666237,-0.0040910444930129,0.0004938564264073,PCA
Feat 68,-0.0101538958399067,0.0116791049470726,-0.0015252091071782,PCA
Feat 69,0.0014263602788788,-0.0122116983283262,0.0107853380494525,PCA
Feat 70,-0.0045585379218981,-0.0053517437749121,0.0099102816968045,PCA
Feat 71,0.0081001120017704,-0.0111039795823945,0.0030038675806241,PCA
Feat 72,-0.0004090627960513,0.0073006682191108,-0.0068916054230526,PCA
Feat 73,-0.0008348853751043,-0.0031695504485484,0.0040044358236556,PCA
Feat 74,-0.0012808598903258,0.0068228093828242,-0.0055419494925052,PCA
Feat 75,0.0063652336852339,0.0028957855791989,-0.0092610192644001,PCA
Feat 76,0.0040186985175572,-0.0042148613996788,0.0001961628821356,PCA
Feat 77,0.0012920308642393,-0.0152503954063509,0.0139583645421286,PCA
Feat 78,0.006072310351861,-0.0149007512810091,0.0088284409291334,PCA
Feat 79,0.0038469858737366,-0.0012330857159834,-0.0026139001577703,PCA
Feat 80,-0.0115282824596011,0.0148956962790549,-0.003367413819445,PCA
Feat 81,-0.0122808509213054,0.0126425655727115,-0.0003617146513951,PCA
Feat 82,0.0028555140340996,-0.0005170769754514,-0.0023384370586309,PCA
Feat 83,-0.0001477495216648,0.0051733452174765,-0.0050255956958233,PCA
Feat 84,0.0067795344969427,-0.020662880387133,0.0138833458901841,PCA
Feat 85,0.0029303132000122,-0.0033832785703686,0.0004529653703511,PCA
Feat 86,0.007553107175679,9.927490494018518e-06,-0.0075630346661816,PCA
Feat 87,0.0095978367227595,-0.0096766198889115,7.878316614592321e-05,PCA
Feat 88,-0.0084500379563753,0.0128219139943386,-0.004371876037975,PCA
Feat 89,0.008432063992604,-0.0030357146584874,-0.0053963493341295,PCA
Feat 90,0.0001496843108556,0.0020613362429402,-0.0022110205537823,PCA
Feat 91,0.0062436511131238,-0.0077321924234335,0.0014885413103122,PCA
Feat 92,0.0178145386079857,-0.017691206413169,-0.0001233321948395,PCA
Feat 93,0.0073954700356196,-0.0075871566551408,0.0001916866195343,PCA
Feat 94,-0.0030976618553539,0.0076307414334242,-0.0045330795780657,PCA
Feat 95,-0.0130566021782389,0.0004243807686138,0.0126322214096199,PCA
Feat 96,0.0032518657432024,-0.0084397496541468,0.0051878839109531,PCA
Feat 97,0.0062053353622052,-0.007240778783808,0.0010354434215854,PCA
Feat 98,-0.0084434427404126,0.007058949051517,0.0013844936888888,PCA
Feat 99,-0.0098801626966906,0.0052789844524283,0.0046011782442632,PCA
Feat 100,-0.0095618580218152,0.0112948166135565,-0.0017329585917534,PCA
Feat 101,0.0110448084514586,-0.0089331673069067,-0.0021116411445603,PCA
Feat 102,-0.0165441200939285,0.015846100529217,0.0006980195647254,PCA
Feat 103,0.0026908213415586,-0.0096128760083638,0.0069220546668171,PCA
Feat 104,0.0069492639646717,-0.0025897687093704,-0.0043594952552832,PCA
Feat 105,0.0003119438099545,0.0052476781937153,-0.0055596220036712,PCA
Feat 106,0.0007292177290135,-0.0174275010267884,0.0166982832977852,PCA
Feat 107,0.0006652593727268,-8.23867103553937e-05,-0.0005828726623638,PCA
Feat 108,0.0143126231321152,-0.0115463551663217,-0.0027662679657925,PCA
Feat 109,0.0038189202484779,-0.0048143635518753,0.0009954433034038,PCA
Feat 110,0.0017824440270784,-0.0071560168349743,0.0053735728078895,PCA
Feat 111,-0.0064294322197248,0.0083546938581052,-0.0019252616383434,PCA
Feat 112,-0.0070619047992956,0.0052306242797644,0.0018312805195291,PCA
Feat 113,-0.0029216181870781,0.0022083382722929,0.0007132799147912,PCA
Feat 114,0.0064800683705463,0.0021912452063737,-0.0086713135769117,PCA
Feat 115,-0.0018667349898434,0.0059158013341593,-0.0040490663443176,PCA
Feat 116,-0.0013091616300333,-0.0036580828293358,0.0049672444593669,PCA
Feat 117,0.0043707148220376,0.003591944823503,-0.0079626596455276,PCA
Feat 118,-0.005061804488462,0.0059744049247071,-0.0009126004362646,PCA
Feat 119,0.003473804316263,-0.0095728565358904,0.0060990522196017,PCA
Feat 120,-0.0001242807603186,0.0021359707766351,-0.0020116900163119,PCA
Feat 121,0.0004095944591727,-0.0079438007950495,0.0075342063358723,PCA
Feat 122,0.0040855779753409,-0.0036352247157982,-0.000450353259538,PCA
Feat 123,0.0048672896271304,0.0025208654332169,-0.0073881550603689,PCA
Feat 124,-0.0007851193973307,-0.0053453572982205,0.0061304766955588,PCA
Feat 125,-0.0031038337170281,-0.0008068581628326,0.0039106918798745,PCA
Feat 126,0.0055637486291622,-0.0110805768567244,0.0055168282275574,PCA
Feat 127,-0.0048725098167042,0.0074351855763562,-0.0025626757596547,PCA
Feat 128,-0.0030265193074173,0.0037461496429633,-0.000719630335532,PCA
Feat 129,0.0030896744564894,-0.0063301170807801,0.0032404426242869,PCA
Feat 130,0.0069855958942289,-0.0052907476410158,-0.0016948482532255,PCA
Feat 131,-0.0057465302249591,0.0077529342132116,-0.0020064039882467,PCA
Feat 132,-0.0013254649343662,0.0029383105863733,-0.0016128456519958,PCA
Feat 133,-0.0110112346486424,-0.0037256679265368,0.0147369025751729,PCA
Feat 134,-0.0011377802042412,0.0045016652722145,-0.0033638850679602,PCA
Feat 135,0.0092988350690688,-0.0122314306463875,0.0029325955773373,PCA
Feat 136,0.0023482502014018,-0.0025058495203053,0.0001575993188993,PCA
Feat 137,0.0045745073698372,0.0004331656217873,-0.0050076729916284,PCA
Feat 138,-0.0115346951627652,0.0055574115466124,0.0059772836161411,PCA
Feat 139,0.000262787753115,0.0057171421204039,-0.0059799298735234,PCA
Feat 140,0.0067899741056906,-0.0006613260559555,-0.0061286480497285,PCA
Feat 141,0.0158358676247422,-0.0166608514717622,0.0008249838470447,PCA
Feat 142,-0.0008610305962585,0.0069700768099817,-0.0061090462137136,PCA
Feat 143,0.0085120394374574,-0.0026059341961045,-0.0059061052413492,PCA
Feat 144,0.0144037132569282,-0.0150403767718947,0.0006366635149664,PCA
Feat 145,-0.0159998530868275,0.0136444408992456,0.0023554121875805,PCA
Feat 146,-0.0040454862641905,-0.0013592710786044,0.0054047573427888,PCA
Feat 147,-0.005255486506096,4.2329602219624667e-05,0.0052131569038666,PCA
Feat 148,0.0007055746901157,-0.0003968316024499,-0.0003087430876628,PCA
Feat 149,-0.00697473882827,0.0025698236703435,0.0044049151579207,PCA
Feat 150,0.0052319949228784,-0.0097462296861864,0.0045142347633062,PCA
Feat 151,0.0007414317347557,0.0046280041847119,-0.0053694359194723,PCA
Feat 152,0.0008862296405299,0.0021955529792318,-0.003081782619766,PCA
Feat 153,0.0090129134497727,-0.0146310256764393,0.0056181122266716,PCA
Feat 154,0.0047088885002407,-0.0055317156567368,0.0008228271564775,PCA
Feat 155,-0.0040885353448041,0.004846760661902,-0.0007582253170841,PCA
Feat 156,0.0015762794197618,-0.005929243175128,0.0043529637553753,PCA
Feat 157,-0.0021879720234061,-0.0011542907999099,0.0033422628233181,PCA
Feat 158,0.0165329063176111,-0.0206690817616094,0.0041361754440059,PCA
Feat 159,-0.0031949521419233,-0.0003240889567863,0.0035190410987064,PCA
Feat 160,-0.0003755211121119,0.0008566175492905,-0.0004810964371895,PCA
Feat 161,-0.0032757241393102,-0.0002764998385164,0.0035522239778102,PCA
Feat 162,-0.0087958770752716,0.0044223548310594,0.0043735222442157,PCA
Feat 163,0.0084445845971685,-0.0093285963181587,0.0008840117209868,PCA
Feat 164,-0.0011974529175508,-0.0050418850133032,0.006239337930855,PCA
Feat 165,-0.0027569327515244,0.0093475595398746,-0.0065906267883474,PCA
Feat 166,0.0029117994018534,-0.0036702663875576,0.0007584669857124,PCA
Feat 167,-0.0033162529327117,0.0045252450762889,-0.0012089921435764,PCA
Feat 168,0.0055702178477213,-0.0067205684396132,0.0011503505918845,PCA
Feat 169,-0.0102559250781352,0.0160051782876588,-0.005749253209518,PCA
Feat 170,-0.0010510666935008,-0.0009143276708143,0.0019653943643061,PCA
Feat 171,-0.0042486359975656,0.0073070041641036,-0.0030583681665335,PCA
Feat 172,-0.0032018874571344,0.002334288780006,0.0008675986771382,PCA
Feat 173,0.0054370563188028,-0.0078090353229312,0.0023719790041416,PCA
Feat 174,0.0053709313952831,-0.0075570102720533,0.0021860788767778,PCA
Feat 175,-0.0095147728119131,0.0081180731140365,0.0013966996978829,PCA
Feat 176,0.0006282463250143,-0.0016282971175217,0.0010000507924986,PCA
Feat 177,0.0127491365369855,-0.0156152463973309,0.0028661098603511,PCA
Feat 178,0.0087426753075865,-0.0123877896921666,0.0036451143845742,PCA
Feat 179,0.0058382849255275,-0.0018356185996505,-0.0040026663258695,PCA
Feat 180,-0.0075026575752871,0.0121789286738266,-0.0046762710985368,PCA
Feat 181,0.000588420059458,0.0036582595802599,-0.0042466796397105,PCA
Feat 182,0.0009296990409782,0.0030239491979488,-0.003953648238931,PCA
Feat 183,0.0028070793175795,-0.0052847564519768,0.0024776771344091,PCA
Feat 184,0.0060414401727401,-0.0053781336621851,-0.0006633065105462,PCA
Feat 185,0.0035748315476606,0.0015083376234483,-0.005083169171107,PCA
Feat 186,-0.0023353519623203,0.0013437875245735,0.00099156443775,PCA
Feat 187,-0.0052389263256392,0.0034995717300162,0.0017393545956232,PCA
Feat 188,0.0099224892291674,-0.0060757666030061,-0.0038467226261565,PCA
Feat 189,-0.0030667032056444,0.0064289379058719,-0.0033622347002209,PCA
Feat 190,0.0056152200230887,-0.004445038958462,-0.0011701810646201,PCA
Feat 191,1.0268314896868906e-05,-0.0002922863047629,0.0002820179898719,PCA
Feat 192,0.0012191033291066,0.008206781762546,-0.0094258850916563,PCA
Feat 193,0.0051408820081239,-0.0112777863265039,0.00613690431839,PCA
Feat 194,-0.0056832909167783,0.0051282465801873,0.0005550443365987,PCA
Feat 195,0.0016604352379995,-0.0025168994962538,0.0008564642582554,PCA
Feat 196,0.0058805665268595,-0.0047274487180179,-0.0011531178088404,PCA
Feat 197,0.0007209844511209,-0.0020268693926046,0.0013058849414902,PCA
Feat 198,-0.0020553273699025,0.0030262835444266,-0.0009709561745242,PCA
Feat 199,0.0033767846534088,-0.0044250196556312,0.0010482350022246,PCA
Feat 200,0.0001799006039566,-0.0030347321078766,0.0028548315039379,PCA
Feat 201,-0.0025091439407708,0.0026970522037118,-0.0001879082629403,PCA
Feat 202,-0.0075641873443234,0.0070871149295241,0.0004770724147875,PCA
Feat 203,0.0004363111699194,-0.0118839164410525,0.011447605271128,PCA
Feat 204,-0.0069006610629071,0.010452970194957,-0.0035523091320554,PCA
Feat 205,0.0009325601406308,-0.0055625806249819,0.0046300204843481,PCA
Feat 206,0.0005547673628222,-0.0038798186332919,0.0033250512704678,PCA
Feat 207,-0.0005818250949695,0.0028287573576442,-0.0022469322626775,PCA
Feat 208,0.0018366216376965,0.0027726096857609,-0.0046092313234583,PCA
Feat 209,0.0023159814367465,-0.0042343984869537,0.0019184170502143,PCA
Feat 210,0.0147483914556529,-0.0177690643779419,0.0030206729223024,PCA
Feat 211,-0.0011020952457977,0.0034096741926486,-0.0023075789468497,PCA
Feat 212,0.0010647156069554,-0.0004927345330366,-0.0005719810738999,PCA
Feat 213,-0.0006444625399861,3.0791613150752024e-05,0.0006136709268411,PCA
Feat 214,0.0010512274879766,-0.0003307159005982,-0.0007205115873865,PCA
Feat 215,-0.000390568290913,-0.0002902877648122,0.0006808560557271,PCA
Feat 216,-0.0153131133010454,0.015039054697174,0.0002740586038716,PCA
Feat 217,0.0027294866144722,0.0007914054900528,-0.0035208921045286,PCA
Feat 218,0.0019499709087869,-0.003455565764866,0.0015055948560913,PCA
Feat 219,-0.0042384864603099,0.0052156465375427,-0.0009771600772332,PCA
Feat 220,-0.0029635546928913,-0.0002208071514706,0.0031843618443506,PCA
Feat 221,-0.0055319736339659,0.0098836744662969,-0.0043517008323408,PCA
Feat 222,-0.0097526385436664,0.0087640151061056,0.0009886234375656,PCA
Feat 223,0.0049562348923324,-0.0051131367063924,0.0001569018140584,PCA
Feat 224,0.0002982893545581,-0.0010890826276563,0.0007907932731028,PCA
Feat 225,0.0040826166160062,0.0040233429538725,-0.0081059595698852,PCA
Feat 226,0.0004622524737659,0.0001296461869532,-0.0005918986607244,PCA
subject,0.0009104447298943,-0.001473093215541,0.0005626484856533,PCA
Feat 1,-0.0123723704899002,0.0123336220957647,3.874839414237013e-05,Isomap
Feat 2,-0.0282565429870711,0.0348861867135052,-0.00662964372639,Isomap
Feat 3,0.021798329423444,0.0310700696071119,-0.0528683990305595,Isomap
Feat 4,0.0314830516917433,-0.0018785368220245,-0.029604514869722,Isomap
Feat 5,-0.0349948105506234,-0.0180095901241465,0.0530044006747902,Isomap
Feat 6,0.0448128056295317,-0.0556349519716448,0.010822146342168,Isomap
Feat 7,-0.0480989109396499,0.0170557858620699,0.0310431250775968,Isomap
Feat 8,-0.0612310956264131,0.0278895513538456,0.0333415442725911,Isomap
Feat 9,0.0589298108210691,0.0065106607879492,-0.0654404716089843,Isomap
Feat 10,-0.0376113336275127,0.0443683303276539,-0.0067569967001153,Isomap
Feat 11,-0.0004197731787301,0.0276773702303718,-0.0272575970516447,Isomap
Feat 12,0.0279510158800873,-0.0513361849351972,0.0233851690551306,Isomap
Feat 13,0.0414171025603331,0.0020486763152937,-0.0434657788756072,Isomap
Feat 14,-0.0014016572325876,0.0306313847519405,-0.0292297275193072,Isomap
Feat 15,-0.0014627011341092,0.020020192395199,-0.0185574912610789,Isomap
Feat 16,-0.0027906843024478,0.031016654786075,-0.0282259704836693,Isomap
Feat 17,0.0066554740301339,0.0210208307317518,-0.0276763047618344,Isomap
Feat 18,0.0497708325622937,0.0317242877014082,-0.0814951202637048,Isomap
Feat 19,-0.0285757933495082,0.0178588042554903,0.0107169890940369,Isomap
Feat 20,-0.0001946344647615,0.0616517010765551,-0.0614570666117728,Isomap
Feat 21,0.0247825432740016,0.0332706501835429,-0.0580531934575446,Isomap
Feat 22,-0.0015614765132567,0.0258543045577038,-0.0242928280444718,Isomap
Feat 23,0.0038969666906343,0.0089100455753789,-0.0128070122660078,Isomap
Feat 24,-0.00014541556421,-0.0028303560321756,0.0029757715963357,Isomap
Feat 25,-0.030019409824136,-0.0043652264715356,0.0343846362956879,Isomap
Feat 26,-0.0049583585499697,0.0054503273670869,-0.0004919688170905,Isomap
Feat 27,-0.0152316634309137,0.0008269444008047,0.0144047190301302,Isomap
Feat 28,0.0273239037991081,-0.0375748338335253,0.0102509300344087,Isomap
Feat 29,0.0435352481805957,-0.0117925995434566,-0.0317426486371364,Isomap
Feat 30,0.0100318822250776,-0.0139565423983695,0.0039246601732495,Isomap
Feat 31,-0.0346061268603126,0.0161881158673016,0.0184180109930107,Isomap
Feat 32,0.0689585123562311,-0.018341185671156,-0.0506173266850748,Isomap
Feat 33,-0.0266199254319607,0.0262386011907202,0.0003813242412295,Isomap
Feat 34,0.0114685421070109,-0.0175058090009655,0.0060372668939533,Isomap
Feat 35,0.0258299084787957,-0.0397617724754906,0.0139318639967047,Isomap
Feat 36,0.0087276843181729,-0.0261073526613116,0.0173796683431912,Isomap
Feat 37,-0.0236978383447864,0.0161179282548409,0.0075799100899251,Isomap
Feat 38,-0.0154722506297409,0.0540753479405094,-0.038603097310797,Isomap
Feat 39,0.0201269570142023,-0.0358162439971158,0.01568928698293,Isomap
Feat 40,0.0360207529571234,0.017661794800222,-0.0536825477573739,Isomap
Feat 41,0.014399521837119,-0.0161219010862714,0.0017223792491757,Isomap
Feat 42,-0.0189164426908588,0.0029843460350793,0.0159320966557884,Isomap
Feat 43,0.0440273800115718,-0.0126202410380167,-0.0314071389735443,Isomap
Feat 44,0.0090138551158219,-0.0143817551711344,0.005367900055316,Isomap
Feat 45,-0.0128211342403387,-0.0298007903566565,0.042621924596965,Isomap
Feat 46,0.0382962278472948,0.0038727606901889,-0.0421689885375121,Isomap
Feat 47,0.0058512521734313,0.0194430363769023,-0.0252942885503354,Isomap
Feat 48,0.0675802357000597,-0.041199551189487,-0.0263806845105382,Isomap
Feat 49,0.0009505531670246,0.0354617080225588,-0.0364122611895804,Isomap
Feat 50,0.0012889741607544,0.0434802435547253,-0.044769217715491,Isomap
Feat 51,0.0534494207062802,-0.0414434168183593,-0.0120060038879205,Isomap
subject,-0.0323281005338319,0.0115550315792936,0.0207730689545301,Isomap
Feat 1,0.1160756166180673,-0.3273198953077494,0.2112442786897054,Hessian
Feat 2,-0.3002842082253922,0.6827264263452747,-0.3824422181199083,Hessian
Feat 3,0.3632565032139245,0.4809461434283477,-0.8442026466422479,Hessian
Feat 4,-0.8065888895686371,0.4750766626414855,0.3315122269272103,Hessian
Feat 5,-0.1975857651882714,0.1006982141744226,0.0968875510138497,Hessian
Feat 6,0.1074439555951154,-0.5862875831738772,0.4788436275786513,Hessian
Feat 7,0.8584547869764232,-0.2819636253711262,-0.5764911616052779,Hessian
Feat 8,0.2052995311706686,0.1997184549132891,-0.4050179860839893,Hessian
Feat 9,-0.7375357887565239,0.0259527705020249,0.711583018254518,Hessian
Feat 10,-0.6580549728132746,0.0326400685331917,0.6254149042800267,Hessian
Feat 11,-0.1606179295303042,0.2685912146967543,-0.1079732851664665,Hessian
Feat 12,-0.1544756283402265,0.0783054151364679,0.0761702132037589,Hessian
Feat 13,0.1051976132253581,-0.1254067261154891,0.0202091128901062,Hessian
Feat 14,0.1887348863256151,-0.0438162220806354,-0.144918664244996,Hessian
Feat 15,-0.4408844722238668,0.5020916250229305,-0.0612071527989958,Hessian
Feat 16,0.2869065176644925,0.5058182145007022,-0.7927247321651735,Hessian
Feat 17,-0.0343680131910066,0.3545102887594082,-0.3201422755684254,Hessian
Feat 18,-0.476287055085557,0.0151073570922634,0.4611796979933757,Hessian
Feat 19,0.1688074116664273,0.1744599743726865,-0.3432673860391383,Hessian
Feat 20,-0.4206985372226052,-0.1757912453590636,0.5964897825816808,Hessian
Feat 21,-0.0660689291066589,0.0307817905450098,0.0352871385616295,Hessian
subject,-0.0005045879093484,-0.0023249909925355,0.0028295789019103,Hessian
Feat 1,-0.0015860765086238,-0.0005081536014342,0.0020942301100477,MDS
Feat 2,0.0014582776933513,-0.0016263842696595,0.000168106576359,MDS
Feat 3,0.0004803244738493,-0.0002947445555979,-0.0001855799182407,MDS
Feat 4,0.0012617932844582,-0.0012622310720187,4.377875653490868e-07,MDS
Feat 5,0.0004980785896548,-0.0019326210944329,0.0014345425047528,MDS
subject,0.0118135258981425,-0.0169006207176959,0.0050870948195634,MDS
Feat 1,0.0018169567896097,-0.0014711374299748,-0.0003458193596357,t-SNE
Feat 2,0.0032573650830586,-0.0036818583790601,0.0004244932960024,t-SNE
Feat 3,-0.0097978416714537,0.0047634863512083,0.005034355320244,t-SNE
subject,-0.0012657008072027,-0.0027522518809604,0.0040179526881631,t-SNE
