feature,anger_coefs,disgust_coefs,fear_coefs,method
Frontal Pole,0.5674642011172244,-0.0945966800987754,-0.472867521018449,Harvard_Oxford cort 0 x 1
Insular Cortex,-0.0192530627606621,-0.2346430109328854,0.2538960736935436,Harvard_Oxford cort 0 x 1
Superior Frontal Gyrus,0.1462766909241617,-0.2075016383405761,0.0612249474164129,Harvard_Oxford cort 0 x 1
Middle Frontal Gyrus,-0.2911840341351961,0.1152561395859888,0.1759278945492053,Harvard_Oxford cort 0 x 1
"Inferior Frontal Gyrus, pars triangularis",-0.4303418776193243,0.1996359881438471,0.2307058894754765,Harvard_Oxford cort 0 x 1
"Inferior Frontal Gyrus, pars opercularis",-0.2384771095784257,0.0655738717510888,0.1729032378273384,Harvard_Oxford cort 0 x 1
Precentral Gyrus,-0.1038263907775093,0.3025830809303088,-0.1987566901528063,Harvard_Oxford cort 0 x 1
Temporal Pole,-0.0928957130965176,0.1779166669714192,-0.0850209538748929,Harvard_Oxford cort 0 x 1
"Superior Temporal Gyrus, anterior division",-0.1097919723130259,-0.3660101843899392,0.4758021567029742,Harvard_Oxford cort 0 x 1
"Superior Temporal Gyrus, posterior division",0.1048923343216126,0.2603765156974744,-0.3652688500190837,Harvard_Oxford cort 0 x 1
"Middle Temporal Gyrus, anterior division",-0.154732878039513,-0.0190394158891481,0.1737722939286632,Harvard_Oxford cort 0 x 1
"Middle Temporal Gyrus, posterior division",-0.2751190313233354,-0.1973797367079821,0.4724987680313262,Harvard_Oxford cort 0 x 1
"Middle Temporal Gyrus, temporooccipital part",0.183953584198803,0.2382502301758909,-0.4222038143746967,Harvard_Oxford cort 0 x 1
"Inferior Temporal Gyrus, anterior division",-0.085469946730853,0.1093080175797083,-0.0238380708488447,Harvard_Oxford cort 0 x 1
"Inferior Temporal Gyrus, posterior division",-0.0166752921253772,-0.1664681665191121,0.183143458644488,Harvard_Oxford cort 0 x 1
"Inferior Temporal Gyrus, temporooccipital part",0.1310366339730278,0.1871401245035411,-0.3181767584765718,Harvard_Oxford cort 0 x 1
Postcentral Gyrus,0.0980455237823763,-0.4292553809671559,0.3312098571847772,Harvard_Oxford cort 0 x 1
Superior Parietal Lobule,-0.092167099731293,0.5276764557911434,-0.4355093560598609,Harvard_Oxford cort 0 x 1
"Supramarginal Gyrus, anterior division",0.3366799933113357,-0.455775383230839,0.1190953899195055,Harvard_Oxford cort 0 x 1
"Supramarginal Gyrus, posterior division",0.1014115457761998,0.2289301334016108,-0.330341679177808,Harvard_Oxford cort 0 x 1
Angular Gyrus,-0.1197376103231822,-0.0840990429816164,0.2038366533047946,Harvard_Oxford cort 0 x 1
"Lateral Occipital Cortex, superior division",0.0548274578526807,-0.0197230450751044,-0.0351044127775761,Harvard_Oxford cort 0 x 1
"Lateral Occipital Cortex, inferior division",0.4605930375785336,0.0941639232054669,-0.5547569607840002,Harvard_Oxford cort 0 x 1
Intracalcarine Cortex,0.366095226809335,0.1578986323046562,-0.5239938591139978,Harvard_Oxford cort 0 x 1
Frontal Medial Cortex,0.361137645541856,-0.1623169663892482,-0.1988206791526046,Harvard_Oxford cort 0 x 1
Juxtapositional Lobule Cortex (formerly Supplementary Motor Cortex),-0.0136114533234017,-0.0846026680137082,0.098214121337108,Harvard_Oxford cort 0 x 1
Subcallosal Cortex,-0.108417071867793,0.0113184938122578,0.0970985780555346,Harvard_Oxford cort 0 x 1
Paracingulate Gyrus,-0.1946822529979998,0.425783089799737,-0.2311008368017386,Harvard_Oxford cort 0 x 1
"Cingulate Gyrus, anterior division",0.4683833543620981,-0.3991032876009434,-0.0692800667611672,Harvard_Oxford cort 0 x 1
"Cingulate Gyrus, posterior division",-0.059870080388375,-0.138960274905354,0.1988303552937272,Harvard_Oxford cort 0 x 1
Precuneous Cortex,0.0969508575805471,-0.4323564881696564,0.3354056305891044,Harvard_Oxford cort 0 x 1
Cuneal Cortex,-0.2506255895204755,0.4313359223212122,-0.1807103328007478,Harvard_Oxford cort 0 x 1
Frontal Orbital Cortex,-0.0890266134955017,0.0755095544722367,0.0135170590232656,Harvard_Oxford cort 0 x 1
"Parahippocampal Gyrus, anterior division",0.2954842641129007,-0.0940822299809565,-0.2014020341319417,Harvard_Oxford cort 0 x 1
"Parahippocampal Gyrus, posterior division",-0.2479590434110473,-0.2747859393259499,0.5227449827370003,Harvard_Oxford cort 0 x 1
Lingual Gyrus,0.3094177725130465,0.1141134490228977,-0.4235312215359565,Harvard_Oxford cort 0 x 1
"Temporal Fusiform Cortex, anterior division",-0.0519502381916776,-0.0644919748809834,0.1164422130726627,Harvard_Oxford cort 0 x 1
"Temporal Fusiform Cortex, posterior division",-0.4153126877340382,-0.0200459835180857,0.4353586712521332,Harvard_Oxford cort 0 x 1
Temporal Occipital Fusiform Cortex,0.110913726992593,-0.1580167369170135,0.0471030099244249,Harvard_Oxford cort 0 x 1
Occipital Fusiform Gyrus,-0.2981800102002701,0.0347635870016618,0.2634164231986116,Harvard_Oxford cort 0 x 1
Frontal Operculum Cortex,0.0907899897858823,-0.0037715733369685,-0.0870184164489109,Harvard_Oxford cort 0 x 1
Central Opercular Cortex,0.1216328016012104,0.313455518710092,-0.4350883203113113,Harvard_Oxford cort 0 x 1
Parietal Operculum Cortex,-0.2165482252981482,0.136991422434292,0.0795568028638634,Harvard_Oxford cort 0 x 1
Planum Polare,-0.2945066447070096,0.2521879518083832,0.0423186928986325,Harvard_Oxford cort 0 x 1
Heschl's Gyrus (includes H1 and H2),0.1445340042782785,-0.1202566598421458,-0.0242773444361337,Harvard_Oxford cort 0 x 1
Planum Temporale,-0.1023277633832028,-0.2180552999688021,0.3203830633520084,Harvard_Oxford cort 0 x 1
Supracalcarine Cortex,-0.203086470017289,-0.2055115671879758,0.4085980372052706,Harvard_Oxford cort 0 x 1
Occipital Pole,-0.1270853547771742,-0.4358682053640208,0.5629535601411978,Harvard_Oxford cort 0 x 1
subject,-0.0385676580162587,0.0081265499384379,0.0304411080778254,Harvard_Oxford cort 0 x 1
Left Frontal Pole,0.3857088573947368,0.0247573650920151,-0.4104662224867613,Harvard_Oxford cortl 0 x 1
Right Frontal Pole,0.3555297482624499,-0.0150274633832852,-0.3405022848791691,Harvard_Oxford cortl 0 x 1
Left Insular Cortex,0.2897085133543473,-0.5611049877326645,0.2713964743783238,Harvard_Oxford cortl 0 x 1
Right Insular Cortex,-0.359656176799908,0.0675081829040647,0.292147993895849,Harvard_Oxford cortl 0 x 1
Left Superior Frontal Gyrus,0.4201720688006204,-0.5294722037787433,0.1093001349781065,Harvard_Oxford cortl 0 x 1
Right Superior Frontal Gyrus,0.0367872259872468,0.0630389153975708,-0.0998261413848209,Harvard_Oxford cortl 0 x 1
Left Middle Frontal Gyrus,-0.2029168599440132,0.135022820729877,0.0678940392141273,Harvard_Oxford cortl 0 x 1
Right Middle Frontal Gyrus,-0.2056622248199682,-0.0864517303131415,0.2921139551331198,Harvard_Oxford cortl 0 x 1
"Left Inferior Frontal Gyrus, pars triangularis",-0.6310989582376247,0.2343785313185802,0.3967204269190363,Harvard_Oxford cortl 0 x 1
"Right Inferior Frontal Gyrus, pars triangularis",0.0640841787113837,0.0126333629827456,-0.0767175416941352,Harvard_Oxford cortl 0 x 1
"Left Inferior Frontal Gyrus, pars opercularis",-0.0243917429252081,0.0479008957125002,-0.0235091527872914,Harvard_Oxford cortl 0 x 1
"Right Inferior Frontal Gyrus, pars opercularis",-0.2873302922834604,0.0175096339911677,0.2698206582922925,Harvard_Oxford cortl 0 x 1
Left Precentral Gyrus,-0.0418158133149024,-0.1225092976036496,0.1643251109185504,Harvard_Oxford cortl 0 x 1
Right Precentral Gyrus,-0.1040200744418623,0.2022257943136367,-0.098205719871774,Harvard_Oxford cortl 0 x 1
Left Temporal Pole,-0.0321048601730764,0.1457608478931704,-0.1136559877200923,Harvard_Oxford cortl 0 x 1
Right Temporal Pole,0.1558640559002682,-0.1779666237575391,0.02210256785727,Harvard_Oxford cortl 0 x 1
"Left Superior Temporal Gyrus, anterior division",-0.0801162160790552,-0.0620904975549538,0.1422067136340093,Harvard_Oxford cortl 0 x 1
"Right Superior Temporal Gyrus, anterior division",-0.0272435042370466,-0.3533915484578884,0.3806350526949287,Harvard_Oxford cortl 0 x 1
"Left Superior Temporal Gyrus, posterior division",-0.1573978406620228,0.1046563141807006,0.052741526481333,Harvard_Oxford cortl 0 x 1
"Right Superior Temporal Gyrus, posterior division",0.1423907885355504,0.2726740760389265,-0.4150648645744801,Harvard_Oxford cortl 0 x 1
"Left Middle Temporal Gyrus, anterior division",-0.3516575983536756,0.1611133858555136,0.1905442124981657,Harvard_Oxford cortl 0 x 1
"Right Middle Temporal Gyrus, anterior division",0.0618142289807231,-0.0696891649055076,0.0078749359247832,Harvard_Oxford cortl 0 x 1
"Left Middle Temporal Gyrus, posterior division",0.107377637400799,-0.1625961373075591,0.0552184999067637,Harvard_Oxford cortl 0 x 1
"Right Middle Temporal Gyrus, posterior division",-0.3235713418191424,-0.1523509944072333,0.4759223362263756,Harvard_Oxford cortl 0 x 1
"Left Middle Temporal Gyrus, temporooccipital part",0.1367490222083894,0.1880449703310827,-0.3247939925394753,Harvard_Oxford cortl 0 x 1
"Right Middle Temporal Gyrus, temporooccipital part",0.1936232009268337,0.279884917322698,-0.4735081182495159,Harvard_Oxford cortl 0 x 1
"Left Inferior Temporal Gyrus, anterior division",-0.1512854494130081,-0.0046641676020691,0.1559496170150839,Harvard_Oxford cortl 0 x 1
"Right Inferior Temporal Gyrus, anterior division",0.2250120743501719,0.1150876985075057,-0.3400997728576768,Harvard_Oxford cortl 0 x 1
"Left Inferior Temporal Gyrus, posterior division",-0.2037241372453984,-0.2606999792623236,0.4644241165077267,Harvard_Oxford cortl 0 x 1
"Right Inferior Temporal Gyrus, posterior division",0.3132115091381194,-0.0293135108620622,-0.2838979982760569,Harvard_Oxford cortl 0 x 1
"Left Inferior Temporal Gyrus, temporooccipital part",0.0867675418031452,0.2376295848021152,-0.3243971266052594,Harvard_Oxford cortl 0 x 1
"Right Inferior Temporal Gyrus, temporooccipital part",0.2911759518741549,-0.1114244103507798,-0.1797515415233776,Harvard_Oxford cortl 0 x 1
Left Postcentral Gyrus,-0.2668105137870865,-0.0430726374099011,0.3098831511969869,Harvard_Oxford cortl 0 x 1
Right Postcentral Gyrus,0.1268182310268786,-0.2049317428646308,0.0781135118377483,Harvard_Oxford cortl 0 x 1
Left Superior Parietal Lobule,0.1556108764415426,0.3038173421269239,-0.4594282185684744,Harvard_Oxford cortl 0 x 1
Right Superior Parietal Lobule,-0.385545027685828,0.2884640380784635,0.097080989607364,Harvard_Oxford cortl 0 x 1
"Left Supramarginal Gyrus, anterior division",0.2100327942420984,-0.4841696891502138,0.2741368949081061,Harvard_Oxford cortl 0 x 1
"Right Supramarginal Gyrus, anterior division",0.3274242668446664,-0.2597194369402451,-0.0677048299044202,Harvard_Oxford cortl 0 x 1
"Left Supramarginal Gyrus, posterior division",0.0120804862990741,0.0473746902918233,-0.0594551765909019,Harvard_Oxford cortl 0 x 1
"Right Supramarginal Gyrus, posterior division",0.1126117782456638,0.3772912368959868,-0.489903015141643,Harvard_Oxford cortl 0 x 1
Left Angular Gyrus,-0.5804452353257987,0.15511401150434,0.4253312238214523,Harvard_Oxford cortl 0 x 1
Right Angular Gyrus,0.0566245643306937,-0.0004506883797972,-0.0561738759508994,Harvard_Oxford cortl 0 x 1
"Left Lateral Occipital Cortex, superior division",-0.3657864828132314,0.0580345616186885,0.3077519211945482,Harvard_Oxford cortl 0 x 1
"Right Lateral Occipital Cortex, superior division",0.6534973550892921,-0.0350843838915549,-0.6184129711977642,Harvard_Oxford cortl 0 x 1
"Left Lateral Occipital Cortex, inferior division",0.5190526203948123,0.1381426291777092,-0.6571952495725106,Harvard_Oxford cortl 0 x 1
"Right Lateral Occipital Cortex, inferior division",0.1426034531603006,0.0340944101585927,-0.1766978633188912,Harvard_Oxford cortl 0 x 1
Left Intracalcarine Cortex,-0.2337025078591326,0.1965490562873659,0.0371534515717696,Harvard_Oxford cortl 0 x 1
Right Intracalcarine Cortex,0.1947923747939675,0.2964658913649046,-0.4912582661588741,Harvard_Oxford cortl 0 x 1
Left Frontal Medial Cortex,0.6432248173728627,-0.1975073458096576,-0.4457174715632186,Harvard_Oxford cortl 0 x 1
Right Frontal Medial Cortex,-0.0344828929057434,-0.0632565807714905,0.0977394736772358,Harvard_Oxford cortl 0 x 1
Left Juxtapositional Lobule Cortex (formerly Supplementary Motor Cortex),-0.0554844769138391,-0.2406619001134596,0.2961463770273028,Harvard_Oxford cortl 0 x 1
Right Juxtapositional Lobule Cortex (formerly Supplementary Motor Cortex),0.0492791135657321,0.2774453972809869,-0.3267245108467115,Harvard_Oxford cortl 0 x 1
Left Subcallosal Cortex,0.0431288850216686,-0.2241882752528328,0.1810593902311578,Harvard_Oxford cortl 0 x 1
Right Subcallosal Cortex,-0.1454402766163597,0.176715486444865,-0.0312752098284997,Harvard_Oxford cortl 0 x 1
Left Paracingulate Gyrus,-0.0509659610803191,0.1930514683922367,-0.1420855073119164,Harvard_Oxford cortl 0 x 1
Right Paracingulate Gyrus,-0.2573130500408184,0.402352856813518,-0.1450398067726855,Harvard_Oxford cortl 0 x 1
"Left Cingulate Gyrus, anterior division",0.0819797974921503,-0.0855576180015659,0.0035778205094153,Harvard_Oxford cortl 0 x 1
"Right Cingulate Gyrus, anterior division",0.4505996546556555,-0.4921626005236583,0.0415629458680126,Harvard_Oxford cortl 0 x 1
"Left Cingulate Gyrus, posterior division",0.1418295910453422,-0.2173195697899123,0.0754899787445693,Harvard_Oxford cortl 0 x 1
"Right Cingulate Gyrus, posterior division",-0.2573353392142288,0.0559906402169764,0.2013446989972511,Harvard_Oxford cortl 0 x 1
Left Precuneous Cortex,0.0189411114056838,-0.2373534930473632,0.2184123816416824,Harvard_Oxford cortl 0 x 1
Right Precuneous Cortex,0.0467159598162548,-0.2946480020365333,0.2479320422202861,Harvard_Oxford cortl 0 x 1
Left Cuneal Cortex,-0.4423541653604451,0.3318260936823509,0.1105280716780902,Harvard_Oxford cortl 0 x 1
Right Cuneal Cortex,0.0775694738535769,0.1532008256439868,-0.2307702994975608,Harvard_Oxford cortl 0 x 1
Left Frontal Orbital Cortex,-0.3718833283219283,0.3422108259879708,0.0296725023339637,Harvard_Oxford cortl 0 x 1
Right Frontal Orbital Cortex,0.0086257733957029,-0.1610376198177078,0.1524118464219991,Harvard_Oxford cortl 0 x 1
"Left Parahippocampal Gyrus, anterior division",0.0619457762960395,-0.330344426344506,0.2683986500484738,Harvard_Oxford cortl 0 x 1
"Right Parahippocampal Gyrus, anterior division",0.3804679056429012,-0.0738911896936823,-0.3065767159492363,Harvard_Oxford cortl 0 x 1
"Left Parahippocampal Gyrus, posterior division",-0.1762419887017679,-0.0425968763992091,0.218838865100972,Harvard_Oxford cortl 0 x 1
"Right Parahippocampal Gyrus, posterior division",0.0031635169239316,-0.0837626696054211,0.0805991526814903,Harvard_Oxford cortl 0 x 1
Left Lingual Gyrus,0.7564103165474692,-0.5144532850693783,-0.241957031478089,Harvard_Oxford cortl 0 x 1
Right Lingual Gyrus,-0.0995300308464249,0.2736939444410887,-0.1741639135946633,Harvard_Oxford cortl 0 x 1
"Left Temporal Fusiform Cortex, anterior division",0.0402243781904076,-0.1791822333691085,0.1389578551787132,Harvard_Oxford cortl 0 x 1
"Right Temporal Fusiform Cortex, anterior division",-0.2372204682290734,0.154462747088817,0.0827577211402499,Harvard_Oxford cortl 0 x 1
"Left Temporal Fusiform Cortex, posterior division",-0.3292922283703608,-0.1556471054934285,0.4849393338637853,Harvard_Oxford cortl 0 x 1
"Right Temporal Fusiform Cortex, posterior division",-0.3257283663876263,0.3304527136618274,-0.0047243472741871,Harvard_Oxford cortl 0 x 1
Left Temporal Occipital Fusiform Cortex,0.0710023052043768,-0.0655994274480752,-0.0054028777563026,Harvard_Oxford cortl 0 x 1
Right Temporal Occipital Fusiform Cortex,-0.107791883290695,-0.1782069660583885,0.2859988493490776,Harvard_Oxford cortl 0 x 1
Left Occipital Fusiform Gyrus,-0.7139499416388853,0.4623012177000817,0.2516487239387949,Harvard_Oxford cortl 0 x 1
Right Occipital Fusiform Gyrus,0.3069397759232664,-0.2861271416296533,-0.0208126342936216,Harvard_Oxford cortl 0 x 1
Left Frontal Operculum Cortex,0.1903156618946087,-0.0689443280000182,-0.1213713338945863,Harvard_Oxford cortl 0 x 1
Right Frontal Operculum Cortex,0.0862049078096977,0.1109524025194561,-0.1971573103291562,Harvard_Oxford cortl 0 x 1
Left Central Opercular Cortex,0.1639928894836982,-0.0352368801989054,-0.1287560092847926,Harvard_Oxford cortl 0 x 1
Right Central Opercular Cortex,0.1716509479792615,0.6907721314104166,-0.8624230793896706,Harvard_Oxford cortl 0 x 1
Left Parietal Operculum Cortex,-0.3629308162641756,-0.0718273883193191,0.4347582045834867,Harvard_Oxford cortl 0 x 1
Right Parietal Operculum Cortex,0.161701623189791,0.0398612490487578,-0.2015628722385465,Harvard_Oxford cortl 0 x 1
Left Planum Polare,-0.6725029200629058,0.5106453485678271,0.1618575714951041,Harvard_Oxford cortl 0 x 1
Right Planum Polare,0.0342454034194474,-0.1063874230179906,0.0721420195985532,Harvard_Oxford cortl 0 x 1
Left Heschl's Gyrus (includes H1 and H2),0.1527578779781168,0.1288380648503556,-0.281595942828491,Harvard_Oxford cortl 0 x 1
Right Heschl's Gyrus (includes H1 and H2),-0.0251924047093137,-0.1755510860101936,0.2007434907195052,Harvard_Oxford cortl 0 x 1
Left Planum Temporale,0.09996002715188,-0.0960174533828966,-0.0039425737689793,Harvard_Oxford cortl 0 x 1
Right Planum Temporale,-0.2482010725988095,-0.4101796485954784,0.6583807211942869,Harvard_Oxford cortl 0 x 1
Left Supracalcarine Cortex,-0.0939556653193344,0.1721973758378281,-0.0782417105184961,Harvard_Oxford cortl 0 x 1
Right Supracalcarine Cortex,-0.0205874095054918,-0.4201199480223185,0.4407073575277998,Harvard_Oxford cortl 0 x 1
Left Occipital Pole,-0.4680546309784242,-0.13441449776951,0.6024691287479207,Harvard_Oxford cortl 0 x 1
Right Occipital Pole,0.3277680097908603,-0.5413198466205128,0.2135518368296455,Harvard_Oxford cortl 0 x 1
subject,-0.0559487545687912,0.0134784329580137,0.0424703216107722,Harvard_Oxford cortl 0 x 1
Left Cerebral White Matter,-0.1908414731101573,0.3142958611763053,-0.1234543880661501,Harvard_Oxford sub 0 x 1
Left Cerebral Cortex ,-0.3662414575580443,0.1514547061985678,0.2147867513594767,Harvard_Oxford sub 0 x 1
Left Lateral Ventrical,0.1723493323464527,-0.1809760559776244,0.0086267236311725,Harvard_Oxford sub 0 x 1
Left Thalamus,-0.2065233200686658,0.0011931132384596,0.2053302068302038,Harvard_Oxford sub 0 x 1
Left Caudate,-0.075255541647077,0.2211556877326215,-0.1459001460855455,Harvard_Oxford sub 0 x 1
Left Putamen,-0.0153619377745181,-0.0970621380014974,0.112424075776019,Harvard_Oxford sub 0 x 1
Left Pallidum,0.0318988478255303,0.1283545625170151,-0.1602534103425451,Harvard_Oxford sub 0 x 1
Brain-Stem,0.0424584632668805,-0.1242601039436794,0.0818016406768008,Harvard_Oxford sub 0 x 1
Left Hippocampus,-0.1995736183952424,-0.1811099201185938,0.3806835385138416,Harvard_Oxford sub 0 x 1
Left Amygdala,0.0081607755944942,0.1335792051143521,-0.1417399807088459,Harvard_Oxford sub 0 x 1
Left Accumbens,0.1100418463266702,-0.1153007580819212,0.0052589117552512,Harvard_Oxford sub 0 x 1
Right Cerebral White Matter,0.2545205191631015,0.1395461290287805,-0.3940666481918842,Harvard_Oxford sub 0 x 1
Right Cerebral Cortex ,0.423993063312396,-0.2438186269766557,-0.1801744363357395,Harvard_Oxford sub 0 x 1
Right Lateral Ventricle,0.1842875556332758,-0.0036768692316011,-0.1806106864016795,Harvard_Oxford sub 0 x 1
Right Thalamus,0.0592084486096,0.1432397342042253,-0.2024481828138261,Harvard_Oxford sub 0 x 1
Right Caudate,-0.0531435320109749,-0.2130341511734295,0.2661776831844045,Harvard_Oxford sub 0 x 1
Right Putamen,-0.1767245573934669,-0.029732579787232,0.2064571371806977,Harvard_Oxford sub 0 x 1
Right Pallidum,-0.1185354027427424,-0.1287273608149566,0.247262763557702,Harvard_Oxford sub 0 x 1
Right Hippocampus,-0.0571607431943278,-0.1839242905550743,0.2410850337494005,Harvard_Oxford sub 0 x 1
Right Amygdala,0.1358298005469644,0.0433805923883508,-0.1792103929353186,Harvard_Oxford sub 0 x 1
Right Accumbens,0.0535831745337856,0.0640531683110508,-0.1176363428448362,Harvard_Oxford sub 0 x 1
subject,-0.0084242418259389,-0.0060329833680299,0.0144572251939714,Harvard_Oxford sub 0 x 1
GM Amygdala_centromedial group,-0.3775741940370963,0.2943107589658142,0.0832634350712787,Juelich 0 x 1
GM Amygdala_laterobasal group,0.2632074008870367,-0.1591810308785087,-0.1040263700085296,Juelich 0 x 1
GM Amygdala_superficial group,0.0923777229935617,0.3896046908525492,-0.4819824138461072,Juelich 0 x 1
GM Anterior intra-parietal sulcus hIP1,-0.357680028783565,-0.148252420529296,0.5059324493128554,Juelich 0 x 1
GM Anterior intra-parietal sulcus hIP2,0.5352641755719241,-0.3667338960182178,-0.1685302795537041,Juelich 0 x 1
GM Anterior intra-parietal sulcus hIP3,0.1533549319880543,0.3648472840300409,-0.5182022160181052,Juelich 0 x 1
GM Broca's area BA44,-0.2534199677662528,0.4834445019325374,-0.2300245341662812,Juelich 0 x 1
GM Broca's area BA45,-0.1414797814438334,0.0392433119810908,0.1022364694627452,Juelich 0 x 1
GM Hippocampus cornu ammonis,-0.2841115066058944,-0.0606366731859557,0.3447481797918524,Juelich 0 x 1
GM Hippocampus dentate gyrus,0.1215888602081093,-0.1986143016106102,0.0770254414024913,Juelich 0 x 1
GM Hippocampus entorhinal cortex,0.0425466952500235,-0.0645917557651342,0.0220450605151173,Juelich 0 x 1
GM Hippocampus hippocampal-amygdaloid transition area,-0.2045660663768765,-0.0778131062884828,0.2823791726653539,Juelich 0 x 1
GM Hippocampus subiculum,-0.1863788696138039,-0.3411044030645882,0.5274832726784067,Juelich 0 x 1
GM Inferior parietal lobule PF,0.0608519623198511,-0.1053614857718557,0.0445095234520125,Juelich 0 x 1
GM Inferior parietal lobule PFcm,-0.3190858151100109,0.2769095790154328,0.0421762360945847,Juelich 0 x 1
GM Inferior parietal lobule PFm,-0.0443540898900089,0.4153764916640534,-0.3710224017740552,Juelich 0 x 1
GM Inferior parietal lobule PFop,0.2894565661218835,-0.0512922167533043,-0.2381643493685798,Juelich 0 x 1
GM Inferior parietal lobule PFt,0.1211953646969559,-0.490050028463639,0.3688546637666917,Juelich 0 x 1
GM Inferior parietal lobule PGp,0.0508220907052864,0.0842735473179187,-0.1350956380232005,Juelich 0 x 1
GM Inferior parietal lobule Pga,5.90434278279553e-05,-0.5279898798640961,0.5279308364362559,Juelich 0 x 1
GM Insula Id1,-0.1020134943028541,0.0088456593208374,0.0931678349820231,Juelich 0 x 1
GM Insula Ig1,0.0712238401636,-0.1022349604154182,0.0310111202518209,Juelich 0 x 1
GM Insula Ig2,0.0606950726419318,-0.0595430456492192,-0.0011520269927115,Juelich 0 x 1
GM Lateral geniculate body,0.0446972541069316,-0.2556750906736635,0.2109778365667273,Juelich 0 x 1
GM Mamillary body,-0.1693514762666247,-0.0899944392916968,0.2593459155583164,Juelich 0 x 1
GM Medial geniculate body,0.0181466691209676,0.2103933476457178,-0.2285400167666834,Juelich 0 x 1
GM Premotor cortex BA6,0.0951830250783125,-0.2121886858922665,0.1170056608139532,Juelich 0 x 1
GM Primary auditory cortex TE1.0,-0.1802591105189056,-0.0321184655601674,0.2123775760790723,Juelich 0 x 1
GM Primary auditory cortex TE1.1,-0.2401217543201576,0.2111436473653944,0.0289781069547752,Juelich 0 x 1
GM Primary auditory cortex TE1.2,0.135864174860273,-0.0414278818087459,-0.0944362930515265,Juelich 0 x 1
GM Primary motor cortex BA4a,0.3102756647757153,-0.3418590373571106,0.0315833725813978,Juelich 0 x 1
GM Primary motor cortex BA4p,-0.3341341297671854,0.125555765011633,0.2085783647555521,Juelich 0 x 1
GM Primary somatosensory cortex BA1,-0.1862796614776398,-0.1504200380377009,0.336699699515336,Juelich 0 x 1
GM Primary somatosensory cortex BA2,-0.0344376043285122,0.0629935563427497,-0.0285559520142431,Juelich 0 x 1
GM Primary somatosensory cortex BA3a,0.2461547048973542,0.0773276488850685,-0.3234823537824226,Juelich 0 x 1
GM Primary somatosensory cortex BA3b,-0.2227465690152611,0.5169021767526554,-0.2941556077373961,Juelich 0 x 1
GM Secondary somatosensory cortex / Parietal operculum OP1,-0.0063942275903823,-0.3455004461303893,0.3518946737207828,Juelich 0 x 1
GM Secondary somatosensory cortex / Parietal operculum OP2,0.1922322125943508,-0.696101285627006,0.5038690730326544,Juelich 0 x 1
GM Secondary somatosensory cortex / Parietal operculum OP3,-0.3180871568977189,0.5278640936139231,-0.2097769367162024,Juelich 0 x 1
GM Secondary somatosensory cortex / Parietal operculum OP4,0.4465463362495485,0.1818621654085098,-0.6284085016580366,Juelich 0 x 1
GM Superior parietal lobule 5Ci,-0.0396949780078567,0.0603415112619692,-0.0206465332541129,Juelich 0 x 1
GM Superior parietal lobule 5L,-0.1687809549133861,0.1288017129240466,0.039979241989336,Juelich 0 x 1
GM Superior parietal lobule 5M,0.3280463596074159,-0.2852393598924627,-0.0428069997149504,Juelich 0 x 1
GM Superior parietal lobule 7A,-0.1904449272883636,0.0648303464252967,0.1256145808630631,Juelich 0 x 1
GM Superior parietal lobule 7M,0.0809432572875784,-0.0279930496370202,-0.0529502076505585,Juelich 0 x 1
GM Superior parietal lobule 7P,-0.1418682424477401,0.0194617299870911,0.1224065124606488,Juelich 0 x 1
GM Superior parietal lobule 7PC,-0.2753125822495591,0.5095429382895588,-0.2342303560399984,Juelich 0 x 1
GM Visual cortex V1 BA17,-0.0116626754349285,-0.2388872090139188,0.2505498844488459,Juelich 0 x 1
GM Visual cortex V2 BA18,-0.2364223295711325,0.7139022078007069,-0.4774798782295676,Juelich 0 x 1
GM Visual cortex V3V,0.2530799526828822,-0.381754552274337,0.1286745995914592,Juelich 0 x 1
GM Visual cortex V4,0.0065885644719285,-0.1481489042159514,0.1415603397440207,Juelich 0 x 1
GM Visual cortex V5,0.4196274038701291,-0.0010390848780469,-0.418588318992082,Juelich 0 x 1
WM Acoustic radiation,0.0424600742282561,0.1646367494508014,-0.207096823679061,Juelich 0 x 1
WM Callosal body,0.4579250984330416,-0.529109760867981,0.0711846624349379,Juelich 0 x 1
WM Cingulum,0.1435924177729771,-0.0034453024127206,-0.140147115360253,Juelich 0 x 1
WM Corticospinal tract,0.1688583507305862,-0.1334037219443161,-0.0354546287862601,Juelich 0 x 1
WM Fornix,0.0836312987977281,0.3447214990310868,-0.4283527978288234,Juelich 0 x 1
WM Inferior occipito-frontal fascicle,-0.358447975998349,-0.0987121276177685,0.4571601036161151,Juelich 0 x 1
WM Optic radiation,-0.1146401991991744,0.338143915008106,-0.22350371580893,Juelich 0 x 1
WM Superior longitudinal fascicle,-0.1171915285584523,0.159787039412815,-0.042595510854361,Juelich 0 x 1
WM Superior occipito-frontal fascicle,-0.2243509550208018,-0.1387083623303356,0.3630593173511359,Juelich 0 x 1
WM Uncinate fascicle,0.31710106757665,-0.2500213294874135,-0.0670797380892337,Juelich 0 x 1
subject,-0.0263769012485995,0.0075768051622448,0.0188000960863487,Juelich 0 x 1
Precentral_L,-0.218657150767317,0.2338650621557485,-0.0152079113884337,AAL SPM12
Precentral_R,0.0151103190129293,0.1681481722162831,-0.1832584912292242,AAL SPM12
Frontal_Sup_L,0.1845327532308302,-0.0723888945736383,-0.1121438586571944,AAL SPM12
Frontal_Sup_R,-0.1809310929023348,-0.0154843028191836,0.1964153957215197,AAL SPM12
Frontal_Sup_Orb_L,0.0624315498440823,0.0731960538269069,-0.1356276036709877,AAL SPM12
Frontal_Sup_Orb_R,0.2414931071016582,0.0773542057195627,-0.3188473128212196,AAL SPM12
Frontal_Mid_L,0.1953591174753669,-0.3136425941688853,0.118283476693538,AAL SPM12
Frontal_Mid_R,-0.3193328134319516,-0.0467686427119321,0.3661014561438652,AAL SPM12
Frontal_Mid_Orb_L,0.2458556925170038,-0.1136582859862061,-0.1321974065308014,AAL SPM12
Frontal_Mid_Orb_R,0.2450967034953879,-0.538380701533773,0.2932839980383803,AAL SPM12
Frontal_Inf_Oper_L,-0.2262455123423201,0.3067953332046116,-0.0805498208622825,AAL SPM12
Frontal_Inf_Oper_R,-0.2781253775699647,0.2831180164975824,-0.0049926389276247,AAL SPM12
Frontal_Inf_Tri_L,-0.5157951077536922,0.2362526698716398,0.279542437882043,AAL SPM12
Frontal_Inf_Tri_R,0.065807987111583,0.1405755685598424,-0.206383555671425,AAL SPM12
Frontal_Inf_Orb_L,-0.4159354770530419,0.4865411139777431,-0.0706056369247135,AAL SPM12
Frontal_Inf_Orb_R,-0.2768932690086281,-0.0128857679649326,0.289779036973554,AAL SPM12
Rolandic_Oper_L,0.1134326112695096,-0.0300930441194052,-0.0833395671501084,AAL SPM12
Rolandic_Oper_R,0.266985056152029,0.1763832786263694,-0.4433683347783997,AAL SPM12
Supp_Motor_Area_L,-0.0695563890339738,-0.2297891933637879,0.2993455823977755,AAL SPM12
Supp_Motor_Area_R,0.2514581262800308,0.1019333589030633,-0.3533914851830858,AAL SPM12
Olfactory_L,-0.5092749685513001,-0.1190893819136475,0.6283643504649449,AAL SPM12
Olfactory_R,-0.0512335216923421,0.2155324950141757,-0.1642989733218316,AAL SPM12
Frontal_Sup_Medial_L,0.3349770088001101,0.1031150166260806,-0.4380920254261788,AAL SPM12
Frontal_Sup_Medial_R,-0.0180265203194414,-0.0705606148634666,0.0885871351829094,AAL SPM12
Frontal_Med_Orb_L,0.4167276316963434,-0.1046353433195859,-0.3120922883767532,AAL SPM12
Frontal_Med_Orb_R,0.0364388941538296,0.2479123684277486,-0.2843512625815723,AAL SPM12
Rectus_L,0.5802551526135629,-0.5541501705143842,-0.0261049820991702,AAL SPM12
Rectus_R,0.0373348092931506,-0.0150477799352514,-0.0222870293579047,AAL SPM12
Insula_L,0.131479282771261,-0.1491541788043044,0.017674896033036,AAL SPM12
Insula_R,-0.0896697505867287,-0.0571718216811102,0.1468415722678479,AAL SPM12
Cingulum_Ant_L,-0.2946735480973075,-0.047992241441815,0.3426657895391308,AAL SPM12
Cingulum_Ant_R,-0.2356321064517618,0.127846547325902,0.1077855591258637,AAL SPM12
Cingulum_Mid_L,0.168643523556193,-0.0944642949840013,-0.0741792285722063,AAL SPM12
Cingulum_Mid_R,-0.0825158219391621,0.1608218929443439,-0.0783060710051837,AAL SPM12
Cingulum_Post_L,0.0339786648483309,0.038999265448092,-0.0729779302964266,AAL SPM12
Cingulum_Post_R,-0.1259569729516839,-0.3288659060705468,0.4548228790222358,AAL SPM12
Hippocampus_L,0.1647841383196529,-0.4464309726411231,0.2816468343214702,AAL SPM12
Hippocampus_R,-0.3337549725906437,-0.1372041167235322,0.4709590893141794,AAL SPM12
ParaHippocampal_L,-0.0512341298577087,-0.3236529245693743,0.3748870544270786,AAL SPM12
ParaHippocampal_R,0.1336541268385698,-0.2026167196049029,0.0689625927663209,AAL SPM12
Amygdala_L,-0.1980954010756324,0.3703766959123477,-0.1722812948367128,AAL SPM12
Amygdala_R,0.1151537725687958,0.2123558131227697,-0.3275095856915734,AAL SPM12
Calcarine_L,-0.5042416693674218,-0.184273152503137,0.6885148218705425,AAL SPM12
Calcarine_R,0.2458650084574716,0.0508285467144744,-0.2966935551719451,AAL SPM12
Cuneus_L,-0.5479348563270342,0.4879988817020344,0.0599359746250103,AAL SPM12
Cuneus_R,0.0505669226061845,0.2807638002810967,-0.3313307228872932,AAL SPM12
Lingual_L,0.4197019713724901,-0.343554880077064,-0.0761470912954243,AAL SPM12
Lingual_R,0.3920718158330631,-0.2166174747772915,-0.1754543410557594,AAL SPM12
Occipital_Sup_L,-0.2717162474807981,0.1085834811973718,0.1631327662834257,AAL SPM12
Occipital_Sup_R,0.622813027653971,-0.0403208405150514,-0.5824921871389286,AAL SPM12
Occipital_Mid_L,-0.2470586457451197,0.1572328311527735,0.0898258145923434,AAL SPM12
Occipital_Mid_R,0.2745460189378925,-0.1746540742440004,-0.099891944693878,AAL SPM12
Occipital_Inf_L,0.1682927173265662,0.0797519568061583,-0.24804467413272,AAL SPM12
Occipital_Inf_R,0.0378812670074822,-0.2955518866188538,0.257670619611366,AAL SPM12
Fusiform_L,-0.1003862438646767,-0.0481380765978717,0.148524320462548,AAL SPM12
Fusiform_R,-0.0436389014658929,0.0185312143753683,0.0251076870905277,AAL SPM12
Postcentral_L,-0.1317664272725459,-0.125623882314946,0.257390309587493,AAL SPM12
Postcentral_R,0.1263638727346124,-0.4176406228225168,0.2912767500878901,AAL SPM12
Parietal_Sup_L,0.0269808282697501,0.0050861273918768,-0.0320669556616286,AAL SPM12
Parietal_Sup_R,-0.2924746967463668,0.3828281298413603,-0.090353433094984,AAL SPM12
Parietal_Inf_L,0.4901097646066827,-0.1008670049788548,-0.3892427596278223,AAL SPM12
Parietal_Inf_R,0.258095838657922,0.0607387678626031,-0.3188346065205213,AAL SPM12
SupraMarginal_L,0.0534879835295007,-0.2442361392258668,0.1907481556963645,AAL SPM12
SupraMarginal_R,0.1675390819701897,-0.1886382155606033,0.0210991335904073,AAL SPM12
Angular_L,-0.640864174411685,0.327403854011694,0.3134603203999837,AAL SPM12
Angular_R,0.1116550307458597,0.1537506286552079,-0.2654056594010643,AAL SPM12
Precuneus_L,-0.069527237609103,-0.4175575929112207,0.4870848305203102,AAL SPM12
Precuneus_R,0.1596653532137188,-0.1203830210010045,-0.039282332212714,AAL SPM12
Paracentral_Lobule_L,-0.1738074187521772,0.0507872452039272,0.1230201735482457,AAL SPM12
Paracentral_Lobule_R,-0.1282120905312432,-0.1600298251774013,0.2882419157086404,AAL SPM12
Caudate_L,0.218982683898808,-0.2068393934690308,-0.0121432904297753,AAL SPM12
Caudate_R,0.5429727110812971,-0.6052127347233971,0.0622400236421048,AAL SPM12
Putamen_L,0.2554961828212644,-0.3098948735329423,0.0543986907116537,AAL SPM12
Putamen_R,-0.313750635846764,0.0847348808455817,0.2290157550011779,AAL SPM12
Pallidum_L,-0.1080228167607333,0.4225346298026131,-0.3145118130418752,AAL SPM12
Pallidum_R,0.031563313647652,-0.3773057895893934,0.3457424759417385,AAL SPM12
Thalamus_L,-0.2743611192775563,0.0659725315117519,0.2083885877657803,AAL SPM12
Thalamus_R,0.0372220969628751,0.455596336101157,-0.4928184330640378,AAL SPM12
Heschl_L,0.3367423697396883,-0.1534890646629219,-0.1832533050767713,AAL SPM12
Heschl_R,-0.0870043226451137,-0.0091901313251048,0.09619445397021,AAL SPM12
Temporal_Sup_L,-0.4359687690675063,0.1696215579913993,0.2663472110760905,AAL SPM12
Temporal_Sup_R,-0.2902543349205951,0.0468587296572116,0.2433956052633833,AAL SPM12
Temporal_Pole_Sup_L,-0.074025695842835,0.4295015980941101,-0.3554759022512775,AAL SPM12
Temporal_Pole_Sup_R,0.5100895295959835,-0.1602343189488567,-0.3498552106471212,AAL SPM12
Temporal_Mid_L,-0.0179035755767861,0.1195346401558513,-0.1016310645790699,AAL SPM12
Temporal_Mid_R,0.2215505812152385,0.0934236014077658,-0.3149741826229997,AAL SPM12
Temporal_Pole_Mid_L,-0.246699331237104,0.0334743261838259,0.2132250050532862,AAL SPM12
Temporal_Pole_Mid_R,0.277799396475844,-0.5079553697121985,0.2301559732363376,AAL SPM12
Temporal_Inf_L,-0.0519447799785471,-0.1711022816075445,0.2230470615860906,AAL SPM12
Temporal_Inf_R,0.1868604128205363,0.170198934853683,-0.3570593476742123,AAL SPM12
Cerebelum_Crus1_L,-0.6966066676830364,0.3440629951157392,0.3525436725673075,AAL SPM12
Cerebelum_Crus1_R,0.3365912347049352,-0.4919240154616922,0.155332780756735,AAL SPM12
Cerebelum_Crus2_L,0.250637175668391,-0.0401382095769702,-0.2104989660914273,AAL SPM12
Cerebelum_Crus2_R,-0.1139420990927896,-0.0917422432082211,0.2056843423010081,AAL SPM12
Cerebelum_3_L,-0.1439580726599089,0.1300458446690058,0.0139122279909067,AAL SPM12
Cerebelum_3_R,0.0306487079999744,-0.1321787231048526,0.1015300151048843,AAL SPM12
Cerebelum_4_5_L,-0.1775359820990472,0.1845659701947453,-0.0070299880956926,AAL SPM12
Cerebelum_4_5_R,-0.3359313229373661,-0.0060062787262687,0.3419376016636347,AAL SPM12
Cerebelum_6_L,0.0002992953897565,0.1743373604796455,-0.1746366558694048,AAL SPM12
Cerebelum_6_R,-0.0022257360465686,-0.2169295946383838,0.2191553306849628,AAL SPM12
Cerebelum_7b_L,0.2821551088589745,-0.1427296865499935,-0.1394254223089828,AAL SPM12
Cerebelum_7b_R,-0.0155632491708794,0.1411768664474482,-0.1256136172765636,AAL SPM12
Cerebelum_8_L,0.0309835677262039,0.0454536821166556,-0.0764372498428617,AAL SPM12
Cerebelum_8_R,-0.0603131721181408,0.1024678037703603,-0.042154631652223,AAL SPM12
Cerebelum_9_L,-0.0697958436766643,0.068121696948563,0.0016741467280954,AAL SPM12
Cerebelum_9_R,-0.3226462316942816,0.170411871456156,0.1522343602381298,AAL SPM12
Cerebelum_10_L,-0.2068413048107356,0.1824618186939186,0.0243794861168117,AAL SPM12
Cerebelum_10_R,0.1196328597433722,-0.1225438534768486,0.0029109937334738,AAL SPM12
Vermis_1_2,0.0297447350846729,-0.1464588581543878,0.1167141230697147,AAL SPM12
Vermis_3,-0.0256319056244807,0.030718604547729,-0.0050866989232488,AAL SPM12
Vermis_4_5,0.1909571610181924,0.1632763442250682,-0.3542335052432609,AAL SPM12
Vermis_6,0.3049657584284868,0.1515611848810233,-0.4565269433095039,AAL SPM12
Vermis_7,-0.1795808465944501,0.1952730921179838,-0.0156922455235302,AAL SPM12
Vermis_8,0.0509315209116044,-0.2248470933783717,0.1739155724667582,AAL SPM12
Vermis_9,0.2913502542114718,-0.6133727360990202,0.3220224818875336,AAL SPM12
Vermis_10,-0.1111725878731573,0.1942319143267778,-0.083059326453618,AAL SPM12
subject,-0.1090915427903743,0.0331234559072912,0.0759680868830774,AAL SPM12
Inferior Semi-Lunar Lobule,0.1555130453393841,0.1818606671660261,-0.3373737125054139,Talairach Gyrus
Cerebellar Tonsil,-0.2138898328102331,-0.355762089966313,0.5696519227765506,Talairach Gyrus
Inferior Temporal Gyrus,0.1267753046409189,-0.0127758688008186,-0.1139994358400975,Talairach Gyrus
Uncus,0.070543421695958,0.3451454484763468,-0.415688870172318,Talairach Gyrus
Middle Temporal Gyrus,0.2170030057096605,-0.2090622769088785,-0.0079407288007817,Talairach Gyrus
Superior Temporal Gyrus,-0.3216115168706207,0.3102455431285849,0.0113659737420271,Talairach Gyrus
Sub-Gyral,0.2811782607988105,-0.1120203238804535,-0.1691579369183619,Talairach Gyrus
Pyramis,0.1445558717009468,0.2510931812752113,-0.3956490529761573,Talairach Gyrus
Uvula,-0.3028382108454514,-0.2029265028320881,0.5057647136775426,Talairach Gyrus
Uvula of Vermis,0.0665281635472191,-0.2195898200773232,0.1530616565301091,Talairach Gyrus
Fourth Ventricle,0.0879715811713437,-0.0412973907939636,-0.0466741903773858,Talairach Gyrus
Tuber,0.1403571496953453,-0.2135259616574392,0.073168811962094,Talairach Gyrus
Pyramis of Vermis,0.152398616153534,0.2863295480550362,-0.4387281642085829,Talairach Gyrus
Nodule,0.092414200983008,-0.2184096730853218,0.1259954721023041,Talairach Gyrus
Culmen,-0.4665910111079545,0.230390939205602,0.236200071902345,Talairach Gyrus
Orbital Gyrus,0.60590795333413,-0.211687860403794,-0.3942200929303459,Talairach Gyrus
Tuber of Vermis,-0.3420215722368582,0.0378817538344503,0.3041398184024186,Talairach Gyrus
Fusiform Gyrus,-0.2904794108887775,-0.0626358494090511,0.3531152602978342,Talairach Gyrus
Parahippocampal Gyrus,-0.0177917895435638,-0.349501348228484,0.3672931377720447,Talairach Gyrus
Rectal Gyrus,-0.1900720531099338,-0.0416398461499956,0.2317118992599249,Talairach Gyrus
Superior Frontal Gyrus,0.3732617924894337,-0.1171908387664808,-0.2560709537229617,Talairach Gyrus
Declive,0.2328723785061349,-0.0500484265113238,-0.1828239519948125,Talairach Gyrus
Declive of Vermis,0.1300218843938157,0.1433335154425927,-0.273355399836411,Talairach Gyrus
Fastigium,0.0009030919088285,0.2923505378173579,-0.2932536297261807,Talairach Gyrus
Lateral Ventricle,0.2472286608298074,-0.1056512081167848,-0.1415774527130276,Talairach Gyrus
Inferior Frontal Gyrus,-0.319753986440936,0.4294144519570895,-0.1096604655161644,Talairach Gyrus
Middle Frontal Gyrus,-0.7251811925663303,0.2046982785796785,0.52048291398664,Talairach Gyrus
Cerebellar Lingual,-0.0414797124254683,-0.025331207975261,0.0668109204007278,Talairach Gyrus
Medial Frontal Gyrus,0.1682159109320486,0.0439819036262667,-0.2121978145583145,Talairach Gyrus
Lingual Gyrus,0.0088548719387455,-0.2768739164837004,0.2680190445449571,Talairach Gyrus
Inferior Occipital Gyrus,0.0802298281896994,-0.3472635522643729,0.2670337240746647,Talairach Gyrus
Subcallosal Gyrus,0.0711227113680006,-0.2246692978027576,0.1535465864347549,Talairach Gyrus
Middle Occipital Gyrus,0.3612710835911609,0.1860485381481186,-0.5473196217392783,Talairach Gyrus
Culmen of Vermis,0.1715568871332944,-0.1082098373371383,-0.0633470497961557,Talairach Gyrus
Extra-Nuclear,-0.0222199163148188,-0.0776358537223692,0.0998557700371868,Talairach Gyrus
Caudate,0.2125998406456766,-0.3586395353863429,0.1460396947406694,Talairach Gyrus
Third Ventricle,-0.069322381976418,0.108100917178261,-0.0387785352018452,Talairach Gyrus
Anterior Cingulate,-0.0698047003104483,-0.1222252915007738,0.1920299918112259,Talairach Gyrus
Lentiform Nucleus,0.1708996569192729,-0.1771832325282917,0.0062835756090211,Talairach Gyrus
Thalamus,-0.2878530816524129,0.3000361449764983,-0.0121830633240833,Talairach Gyrus
Insula,0.008222175883613,0.2214486291160947,-0.2296708049997192,Talairach Gyrus
Claustrum,-0.2314249066197514,-0.1388514359716977,0.3702763425914488,Talairach Gyrus
Cuneus,-0.3395869505012441,0.5655264195919603,-0.2259394690907211,Talairach Gyrus
Posterior Cingulate,0.1631564761016659,-0.1826724605277187,0.0195159844260529,Talairach Gyrus
Precentral Gyrus,0.1190484558793681,0.2008538399852255,-0.3199022958645915,Talairach Gyrus
Transverse Temporal Gyrus,0.0024501760735572,-0.0572121390119959,0.0547619629384301,Talairach Gyrus
Postcentral Gyrus,-0.1625452706278034,-0.4236174077325916,0.5861626783603917,Talairach Gyrus
Precuneus,0.0892971721712207,-0.2666634250666325,0.1773662528954144,Talairach Gyrus
Superior Occipital Gyrus,0.1860182985703682,-0.0947319528442485,-0.0912863457261188,Talairach Gyrus
Supramarginal Gyrus,-0.0060013550518817,-0.0439828610759211,0.0499842161278071,Talairach Gyrus
Inferior Parietal Lobule,0.5689411802433342,-0.2425083315670056,-0.326432848676328,Talairach Gyrus
Cingulate Gyrus,-0.1180462592322542,0.3269911411853514,-0.2089448819530962,Talairach Gyrus
Angular Gyrus,-0.363449911049804,0.1802582489722415,0.1831916620775624,Talairach Gyrus
Superior Parietal Lobule,-0.0654605766941667,0.2907340051558722,-0.2252734284617092,Talairach Gyrus
Paracentral Lobule,0.0109585599232417,-0.0488334085608492,0.0378748486376061,Talairach Gyrus
subject,-0.0211457477528363,-0.03106681718743,0.0522125649402678,Talairach Gyrus
Brodmann area 20,-0.4642058764317842,-0.064912829727666,0.5291187061594566,Talairach Ba
Brodmann area 38,0.2321673700718173,-0.1595489355117632,-0.0726184345600554,Talairach Ba
Brodmann area 36,0.0671650128254547,-0.3192105090384945,0.2520454962130322,Talairach Ba
Brodmann area 21,0.084536242089241,-0.2103951571025065,0.1258589150132655,Talairach Ba
Brodmann area 28,0.1398102403753489,0.4005284913848502,-0.5403387317602093,Talairach Ba
Brodmann area 11,0.9971224434325217,-0.2131861843381923,-0.7839362590943504,Talairach Ba
Dentate,-0.1133952601598317,0.0457070826692325,0.0676881774905991,Talairach Ba
Brodmann area 35,-0.0910463496943495,-0.2495812360253012,0.3406275857196515,Talairach Ba
Brodmann area 47,-0.44280194652217,0.3287343897731539,0.1140675567490144,Talairach Ba
Hippocampus,-0.260700243560011,-0.3382861029902469,0.5989863465502643,Talairach Ba
Brodmann area 34,-0.4904564412447066,0.3251788691620539,0.1652775720826642,Talairach Ba
Amygdala,0.197388738964116,-0.1418452306318237,-0.0555435083322912,Talairach Ba
Brodmann area 18,0.3556016344010888,-0.1459088851830885,-0.2096927492180003,Talairach Ba
Brodmann area 37,0.4770603098944806,0.0908560417988222,-0.5679163516932987,Talairach Ba
Brodmann area 25,-0.1071668019163424,-0.1142360656060411,0.221402867522385,Talairach Ba
Brodmann area 17,-0.3698580306945315,-0.0362921320796838,0.4061501627742082,Talairach Ba
Brodmann area 19,0.0724994080556906,0.522086069391601,-0.5945854774472977,Talairach Ba
Optic Tract,-0.1187574855458396,-0.0010032923863506,0.1197607779321841,Talairach Ba
Hypothalamus,-0.0340757293071024,-0.1367307504544411,0.1708064797615341,Talairach Ba
Brodmann area 13,-0.02964030388171,-0.1482260171453162,0.1778663210270151,Talairach Ba
Substania Nigra,-0.2061981209933565,-0.1599203739484035,0.3661184949417538,Talairach Ba
Red Nucleus,-0.0952478265530952,0.2439631818281828,-0.1487153552750893,Talairach Ba
Caudate Tail,-0.2126036073559115,0.3143199678719202,-0.1017163605160064,Talairach Ba
Mammillary Body,0.1959818279950889,0.0628499669674726,-0.2588317949625509,Talairach Ba
Putamen,-0.0691484105911062,-0.1940924007087702,0.2632408112998739,Talairach Ba
Brodmann area 32,-0.1968302546642973,0.0731370184359801,0.1236932362283156,Talairach Ba
Brodmann area 10,-0.0301466685107398,0.0786124554431333,-0.0484657869323926,Talairach Ba
Brodmann area 30,0.2094587570837322,0.3132196928051146,-0.522678449888849,Talairach Ba
Brodmann area 27,-0.172190151550204,-0.3216964750586705,0.4938866266088831,Talairach Ba
Medial Geniculum Body,0.3348870441355752,-0.0252971536099571,-0.3095898905256191,Talairach Ba
Brodmann area 22,-0.3260902881937944,0.4284616041177252,-0.1023713159239276,Talairach Ba
Lateral Globus Pallidus,0.2379446078461728,-0.0215426077015083,-0.2164020001446685,Talairach Ba
Subthalamic Nucleus,-0.2958000228616983,0.386762981831147,-0.0909629589694501,Talairach Ba
Medial Globus Pallidus,0.2168324471282968,-0.1694774171421897,-0.0473550299861043,Talairach Ba
Caudate Head,0.3898143810153845,-0.4309791788895752,0.0411647978741914,Talairach Ba
Brodmann area 24,0.5528809272132396,0.0175103806503883,-0.5703913078636325,Talairach Ba
Lateral Geniculum Body,0.1354412669601673,-0.2713342054003472,0.1358929384401746,Talairach Ba
Anterior Commissure,-0.175859904667547,0.3914511271629132,-0.2155912224953632,Talairach Ba
Corpus Callosum,0.2334523022993727,-0.0816960865620527,-0.1517562157373164,Talairach Ba
Ventral Posterior Lateral Nucleus,-0.0823811011595401,-0.132678212937888,0.2150593140974245,Talairach Ba
Ventral Posterior Medial Nucleus,-0.2484867478035092,0.0154097769225246,0.2330769708809822,Talairach Ba
Brodmann area 45,-0.28564914524235,0.2735403312150061,0.0121088140273379,Talairach Ba
Brodmann area 46,-0.0303938341351983,-0.1591429186962039,0.1895367528314015,Talairach Ba
Pulvinar,0.3699687454898506,0.3302178418857786,-0.7001865873756232,Talairach Ba
Medial Dorsal Nucleus,0.0735032629387633,0.0453156167164429,-0.1188188796551957,Talairach Ba
Ventral Lateral Nucleus,-0.3254318764798932,0.4413017655205999,-0.1158698890407094,Talairach Ba
Ventral Anterior Nucleus,-0.2961654605078136,-0.096942202255855,0.3931076627636716,Talairach Ba
Brodmann area 29,-0.1289101438149812,-0.369610547850577,0.4985206916655573,Talairach Ba
Brodmann area 41,-0.4733212181016731,0.1478551519611194,0.3254660661405521,Talairach Ba
Brodmann area 42,-0.0499929738546665,-0.4124163801843259,0.4624093540389942,Talairach Ba
Brodmann area 6,-0.0473460478207433,-0.0885299921527137,0.1358760399734699,Talairach Ba
Anterior Nucleus,0.3909689959809429,-0.0965113001260016,-0.2944576958549465,Talairach Ba
Brodmann area 44,0.1108184564380243,-0.2187248753881556,0.1079064189501314,Talairach Ba
Caudate Body,-0.1823546107204724,0.0341805496043493,0.1481740611161238,Talairach Ba
Brodmann area 39,-0.1891266129468795,-0.0905994011800306,0.2797260141269047,Talairach Ba
Brodmann area 23,-0.0032083915170667,0.3268070348558929,-0.3235986433388172,Talairach Ba
Lateral Posterior Nucleus,-0.0079240772645597,-0.2354891297090523,0.243413206973612,Talairach Ba
Brodmann area 43,0.5857409920588077,0.0792082131239745,-0.6649492051827643,Talairach Ba
Brodmann area 31,0.1051348445313655,-0.1732005273037037,0.0680656827723353,Talairach Ba
Brodmann area 40,0.3433906418240463,-0.0077111326790074,-0.3356795091450347,Talairach Ba
Lateral Dorsal Nucleus,0.0229893025763497,0.0248868603167572,-0.0478761628931084,Talairach Ba
Midline Nucleus,-0.0366056942404511,-0.1637315764019517,0.2003372706424013,Talairach Ba
Brodmann area 4,-0.1166894890735606,0.2373215422410428,-0.1206320531674774,Talairach Ba
Brodmann area 9,-0.0341644936785071,0.2343871177164282,-0.2002226240379249,Talairach Ba
Brodmann area 33,-0.123322865352941,-0.4198960060694863,0.5432188714224184,Talairach Ba
Brodmann area 2,0.0958495264553916,0.0073332170621635,-0.1031827435175471,Talairach Ba
Brodmann area 1,0.0391825913567849,-0.4336441860278109,0.3944615946710305,Talairach Ba
Brodmann area 3,-0.1862864403425186,0.2856459623194129,-0.0993595219769018,Talairach Ba
Brodmann area 7,0.041880804936927,-0.0727651910314243,0.0308843860944982,Talairach Ba
Brodmann area 8,-0.1985294085915425,0.1696239441166833,0.028905464474859,Talairach Ba
Brodmann area 5,-0.1077988147380389,0.0768930739863712,0.0309057407516639,Talairach Ba
subject,-0.0583253029521095,-0.0005486548833857,0.0588739578354842,Talairach Ba
b'7Networks_LH_Vis_1',-0.3333927749555223,-0.2926924937856032,0.6260852687411134,Schaefer 100 x 7 x 1
b'7Networks_LH_Vis_2',-0.1999386660299824,0.1672834009775077,0.0326552650524676,Schaefer 100 x 7 x 1
b'7Networks_LH_Vis_3',0.5635524428128951,-0.4890325056185947,-0.0745199371942914,Schaefer 100 x 7 x 1
b'7Networks_LH_Vis_4',0.2571874357109488,-0.329666623601962,0.0724791878910061,Schaefer 100 x 7 x 1
b'7Networks_LH_Vis_5',-0.292771950224259,-0.0202029077891336,0.3129748580133888,Schaefer 100 x 7 x 1
b'7Networks_LH_Vis_6',-0.2128104115732065,0.3430726181826751,-0.1302622066094546,Schaefer 100 x 7 x 1
b'7Networks_LH_Vis_7',0.115723063327802,0.137906437234878,-0.2536295005626698,Schaefer 100 x 7 x 1
b'7Networks_LH_Vis_8',-0.7234257108337663,0.5119404074919702,0.2114853033418003,Schaefer 100 x 7 x 1
b'7Networks_LH_Vis_9',-0.1990049822018901,0.1093939329010231,0.0896110493008637,Schaefer 100 x 7 x 1
b'7Networks_LH_SomMot_1',-0.0105186400220158,-0.0512536933465784,0.0617723333685969,Schaefer 100 x 7 x 1
b'7Networks_LH_SomMot_2',-0.1390539760935566,0.1406927075428181,-0.0016387314492543,Schaefer 100 x 7 x 1
b'7Networks_LH_SomMot_3',0.2539807523531787,-0.1341677896179831,-0.1198129627352054,Schaefer 100 x 7 x 1
b'7Networks_LH_SomMot_4',-0.3044259970792727,-0.0628018206445778,0.3672278177238494,Schaefer 100 x 7 x 1
b'7Networks_LH_SomMot_5',-0.3039435907623783,-0.030202827983537,0.3341464187458953,Schaefer 100 x 7 x 1
b'7Networks_LH_SomMot_6',0.0140548799677115,-0.0058560177292368,-0.0081988622384786,Schaefer 100 x 7 x 1
b'7Networks_LH_DorsAttn_Post_1',-0.1855713392459319,0.5525758027507182,-0.3670044635048013,Schaefer 100 x 7 x 1
b'7Networks_LH_DorsAttn_Post_2',-0.1777987134078971,-0.1659744311828187,0.3437731445907198,Schaefer 100 x 7 x 1
b'7Networks_LH_DorsAttn_Post_3',0.3273348183698484,-0.2597035283590836,-0.0676312900107695,Schaefer 100 x 7 x 1
b'7Networks_LH_DorsAttn_Post_4',0.1803217170685252,0.0192204536160179,-0.1995421706845441,Schaefer 100 x 7 x 1
b'7Networks_LH_DorsAttn_Post_5',-0.5821403089943215,0.0485036803878032,0.5336366286065221,Schaefer 100 x 7 x 1
b'7Networks_LH_DorsAttn_Post_6',0.3974844810226632,-0.0055289694064587,-0.3919555116162141,Schaefer 100 x 7 x 1
b'7Networks_LH_DorsAttn_PrCv_1',-0.042462032098017,0.0459673326730928,-0.0035053005750776,Schaefer 100 x 7 x 1
b'7Networks_LH_DorsAttn_FEF_1',0.1908847374721047,-0.1909396753638684,5.493789177540842e-05,Schaefer 100 x 7 x 1
b'7Networks_LH_SalVentAttn_ParOper_1',0.0128653633759599,-0.0364601361019224,0.0235947727259499,Schaefer 100 x 7 x 1
b'7Networks_LH_SalVentAttn_FrOperIns_1',-0.1326525128894134,-0.0263150070706238,0.1589675199600345,Schaefer 100 x 7 x 1
b'7Networks_LH_SalVentAttn_FrOperIns_2',0.3958519914441911,-0.3619795491809128,-0.0338724422632939,Schaefer 100 x 7 x 1
b'7Networks_LH_SalVentAttn_PFCl_1',0.3503148714371441,-0.2737006323141896,-0.0766142391229606,Schaefer 100 x 7 x 1
b'7Networks_LH_SalVentAttn_Med_1',-0.1854771987863951,-0.0447405033103701,0.230217702096749,Schaefer 100 x 7 x 1
b'7Networks_LH_SalVentAttn_Med_2',0.3702280342497964,-0.0880433595628044,-0.2821846746869614,Schaefer 100 x 7 x 1
b'7Networks_LH_SalVentAttn_Med_3',-0.2509003937729076,0.0366837897110062,0.2142166040618954,Schaefer 100 x 7 x 1
b'7Networks_LH_Limbic_OFC_1',0.2388543797007145,-0.2711952583104186,0.0323408786097202,Schaefer 100 x 7 x 1
b'7Networks_LH_Limbic_TempPole_1',-0.1243254796473212,-0.1781041069251974,0.3024295865725261,Schaefer 100 x 7 x 1
b'7Networks_LH_Limbic_TempPole_2',-0.0510744728797636,-0.2881776136379287,0.3392520865176993,Schaefer 100 x 7 x 1
b'7Networks_LH_Cont_Par_1',0.2600298096266375,0.1710064123628446,-0.4310362219894724,Schaefer 100 x 7 x 1
b'7Networks_LH_Cont_PFCl_1',-0.2439348438642053,-0.077606271462497,0.321541115326702,Schaefer 100 x 7 x 1
b'7Networks_LH_Cont_pCun_1',-0.19018263538269,0.0493980694834278,0.1407845658992571,Schaefer 100 x 7 x 1
b'7Networks_LH_Cont_Cing_1',0.3293910168874899,-0.2041796622535855,-0.1252113546339046,Schaefer 100 x 7 x 1
b'7Networks_LH_Default_Temp_1',-0.1570765945700059,0.2516786521264469,-0.0946020575564389,Schaefer 100 x 7 x 1
b'7Networks_LH_Default_Temp_2',-0.0238625950653997,0.0131302124891795,0.0107323825762116,Schaefer 100 x 7 x 1
b'7Networks_LH_Default_Par_1',-0.3407349095803993,-0.0812728552584239,0.4220077648388259,Schaefer 100 x 7 x 1
b'7Networks_LH_Default_Par_2',-0.3930473208568206,0.1152036364857851,0.2778436843710301,Schaefer 100 x 7 x 1
b'7Networks_LH_Default_PFC_1',0.0931127051849546,0.1666288622262941,-0.2597415674112342,Schaefer 100 x 7 x 1
b'7Networks_LH_Default_PFC_2',-0.6090996369877629,0.6028614079538429,0.0062382290339231,Schaefer 100 x 7 x 1
b'7Networks_LH_Default_PFC_3',0.5599332100448874,-0.0627022935989403,-0.4972309164459534,Schaefer 100 x 7 x 1
b'7Networks_LH_Default_PFC_4',-0.0572966932454077,0.1118541043761685,-0.0545574111307616,Schaefer 100 x 7 x 1
b'7Networks_LH_Default_PFC_5',0.2278998899663395,-0.1305245387155359,-0.0973753512508024,Schaefer 100 x 7 x 1
b'7Networks_LH_Default_PFC_6',-0.320149423240001,0.2027183560381976,0.1174310672018011,Schaefer 100 x 7 x 1
b'7Networks_LH_Default_PFC_7',-0.2318473169842735,0.0710846419794586,0.1607626750048156,Schaefer 100 x 7 x 1
b'7Networks_LH_Default_pCunPCC_1',0.2951578648642999,-0.4577799277598414,0.1626220628955383,Schaefer 100 x 7 x 1
b'7Networks_LH_Default_pCunPCC_2',-0.1044766007757116,0.03737143885865,0.0671051619170605,Schaefer 100 x 7 x 1
b'7Networks_RH_Vis_1',-0.2108584798269523,0.1573515365218323,0.0535069433051141,Schaefer 100 x 7 x 1
b'7Networks_RH_Vis_2',0.4691207871196939,-0.2682762423272254,-0.2008445447924722,Schaefer 100 x 7 x 1
b'7Networks_RH_Vis_3',0.1790248585460968,0.1831451155569157,-0.3621699741030202,Schaefer 100 x 7 x 1
b'7Networks_RH_Vis_4',0.0751949088896359,-0.5537536037169232,0.4785586948272621,Schaefer 100 x 7 x 1
b'7Networks_RH_Vis_5',0.4397925478279501,0.0447897040798371,-0.4845822519078039,Schaefer 100 x 7 x 1
b'7Networks_RH_Vis_6',-0.1367858731173799,0.4123912205105299,-0.2756053473931646,Schaefer 100 x 7 x 1
b'7Networks_RH_Vis_7',0.4455518266561741,-0.0678337033749587,-0.3777181232811984,Schaefer 100 x 7 x 1
b'7Networks_RH_Vis_8',-0.1478325306058874,0.3150811423370682,-0.1672486117311749,Schaefer 100 x 7 x 1
b'7Networks_RH_SomMot_1',-0.1446825381831776,-0.2464497714456487,0.3911323096288119,Schaefer 100 x 7 x 1
b'7Networks_RH_SomMot_2',0.1259064114524324,-0.330911541183196,0.2050051297307457,Schaefer 100 x 7 x 1
b'7Networks_RH_SomMot_3',0.0771437198547754,0.1020854926879393,-0.1792292125427073,Schaefer 100 x 7 x 1
b'7Networks_RH_SomMot_4',0.0144637898295547,0.4463984379454634,-0.4608622277750253,Schaefer 100 x 7 x 1
b'7Networks_RH_SomMot_5',-0.0985986937651662,0.2181205147423096,-0.1195218209771686,Schaefer 100 x 7 x 1
b'7Networks_RH_SomMot_6',0.454678265715108,-0.219674494613547,-0.2350037711015895,Schaefer 100 x 7 x 1
b'7Networks_RH_SomMot_7',-0.2883664564185573,0.3959200279926406,-0.1075535715740774,Schaefer 100 x 7 x 1
b'7Networks_RH_SomMot_8',-0.1988358974409832,-0.1835990220798675,0.3824349195208525,Schaefer 100 x 7 x 1
b'7Networks_RH_DorsAttn_Post_1',0.093368656384697,-0.35263998654072,0.2592713301560203,Schaefer 100 x 7 x 1
b'7Networks_RH_DorsAttn_Post_2',0.1189274985330914,-0.5304637796589238,0.411536281125833,Schaefer 100 x 7 x 1
b'7Networks_RH_DorsAttn_Post_3',0.0384236392183196,0.2704867441153332,-0.3089103833336553,Schaefer 100 x 7 x 1
b'7Networks_RH_DorsAttn_Post_4',0.1797110302466197,0.1001411296495779,-0.2798521598962101,Schaefer 100 x 7 x 1
b'7Networks_RH_DorsAttn_Post_5',-0.3060520287205336,0.1872239353648508,0.1188280933556792,Schaefer 100 x 7 x 1
b'7Networks_RH_DorsAttn_PrCv_1',-0.1855746824564113,0.3597616857761823,-0.1741870033197791,Schaefer 100 x 7 x 1
b'7Networks_RH_DorsAttn_FEF_1',-0.1494285017252892,-0.154042120085724,0.303470621811007,Schaefer 100 x 7 x 1
b'7Networks_RH_SalVentAttn_TempOccPar_1',0.052414980716472,0.3242402191052506,-0.3766551998217186,Schaefer 100 x 7 x 1
b'7Networks_RH_SalVentAttn_TempOccPar_2',0.0650841751182174,0.0214014557647567,-0.0864856308829652,Schaefer 100 x 7 x 1
b'7Networks_RH_SalVentAttn_FrOperIns_1',-0.4156238154844287,0.2305790812909495,0.1850447341934719,Schaefer 100 x 7 x 1
b'7Networks_RH_SalVentAttn_Med_1',-0.2065253412677767,0.1712017843882544,0.0353235568795286,Schaefer 100 x 7 x 1
b'7Networks_RH_SalVentAttn_Med_2',0.4626349355798003,0.129139978238,-0.591774913817798,Schaefer 100 x 7 x 1
b'7Networks_RH_Limbic_OFC_1',0.3489537466817708,0.001438709604551,-0.3503924562863192,Schaefer 100 x 7 x 1
b'7Networks_RH_Limbic_TempPole_1',0.0516607811830673,-0.1149216259984987,0.06326084481543,Schaefer 100 x 7 x 1
b'7Networks_RH_Cont_Par_1',0.252978406612488,0.0671143526486767,-0.3200927592611719,Schaefer 100 x 7 x 1
b'7Networks_RH_Cont_Par_2',0.3378463403221976,0.0302707686727952,-0.3681171089949935,Schaefer 100 x 7 x 1
b'7Networks_RH_Cont_PFCl_1',0.2088431857198659,-0.270586488982064,0.0617433032622133,Schaefer 100 x 7 x 1
b'7Networks_RH_Cont_PFCl_2',-0.3197964335445629,0.0556340097501646,0.2641624237944103,Schaefer 100 x 7 x 1
b'7Networks_RH_Cont_PFCl_3',0.1375963406267128,-0.3793514449916457,0.2417551043649174,Schaefer 100 x 7 x 1
b'7Networks_RH_Cont_PFCl_4',-0.5455207502922137,0.284803771622295,0.2607169786699377,Schaefer 100 x 7 x 1
b'7Networks_RH_Cont_Cing_1',-0.2001004284609915,0.2376374846602719,-0.0375370561993037,Schaefer 100 x 7 x 1
b'7Networks_RH_Cont_PFCmp_1',-0.365576766469473,0.2234042319309874,0.1421725345384893,Schaefer 100 x 7 x 1
b'7Networks_RH_Cont_pCun_1',0.5054394934267241,-0.3090849882826663,-0.1963545051440624,Schaefer 100 x 7 x 1
b'7Networks_RH_Default_Par_1',0.2296717589182979,-0.0875970990906903,-0.1420746598276077,Schaefer 100 x 7 x 1
b'7Networks_RH_Default_Temp_1',-0.2833706687237471,-0.073147195444898,0.3565178641686527,Schaefer 100 x 7 x 1
b'7Networks_RH_Default_Temp_2',0.5312490381497846,-0.4340264764632505,-0.0972225616864963,Schaefer 100 x 7 x 1
b'7Networks_RH_Default_Temp_3',-0.1743033045098784,0.1332088204267297,0.0410944840831457,Schaefer 100 x 7 x 1
b'7Networks_RH_Default_PFCv_1',-0.4135093779356055,0.1052773302930986,0.3082320476424945,Schaefer 100 x 7 x 1
b'7Networks_RH_Default_PFCv_2',0.2330402619270271,-0.4159265400384818,0.1828862781114626,Schaefer 100 x 7 x 1
b'7Networks_RH_Default_PFCdPFCm_1',0.05786266895074,0.0750854127877995,-0.1329480817385381,Schaefer 100 x 7 x 1
b'7Networks_RH_Default_PFCdPFCm_2',0.0759226920590208,0.0659984728355795,-0.1419211648946071,Schaefer 100 x 7 x 1
b'7Networks_RH_Default_PFCdPFCm_3',0.3785381004360172,-0.1014294381855436,-0.2771086622504666,Schaefer 100 x 7 x 1
b'7Networks_RH_Default_pCunPCC_1',-0.0819110648381584,-0.0316836539708236,0.1135947188089616,Schaefer 100 x 7 x 1
b'7Networks_RH_Default_pCunPCC_2',-0.1141867231305154,-0.1917665819477497,0.3059533050782898,Schaefer 100 x 7 x 1
subject,-0.0659303899162082,-0.0351608863562035,0.1010912762724049,Schaefer 100 x 7 x 1
Left Cerebellum,-0.2370308667070788,0.2562558398294421,-0.0192249731223544,Talairach Hemi x Lobe x Tissue
Right Cerebellum,0.2596727487975759,-0.3001595572087883,0.0404868084112083,Talairach Hemi x Lobe x Tissue
Left Brainstem,-0.2716143737634373,-0.0552875139362481,0.3269018876996822,Talairach Hemi x Lobe x Tissue
Right Brainstem,0.1837848921216064,0.0738552152148004,-0.2576401073364034,Talairach Hemi x Lobe x Tissue
Left Cerebrum,-0.2676992432517849,0.2490060273904019,0.0186932158613836,Talairach Hemi x Lobe x Tissue
Right Cerebrum,0.2108681123324733,-0.1363400777763841,-0.0745280345560894,Talairach Hemi x Lobe x Tissue
Inter-Hemispheric,-0.1198589485075017,-0.0512282201702691,0.1710871686777724,Talairach Hemi x Lobe x Tissue
subject,-0.0079858488945015,0.0094966936369019,-0.0015108447423992,Talairach Hemi x Lobe x Tissue
Posterior Lobe,-0.0210361588976896,0.0449701045816719,-0.0239339456839796,Talairach Hemi x Lobe x Tissue
Medulla,-0.0764599580380044,0.1607034531716887,-0.0842434951336827,Talairach Hemi x Lobe x Tissue
Temporal Lobe,-0.1491969706777817,0.134408156574115,0.0147888141036666,Talairach Hemi x Lobe x Tissue
Limbic Lobe,0.2169220461752946,-0.2785743113397378,0.0616522651644441,Talairach Hemi x Lobe x Tissue
Frontal Lobe,0.0009643510177076,0.2486401793662563,-0.2496045303839653,Talairach Hemi x Lobe x Tissue
Sub-lobar,-0.366339889384893,-0.217818037971043,0.584157927355939,Talairach Hemi x Lobe x Tissue
Pons,0.0988365587392171,-0.2794748466652826,0.1806382879260634,Talairach Hemi x Lobe x Tissue
Anterior Lobe,0.0873234041936278,-0.1884351216547212,0.1011117174610974,Talairach Hemi x Lobe x Tissue
Occipital Lobe,0.0727873283911983,0.0933639733615664,-0.166151301752767,Talairach Hemi x Lobe x Tissue
Midbrain,-0.1882105813570662,0.2477040099496753,-0.0594934285926072,Talairach Hemi x Lobe x Tissue
Frontal-Temporal Space,0.0376004501398611,0.0463977108734192,-0.0839981610132823,Talairach Hemi x Lobe x Tissue
Parietal Lobe,0.0910315995799837,-0.124996428063164,0.0339648284831831,Talairach Hemi x Lobe x Tissue
Gray Matter,0.0398518454690781,-0.0003923708884184,-0.0394594745806648,Talairach Hemi x Lobe x Tissue
White Matter,-0.0290880613169369,0.0997249567787318,-0.0706368954617926,Talairach Hemi x Lobe x Tissue
Cerebro-Spinal Fluid,0.4248921684820661,-0.1948001726773219,-0.2300919958047433,Talairach Hemi x Lobe x Tissue
Feat 1,0.0026291046105195,0.0047629100756093,-0.0073920146860736,PCA
Feat 2,-0.0096256318665667,0.005066792916262,0.004558838950334,PCA
Feat 3,0.0076883343852692,-0.0042161759907318,-0.0034721583945117,PCA
Feat 4,0.0008316556618855,-0.0055157004218238,0.0046840447599583,PCA
Feat 5,0.0037888513873839,0.0070673865758096,-0.0108562379632261,PCA
Feat 6,-0.003068340851661,0.0129801340060803,-0.0099117931544044,PCA
Feat 7,-0.0046745959911016,0.0006855766596896,0.0039890193314105,PCA
Feat 8,0.0085457573116564,-0.0109715132305883,0.0024257559189646,PCA
Feat 9,0.0104939272788556,0.00324089852008,-0.013734825798979,PCA
Feat 10,-0.0001293330109628,0.0062163811880937,-0.006087048177096,PCA
Feat 11,0.0048253541215357,-0.0023820573026903,-0.0024432968188471,PCA
Feat 12,-0.0125197115856461,0.0245948859170695,-0.0120751743314305,PCA
Feat 13,0.0132636908407696,0.0049502368844546,-0.0182139277252072,PCA
Feat 14,-0.0071621139343214,-0.0127424909300383,0.0199046048643692,PCA
Feat 15,-0.0068242281788719,0.0055541950043315,0.0012700331745328,PCA
Feat 16,0.0040277230337613,-0.0065801175389336,0.0025523945051682,PCA
Feat 17,-0.0001184803632172,0.0108014490522523,-0.0106829686890408,PCA
Feat 18,0.0051096097629935,0.0147841314344979,-0.0198937411974961,PCA
Feat 19,0.0123363538014549,-0.008752540790091,-0.0035838130113749,PCA
Feat 20,0.0003256829909863,-0.0002502346833275,-7.544830767847654e-05,PCA
Feat 21,-0.0065287563805938,0.0178408456182371,-0.0113120892376568,PCA
Feat 22,0.0209738381207816,-0.0011802630219558,-0.0197935750988267,PCA
Feat 23,-0.0203829127553031,0.0172090951220374,0.003173817633266,PCA
Feat 24,0.0077107156036464,-0.0011678192525675,-0.0065428963510853,PCA
Feat 25,-0.0002190949414901,-0.0087056338559675,0.008924728797434,PCA
Feat 26,-0.0057576146826087,0.0012182189093414,0.0045393957732594,PCA
Feat 27,0.0063549368379644,0.0062467090239109,-0.0126016458618951,PCA
Feat 28,-0.0025912344364455,0.0081459574827363,-0.0055547230462769,PCA
Feat 29,0.0030225020084889,-0.0034308016348572,0.0004082996263798,PCA
Feat 30,0.0048177901958764,-0.0084151875079259,0.0035973973120515,PCA
Feat 31,-0.0118093160602505,0.0003287254682325,0.0114805905920234,PCA
Feat 32,-0.0017556311508941,0.0094942275914534,-0.0077385964405488,PCA
Feat 33,0.0052420400839545,-0.0060514387639091,0.0008093986799417,PCA
Feat 34,-0.0025655015700276,0.0032336995940808,-0.0006681980240518,PCA
Feat 35,-0.0189548096170027,0.0020848772362903,0.016869932380708,PCA
Feat 36,0.0021685854530225,0.0012093261372762,-0.003377911590292,PCA
Feat 37,-0.0067304489416954,0.0043156117815207,0.0024148371601711,PCA
Feat 38,0.0094275443306328,0.0019187678036569,-0.0113463121343025,PCA
Feat 39,0.0003735480581798,0.0061985444701252,-0.0065720925283048,PCA
Feat 40,-0.0042310286485723,-0.0059479436189066,0.010178972267481,PCA
Feat 41,0.0052761908347482,0.0083494268289738,-0.0136256176637168,PCA
Feat 42,0.0174635445226353,0.0076487427178036,-0.0251122872404329,PCA
Feat 43,-0.0222008927533593,0.0121273670118658,0.0100735257415083,PCA
Feat 44,0.0023423097295152,0.00090912055492,-0.0032514302844392,PCA
Feat 45,-0.0026389192828557,-0.0006340234634331,0.00327294274629,PCA
Feat 46,0.014287149735997,0.001097930783539,-0.0153850805195295,PCA
Feat 47,-0.0050383217414783,0.0070553174130007,-0.002016995671521,PCA
Feat 48,-0.0084952892046308,0.0105721281067523,-0.0020768389021245,PCA
Feat 49,-0.012320805176787,-0.0146628196245385,0.0269836248013333,PCA
Feat 50,0.0184494777145112,-0.0117510666127884,-0.0066984111017221,PCA
Feat 51,0.0099679165959429,-0.0051898921557468,-0.0047780244401904,PCA
Feat 52,-0.0144797808197003,0.0009541772596676,0.0135256035600291,PCA
Feat 53,-0.006717466058424,0.0003091207550442,0.0064083453033728,PCA
Feat 54,0.0143145982961607,-0.0067016911923431,-0.0076129071038078,PCA
Feat 55,0.0133559686651256,0.0207060115766792,-0.0340619802418157,PCA
Feat 56,0.0151192327803915,0.0026603826053757,-0.0177796153857607,PCA
Feat 57,0.0003851489462748,0.009466343022059,-0.0098514919683373,PCA
Feat 58,-0.021455907359054,0.0333277461274412,-0.0118718387683843,PCA
Feat 59,-0.009858689815553,0.0011164102141276,0.0087422796014257,PCA
Feat 60,-0.0035739071161628,-0.0119058386976969,0.0154797458138616,PCA
Feat 61,0.009900163054117,0.0013537581010453,-0.0112539211551593,PCA
Feat 62,-0.0031751594096044,-0.0031966915591173,0.006371850968718,PCA
Feat 63,-0.0227888053093075,0.0241707251515948,-0.0013819198422846,PCA
Feat 64,-0.0180112455190339,-0.0095012397238266,0.0275124852428583,PCA
Feat 65,-0.0074670159120043,0.0220827069390152,-0.0146156910270156,PCA
Feat 66,-0.0026330304162174,0.0022700042667519,0.0003630261494663,PCA
Feat 67,0.0241108594936055,-0.0056018104173553,-0.0185090490762461,PCA
Feat 68,0.0200391583826149,0.0018789594548797,-0.0219181178374895,PCA
Feat 69,-0.0113052705547206,0.0175016274667105,-0.0061963569119835,PCA
Feat 70,-0.0072198190266162,-0.0149213688184332,0.0221411878450423,PCA
Feat 71,0.0098955397672883,-0.0154014407749714,0.0055059010076863,PCA
Feat 72,0.0191124053476616,-0.0193331178329715,0.0002207124853077,PCA
Feat 73,0.0119075790002153,-0.0145139820185297,0.0026064030183256,PCA
Feat 74,-0.012555760165731,0.0026491337522693,0.0099066264134638,PCA
Feat 75,-0.0246216077670509,0.0307776894551605,-0.0061560816881074,PCA
Feat 76,0.022992039487501,-0.038125051857987,0.0151330123704888,PCA
Feat 77,0.000717718125676,0.0130691081859602,-0.0137868263116399,PCA
Feat 78,0.0093847055051745,-0.0021786993710076,-0.0072060061341607,PCA
Feat 79,-0.003006284139085,-0.0026644083080033,0.0056706924470923,PCA
Feat 80,0.0048266292600639,-0.0090128167951932,0.0041861875351235,PCA
Feat 81,0.0066476135012202,0.0120477104099756,-0.018695323911205,PCA
Feat 82,-0.0020890761185232,0.0101938106174938,-0.0081047344989757,PCA
Feat 83,-0.0225587314507674,0.0179422994506879,0.0046164320000744,PCA
Feat 84,0.0054462671636487,-0.0037149545492177,-0.0017313126144246,PCA
Feat 85,0.0177705974930605,0.0162506937638762,-0.0340212912569382,PCA
Feat 86,-0.0087236998981704,-0.0079936542583334,0.0167173541565065,PCA
Feat 87,0.0048691599882636,-0.0010907031135098,-0.0037784568747629,PCA
Feat 88,-0.0230165674786293,0.0083890709072337,0.0146274965714037,PCA
Feat 89,-0.0085508120912002,0.0096136724945647,-0.0010628604033622,PCA
Feat 90,0.0009442849974299,0.0136671954161766,-0.0146114804136174,PCA
Feat 91,0.0040005968498215,0.0073410307642623,-0.0113416276140838,PCA
Feat 92,-0.0108914349848109,-0.0073437403724582,0.0182351753572684,PCA
Feat 93,-0.0043450917885188,0.0352637877760587,-0.0309186959875448,PCA
Feat 94,0.0056987169143597,-0.0018272101824429,-0.0038715067319182,PCA
Feat 95,-0.0221524500400458,-0.0001100844840779,0.0222625345241251,PCA
Feat 96,0.0135500989164906,-0.0080993632445549,-0.0054507356719326,PCA
Feat 97,0.0023631661097233,0.0027221631666896,-0.00508532927642,PCA
Feat 98,-0.0040185445382597,-0.0010302608136847,0.0050488053519403,PCA
Feat 99,0.0049661356459783,-0.0278332314872154,0.0228670958412441,PCA
Feat 100,-0.0016772699343062,-0.0092476740369362,0.0109249439712437,PCA
Feat 101,-0.0103967349013492,0.0095272354378232,0.0008694994635204,PCA
Feat 102,-0.0190537606392688,-0.0131050637046937,0.0321588243439616,PCA
Feat 103,-0.0270166197147457,0.0127309306942323,0.0142856890205099,PCA
Feat 104,-0.0183605436119245,0.0272052762308613,-0.0088447326189372,PCA
Feat 105,0.0065541232633417,0.0058728898975487,-0.0124270131608941,PCA
Feat 106,0.0169189319058552,-0.0024070595297073,-0.0145118723761463,PCA
Feat 107,0.0080768155944711,-0.0030404358762133,-0.0050363797182579,PCA
Feat 108,-0.0079123424578734,0.0118866223989393,-0.0039742799410721,PCA
Feat 109,0.0079374469255331,-0.0020080445943469,-0.0059294023311878,PCA
Feat 110,-0.0157452113328441,0.0039065570883541,0.01183865424449,PCA
Feat 111,0.0351739623397614,-0.0226914744020384,-0.0124824879377273,PCA
Feat 112,0.0091955008456786,-0.0017138617181738,-0.0074816391275011,PCA
Feat 113,-0.0204454392449241,0.030724804160106,-0.0102793649151784,PCA
Feat 114,-0.0015345870801236,0.0121921736263401,-0.0106575865462164,PCA
Feat 115,-0.0123076579183906,0.0085152182182849,0.0037924397001119,PCA
Feat 116,0.0054941993115876,-0.019797143726269,0.0143029444146839,PCA
Feat 117,0.0026420812978969,-0.0020804293538277,-0.0005616519440679,PCA
Feat 118,0.0085361470778847,0.0150549494556205,-0.0235910965335085,PCA
Feat 119,-0.0087953393713522,-0.0206492833837051,0.0294446227550539,PCA
Feat 120,-0.0092112502996268,0.0021840008488059,0.0070272494508167,PCA
Feat 121,0.0119667808305329,-0.0205530375832476,0.0085862567527152,PCA
Feat 122,-0.0158500336003838,-0.0045211004926132,0.0203711340929956,PCA
Feat 123,0.0131099565640745,-0.0166031503164774,0.0034931937524067,PCA
Feat 124,0.008610845801504,-0.010186969288625,0.0015761234871202,PCA
Feat 125,-0.002805920858392,0.012699313094554,-0.0098933922361609,PCA
Feat 126,0.000425247709213,-0.0048948575669053,0.0044696098576946,PCA
Feat 127,0.0173552469398898,-0.0096701700006118,-0.0076850769392866,PCA
Feat 128,0.0137074386624033,-0.0078798489493371,-0.0058275897130617,PCA
Feat 129,-0.0086200461811743,0.001570821241362,0.0070492249398069,PCA
Feat 130,0.0185309525886223,0.0109750032501844,-0.0295059558388147,PCA
Feat 131,0.0016639575541329,0.0089991555361548,-0.0106631130902901,PCA
Feat 132,-0.0127501176929236,-0.0062207975447608,0.018970915237684,PCA
Feat 133,0.0092681001818115,0.0179225650019382,-0.0271906651837573,PCA
Feat 134,0.0029008102460566,0.0013242445689658,-0.0042250548150198,PCA
Feat 135,-0.0020507605897498,0.0001057933867255,0.0019449672030233,PCA
Feat 136,-0.0235647582071844,0.0194869351749861,0.0040778230322001,PCA
Feat 137,-0.0123814500926014,0.0293339255185019,-0.0169524754259018,PCA
Feat 138,0.0143348949381071,0.0119352704359903,-0.0262701653740994,PCA
Feat 139,0.0048846761925456,-0.0063632123237906,0.0014785361312439,PCA
Feat 140,-0.0116524936216043,0.0267000161082,-0.015047522486602,PCA
Feat 141,-0.0101454423671317,0.0108285831887684,-0.0006831408216371,PCA
Feat 142,0.0130849276981329,-0.0109193350995671,-0.0021655925985679,PCA
Feat 143,-0.0134672381319879,0.0207464044334196,-0.007279166301431,PCA
Feat 144,0.0091675954970495,-0.0007294650223974,-0.0084381304746543,PCA
Feat 145,0.0117664123809782,-0.0101857520654681,-0.0015806603155108,PCA
Feat 146,0.0074385001055552,-0.0062527811182143,-0.0011857189873361,PCA
Feat 147,0.0143793017390796,-0.0042380683662326,-0.0101412333728414,PCA
Feat 148,-0.0199864927438373,-0.0199702264161474,0.0399567191599813,PCA
Feat 149,0.0084350113428346,0.0056021301020338,-0.0140371414448683,PCA
Feat 150,0.0107260318957883,-0.0052589745825748,-0.0054670573132204,PCA
Feat 151,0.0061838341206766,-0.0061222278336729,-6.160628700331962e-05,PCA
Feat 152,0.0175432649733177,-0.0053370899978845,-0.0122061749754394,PCA
Feat 153,0.0038454777684942,-0.0063433956235035,0.0024979178550056,PCA
Feat 154,0.0175926534358271,-0.005884106449122,-0.0117085469867063,PCA
Feat 155,-0.007918968396361,0.0307863544565977,-0.0228673860602296,PCA
Feat 156,-0.0003590925929143,0.0175887737840495,-0.0172296811911378,PCA
Feat 157,0.0282167589011907,-0.0073790846573299,-0.0208376742438569,PCA
Feat 158,-0.0012244556492154,0.0080299048920252,-0.0068054492428104,PCA
Feat 159,-0.0138251492991691,0.0092289560316089,0.0045961932675665,PCA
Feat 160,0.0176708799908935,-0.0243262357341704,0.0066553557432768,PCA
Feat 161,0.0353160953685721,-0.0122795029489934,-0.0230365924195763,PCA
Feat 162,-0.026413030666368,0.0229208263070031,0.0034922043593645,PCA
Feat 163,0.00302019226162,0.0094281618402443,-0.0124483541018644,PCA
Feat 164,-0.0072090056988386,0.0221307564065667,-0.0149217507077294,PCA
Feat 165,0.0058039438882529,-0.0048435361113066,-0.0009604077769465,PCA
Feat 166,0.0043402292389604,0.0151021603267855,-0.0194423895657472,PCA
Feat 167,0.0015721177219269,-0.0062036690096156,0.0046315512876822,PCA
Feat 168,0.0092604362767475,-0.0048278502353429,-0.0044325860414074,PCA
Feat 169,0.0218881558967141,-0.016037516070689,-0.0058506398260319,PCA
Feat 170,0.0271599107205279,-0.0337433799697372,0.0065834692492103,PCA
Feat 171,-0.0004509709407929,-0.0426284806409096,0.043079451581701,PCA
Feat 172,0.0178306618444565,-0.0319906122997423,0.0141599504552842,PCA
Feat 173,0.02296064090886,0.0168912690595571,-0.0398519099684163,PCA
Feat 174,-0.0017262214743116,0.0140425088249513,-0.0123162873506338,PCA
Feat 175,0.0161259195923952,0.0071245670677637,-0.0232504866601591,PCA
Feat 176,0.0069346566916843,-0.0102316423270732,0.0032969856353887,PCA
Feat 177,-0.0136942378771801,0.0190513329889538,-0.005357095111772,PCA
Feat 178,-0.0103249766697109,0.0436578146052127,-0.0333328379354973,PCA
Feat 179,-0.0136938213909746,0.0082178706055903,0.0054759507853855,PCA
Feat 180,-0.0051573602127447,-0.0059839880239271,0.0111413482366705,PCA
Feat 181,0.0267645730430084,-0.0146741357366992,-0.0120904373063142,PCA
Feat 182,0.0144876194861628,-0.0061628101141898,-0.0083248093719733,PCA
Feat 183,0.0063441520752976,-0.0033923123588191,-0.0029518397164767,PCA
Feat 184,-0.006701017908039,-0.0236527685586344,0.0303537864666751,PCA
Feat 185,-0.0017915846482281,0.0037531325720373,-0.0019615479238074,PCA
Feat 186,0.0058691627276089,0.0032151073180112,-0.0090842700456226,PCA
Feat 187,0.006332115644678,-0.0120961452228503,0.0057640295781768,PCA
Feat 188,0.0060472688735888,0.014089700624648,-0.0201369694982385,PCA
Feat 189,-0.0187586070200029,0.0052406961942201,0.0135179108257846,PCA
Feat 190,-0.021114157863644,0.0072500427042,0.0138641151594442,PCA
Feat 191,0.0064963520553911,0.005247372347872,-0.0117437244032558,PCA
Feat 192,0.0081440177414026,-0.0149925623008567,0.0068485445594529,PCA
Feat 193,0.0175835457574124,-0.0013173458495702,-0.0162661999078424,PCA
Feat 194,-0.0094137005270768,-0.0154797410545805,0.0248934415816539,PCA
Feat 195,-0.0175916324021014,0.003661954429075,0.0139296779730276,PCA
Feat 196,0.014480893871332,-0.0037607904297573,-0.0107201034415742,PCA
Feat 197,0.0122000830544393,-0.0130171920304722,0.0008171089760335,PCA
Feat 198,0.0020534526564717,0.0143549003256281,-0.0164083529820986,PCA
Feat 199,0.0039430919609609,0.0174455540172204,-0.0213886459781797,PCA
Feat 200,0.002202919641741,-0.0068750086672891,0.0046720890255449,PCA
Feat 201,0.007456079129184,-0.0037726724886683,-0.003683406640518,PCA
Feat 202,-0.0024265609337187,0.0022141073990111,0.000212453534706,PCA
Feat 203,-0.0289850619972332,0.022766457674169,0.0062186043230639,PCA
Feat 204,0.0091214490243075,0.0050935766505862,-0.0142150256748931,PCA
Feat 205,0.0058721306726886,-0.0249838659865224,0.0191117353138321,PCA
Feat 206,-0.0010486038474308,-0.0031651031389242,0.004213706986359,PCA
Feat 207,-0.000486677042593,-0.0027749182373978,0.0032615952799895,PCA
Feat 208,0.0046892294951979,-0.0038128240515192,-0.0008764054436763,PCA
Feat 209,0.0335465173561116,-0.0230252774610605,-0.0105212398950498,PCA
Feat 210,-0.0044166965631964,-0.0109320149901461,0.0153487115533416,PCA
Feat 211,0.0024715814032643,-0.0126241454067013,0.0101525640034372,PCA
Feat 212,-0.0057434369463382,0.0249707709253133,-0.019227333978978,PCA
Feat 213,-0.0036132083593254,0.0149379525374851,-0.0113247441781624,PCA
Feat 214,0.0019768214006083,0.0024238625206892,-0.0044006839212971,PCA
Feat 215,0.0118216703401881,0.0218789079209648,-0.0337005782611532,PCA
Feat 216,0.0310236355565272,-0.0230286764361668,-0.0079949591203595,PCA
Feat 217,0.0046534031359246,0.0077378699620614,-0.012391273097989,PCA
Feat 218,-0.017576400969571,0.0132380728678534,0.0043383281017168,PCA
Feat 219,0.0102969925811417,-0.0136360881583826,0.0033390955772389,PCA
Feat 220,0.0054329828166307,-0.0079221823417253,0.0024891995250929,PCA
Feat 221,0.0146362738279197,-0.0084126640770673,-0.0062236097508554,PCA
Feat 222,-0.0110299184870149,-0.0046251536641989,0.0156550721512116,PCA
Feat 223,0.0171182891880889,-0.0040369479791402,-0.0130813412089494,PCA
Feat 224,0.0019381023270834,-0.0105075130301388,0.0085694107030568,PCA
Feat 225,-0.0227262014761344,0.0276618269548649,-0.0049356254787338,PCA
Feat 226,-0.0048915610432968,0.0195731927919518,-0.0146816317486519,PCA
subject,-0.001092361239626,0.0011184014102042,-2.6040170585374888e-05,PCA
Feat 1,0.0021487293777594,-0.0012740346450611,-0.0008746947330083,Isomap
Feat 2,0.0012757350060389,0.0009802595908282,-0.0022559945969065,Isomap
Feat 3,0.0039331863170772,-0.0019914260222634,-0.0019417602946946,Isomap
Feat 4,0.000305042133265,-0.0009506533702822,0.0006456112370027,Isomap
Feat 5,-0.0010205708855567,-0.0005474646400586,0.0015680355255736,Isomap
Feat 6,-0.0051979755160242,0.0016855730029255,0.0035124025131297,Isomap
Feat 7,0.0023736910359621,-0.0028536401972718,0.000479949161272,Isomap
Feat 8,0.0014687233808727,0.0019128703657351,-0.003381593746572,Isomap
Feat 9,-0.0042464891627939,0.0020199654658843,0.0022265236967108,Isomap
Feat 10,0.0009412000687149,-0.004027423177929,0.0030862231093104,Isomap
Feat 11,0.0030468497333503,-0.0020927841475416,-0.000954065585767,Isomap
Feat 12,0.0002981430268837,0.0001965817007331,-0.0004947247276125,Isomap
Feat 13,0.0009603359023039,0.0004640354077788,-0.0014243713101576,Isomap
Feat 14,-0.0001541638298806,-0.0010663372454666,0.0012205010753138,Isomap
Feat 15,0.0005264794274178,0.0018746636916448,-0.0024011431190707,Isomap
Feat 16,-0.0007466755737005,-0.0024900421301539,0.0032367177037916,Isomap
Feat 17,0.0012858568790188,0.0038798972120336,-0.0051657540910219,Isomap
Feat 18,-0.0063396520153373,0.0036800793789989,0.002659572636312,Isomap
Feat 19,-0.0056579298512442,0.0013660007491806,0.0042919291020317,Isomap
Feat 20,9.52445597699772e-05,0.0024711244370857,-0.0025663689968971,Isomap
Feat 21,0.0045368475309075,-0.0028697730493545,-0.0016670744813485,Isomap
Feat 22,-0.0079048816635233,0.0052644183584178,0.0026404633050573,Isomap
Feat 23,0.0051477247909996,-0.0043682999909773,-0.0007794248003671,Isomap
Feat 24,-0.0027636392898551,0.0002137677891164,0.002549871500819,Isomap
Feat 25,0.003086569755343,0.0033032689336596,-0.0063898386891518,Isomap
Feat 26,-0.0048189028716129,0.003182883867804,0.0016360190039274,Isomap
Feat 27,0.0046793225221035,0.0004782730195232,-0.0051575955416758,Isomap
Feat 28,0.0151537784346704,-0.0071845626983833,-0.0079692157362395,Isomap
Feat 29,0.0031152322418556,-0.0029794942279091,-0.0001357380140103,Isomap
Feat 30,0.0070301978569699,-0.003215646706074,-0.0038145511508908,Isomap
Feat 31,0.0014957825410044,0.0013195893088306,-0.0028153718498241,Isomap
Feat 32,-0.0004986743487532,0.0006089802003353,-0.000110305851733,Isomap
Feat 33,-0.0005167685047431,0.0015661959201563,-0.0010494274153454,Isomap
Feat 34,-0.000982962234745,-0.0011213913131365,0.0021043535478461,Isomap
Feat 35,0.0013476181613427,0.0016086897599036,-0.0029563079212767,Isomap
Feat 36,0.0014917185536891,0.0035086484808106,-0.0050003670343943,Isomap
Feat 37,0.0059988894712068,-0.0047244977153476,-0.001274391755698,Isomap
Feat 38,-0.0027668896407159,0.0055822774165618,-0.0028153877757529,Isomap
Feat 39,-0.0022808982033587,0.0028806398582983,-0.0005997416548113,Isomap
Feat 40,0.0025831808107499,-0.0042217708471434,0.0016385900364033,Isomap
Feat 41,0.0019857232820693,-0.0008581046024352,-0.0011276186795449,Isomap
Feat 42,-0.0034768989518546,0.0006706109202829,0.0028062880314754,Isomap
Feat 43,0.0016788841657604,-6.959096826297546e-05,-0.0016092931974496,Isomap
Feat 44,0.0058673153739208,-0.0062811245640163,0.0004138091901253,Isomap
Feat 45,0.0036871501212555,-0.0026342073840644,-0.0010529427371785,Isomap
Feat 46,0.0066546212829116,-0.0026734818769063,-0.0039811394062805,Isomap
Feat 47,-0.002125294037808,-0.0006666643147503,0.0027919583524827,Isomap
Feat 48,-0.0075630418697851,-0.0016311549927693,0.0091941968626686,Isomap
Feat 49,0.0048519431178155,0.0029454796793322,-0.0077974227971252,Isomap
Feat 50,-0.0009457440024536,-0.0003917418015942,0.0013374858040605,Isomap
Feat 51,0.0013961206773675,-0.0017131572113752,0.000317036534084,Isomap
subject,-0.0183008353951195,0.0051238195509876,0.0131770158427591,Isomap
Feat 1,0.0452689047345591,-0.0635192867065022,0.0182503819719927,Hessian
Feat 2,-0.0418238298878379,0.0546572694109088,-0.0128334395230882,Hessian
Feat 3,0.0005385964727866,-0.1362707605010738,0.1357321640282931,Hessian
Feat 4,0.0878080510132426,0.0343777062936776,-0.1221857573069472,Hessian
Feat 5,0.0455349666951107,0.1482932910341047,-0.1938282577292318,Hessian
Feat 6,-0.1408490801763888,-0.0176131569080543,0.1584622370844582,Hessian
Feat 7,-0.0372816216164136,-0.1258378175090317,0.1631194391254506,Hessian
Feat 8,0.0268084920088928,-0.0073168426736561,-0.019491649335245,Hessian
Feat 9,-0.1615169184740554,0.1173908462205922,0.0441260722534696,Hessian
Feat 10,-0.2030886988731713,0.177660583667719,0.0254281152054607,Hessian
Feat 11,-0.0857822477566002,0.0612779441614015,0.0245043035951998,Hessian
Feat 12,-0.0417420350208397,0.0680693943024267,-0.0263273592815952,Hessian
Feat 13,0.1422262112312425,-0.0176236799149726,-0.1246025313162511,Hessian
Feat 14,0.0651947459368249,-0.2707432164597289,0.2055484705229056,Hessian
Feat 15,-0.2949418219287774,0.2251442768154139,0.0697975451135193,Hessian
Feat 16,-0.0245606851412519,0.095959592759456,-0.0713989076181838,Hessian
Feat 17,-0.068438248352842,0.0293095004413486,0.0391287479114925,Hessian
Feat 18,0.1672530618452198,0.101977468693267,-0.2692305305384646,Hessian
Feat 19,-0.1184165328722083,0.032023538016881,0.0863929948553226,Hessian
Feat 20,0.0173572221938287,0.0111458109572476,-0.0285030331510835,Hessian
Feat 21,-0.017680490837477,-0.0092076255818468,0.0268881164193476,Hessian
subject,-0.001390938694588,0.0007593696223304,0.0006315690722685,Hessian
Feat 1,-0.0002235348141821,0.0003813441915221,-0.0001578093773936,MDS
Feat 2,-0.000350965940948,-0.0002045964741353,0.0005555624150629,MDS
Feat 3,-0.0003301175774166,-0.0003913883766617,0.0007215059541035,MDS
Feat 4,-0.0006148157086705,-0.0002411426165871,0.0008559583252321,MDS
Feat 5,-3.64094331613179e-06,-0.0001335421458283,0.0001371830891356,MDS
subject,-0.0040284839079094,0.0032500961012395,0.0007783878068538,MDS
Feat 1,0.0010244320184479,-0.0044218747784527,0.0033974427600045,t-SNE
Feat 2,-0.0009235035015521,0.001104889221717,-0.0001813857201627,t-SNE
Feat 3,0.0010826186613106,-0.0042927689867819,0.0032101503254702,t-SNE
subject,0.0039494666183731,-0.0051618772019652,0.0012124105835941,t-SNE
