Left Cerebellum,Right Cerebellum,Left Brainstem,Right Brainstem,Left Cerebrum,Right Cerebrum,Inter-Hemispheric,filename,subject,emotion,priming
1.786301479283823,2.076196280394785,0.6960059163307111,0.6549330111867339,1.1074309949245447,1.0652726110088098,1.2882550923965046,./emotion-fmri-neu/cp001_beta_anger_congruent_c0.nii.gz,1,anger,congruent
2.5117360746788164,3.124613158621383,1.2511471878333058,0.9748002601670812,1.2460281527825605,1.0309668324528924,1.8517760510897954,./emotion-fmri-neu/cp001_beta_anger_incongruent_c0.nii.gz,1,anger,incongruent
3.4456958379326768,3.9841874728610325,1.5041415741630262,1.3795099438816698,1.727606116171842,1.3429622155032295,2.636741668283011,./emotion-fmri-neu/cp001_beta_anger_neutral_c0.nii.gz,1,anger,neutral
1.5285661628820364,1.9191908772074988,0.9067456594916411,1.0998225507858301,0.8439221704312064,0.589541713629147,0.40544376789818354,./emotion-fmri-neu/cp001_beta_fear_congruent_c0.nii.gz,1,fear,congruent
1.4243727906226114,2.2659174156361837,0.7701168918265611,0.6377807224336106,0.964883436795219,0.32665694075446294,0.7911982790692978,./emotion-fmri-neu/cp001_beta_fear_incongruent_c0.nii.gz,1,fear,incongruent
2.3565415263407457,3.352222515949058,1.7755573395623152,1.7549081419279862,1.816572206228958,1.5145418906804862,1.5282369498344048,./emotion-fmri-neu/cp001_beta_fear_neutral_c0.nii.gz,1,fear,neutral
1.991666939703865,2.8841964453296525,0.7232594024679719,0.7668995465719285,0.7577585495873957,0.4723535376957354,1.4645640733349596,./emotion-fmri-neu/cp001_beta_disgust_congruent_c0.nii.gz,1,disgust,congruent
1.8814845466727887,2.4095043025333873,0.7047829150708097,0.7244781954686539,0.5491378848193339,0.24628445076883745,-0.021852946464102758,./emotion-fmri-neu/cp001_beta_disgust_incongruent_c0.nii.gz,1,disgust,incongruent
1.9109668120916332,2.7337811902901317,1.0084149863499237,0.6290652794984103,1.098314784335002,0.7510353381437536,1.7255480347024792,./emotion-fmri-neu/cp001_beta_disgust_neutral_c0.nii.gz,1,disgust,neutral
2.369220765755778,2.5092414240840886,0.6715985789609341,1.2558990477442948,0.19274779178381707,0.3401127542336113,-1.452088600943765,./emotion-fmri-neu/cp002_beta_anger_congruent_c0.nii.gz,2,anger,congruent
1.6515206209853155,1.5848052448520973,0.7167865712299857,0.6522474402833679,0.46261370806738344,0.5682304010200764,-0.7812727558200167,./emotion-fmri-neu/cp002_beta_anger_incongruent_c0.nii.gz,2,anger,incongruent
2.507867913752925,3.031427291587401,1.9248684458266327,2.361402223796414,1.5572271976375696,1.4604435240629587,0.5387419972342291,./emotion-fmri-neu/cp002_beta_anger_neutral_c0.nii.gz,2,anger,neutral
1.7679700206467281,1.970334793195414,1.277616310820903,1.7983640746979577,1.1622783687552165,1.0847009834143646,0.039258924930036576,./emotion-fmri-neu/cp002_beta_fear_congruent_c0.nii.gz,2,fear,congruent
2.736650599693862,2.8060330726895892,1.4395549891721917,1.7602301397440554,0.8684855179503923,0.992984479589115,-0.03596747194804211,./emotion-fmri-neu/cp002_beta_fear_incongruent_c0.nii.gz,2,fear,incongruent
1.9714750285062281,2.058740962429222,1.0586463257851388,1.5777115276519493,0.8947203267599926,0.9531477057322814,-0.37397667316189004,./emotion-fmri-neu/cp002_beta_fear_neutral_c0.nii.gz,2,fear,neutral
1.9433315772556847,1.8942941039225318,0.3210001449518084,0.7470913264155198,0.47102941337316623,0.505779043207925,-0.9286042297455483,./emotion-fmri-neu/cp002_beta_disgust_congruent_c0.nii.gz,2,disgust,congruent
1.8951907207822982,2.015930969283241,1.1347800129907193,0.8348394741491024,0.9642352619762238,0.8817195581273402,-0.018560218227473592,./emotion-fmri-neu/cp002_beta_disgust_incongruent_c0.nii.gz,2,disgust,incongruent
1.957445677788541,2.0042801956194074,1.6387499049102852,1.965937172122998,0.9181559572533952,0.9614778685872195,0.42625442499361416,./emotion-fmri-neu/cp002_beta_disgust_neutral_c0.nii.gz,2,disgust,neutral
0.5036500686220142,0.8198217719554987,-0.1548345968585343,0.163487702831469,-0.04369472947824489,-0.1228726803308224,-1.0803586310268338,./emotion-fmri-neu/cp003_beta_anger_congruent_c0.nii.gz,3,anger,congruent
0.8261350345077392,1.7011852051319245,-0.45379525540770704,-0.388575111807466,0.37126169705255213,0.2043228503466747,0.6722192723002959,./emotion-fmri-neu/cp003_beta_anger_incongruent_c0.nii.gz,3,anger,incongruent
1.0292135479755262,1.7094028995655888,-0.19202789729522998,0.1498690065425829,0.2217752226092514,0.027217038079046203,0.8180856529378396,./emotion-fmri-neu/cp003_beta_anger_neutral_c0.nii.gz,3,anger,neutral
1.1950512633836923,1.5153657113802115,-0.425231857179964,-0.06583148034336714,0.8492369871577562,1.0232010433840872,1.070505078651096,./emotion-fmri-neu/cp003_beta_fear_congruent_c0.nii.gz,3,fear,congruent
1.0072468841976667,1.8100673142472492,0.040948207810655286,0.04014594095332193,-0.008820742095891752,-0.010051366182031833,0.2178554005050931,./emotion-fmri-neu/cp003_beta_fear_incongruent_c0.nii.gz,3,fear,incongruent
2.4197952194541243,2.7402330773791252,0.9346138838187954,0.8423213043850704,1.0705908150408423,0.931231797444341,2.4833214831446813,./emotion-fmri-neu/cp003_beta_fear_neutral_c0.nii.gz,3,fear,neutral
1.5741394579539205,1.9071873360937952,-0.037216309360377925,-0.0006197910545270504,0.6009444588900222,0.7001706081573361,1.086780972147051,./emotion-fmri-neu/cp003_beta_disgust_congruent_c0.nii.gz,3,disgust,congruent
1.0892340282839224,1.579951949265017,-1.049695983329302,-0.7370566725744755,-0.04232547442599433,-0.04773661083972802,0.10152422126546558,./emotion-fmri-neu/cp003_beta_disgust_incongruent_c0.nii.gz,3,disgust,incongruent
0.005618916779940026,0.7191078132616443,-1.21595046818571,-1.3012604451265122,-0.39445264903173344,-0.18225671419194792,-0.3450838114056583,./emotion-fmri-neu/cp003_beta_disgust_neutral_c0.nii.gz,3,disgust,neutral
1.482644882936094,2.5288692084856335,-0.6783457285379112,-1.0686109444195333,1.6559806122054557,1.973411033096193,2.612403866214543,./emotion-fmri-neu/cp004_beta_anger_congruent_c0.nii.gz,4,anger,congruent
1.9795994214589672,2.778415539087809,0.22130749974486444,0.13490665082684858,1.3111826263899957,1.5224561548588857,1.7876422074542941,./emotion-fmri-neu/cp004_beta_anger_incongruent_c0.nii.gz,4,anger,incongruent
2.5205652611438283,4.07748112399551,0.368598666819539,0.9012496497100202,3.326178967591797,3.0211478121061814,4.727834015304943,./emotion-fmri-neu/cp004_beta_anger_neutral_c0.nii.gz,4,anger,neutral
1.3842896588837357,2.26060671867742,-1.359670305435456,-1.8516541130940034,-1.4127608544453862,-0.3928749059207212,-1.2285021534681417,./emotion-fmri-neu/cp004_beta_fear_congruent_c0.nii.gz,4,fear,congruent
2.185285068731107,3.2035414659183608,0.36216241060760007,-0.03963835699961084,0.743071407535569,1.3785764033726267,0.6358517198685182,./emotion-fmri-neu/cp004_beta_fear_incongruent_c0.nii.gz,4,fear,incongruent
1.9290614985631513,3.4365397107976046,0.10088348656418143,-0.48068809748190794,-0.8464475400621722,0.10682077160717125,-0.5022768646399414,./emotion-fmri-neu/cp004_beta_fear_neutral_c0.nii.gz,4,fear,neutral
-0.09876847825758366,0.8529612129472743,-0.5844634922782801,-1.2015473463390145,-1.832624156812366,-1.188397069228016,-3.3625012452081804,./emotion-fmri-neu/cp004_beta_disgust_congruent_c0.nii.gz,4,disgust,congruent
2.2203045439548186,2.692469407747654,0.05626071087240747,-1.0308660365518438,1.0925944665460365,1.0480373337001554,1.0166746549180403,./emotion-fmri-neu/cp004_beta_disgust_incongruent_c0.nii.gz,4,disgust,incongruent
1.9968275275624894,3.3461474388780355,-1.1008466295421,-0.777591941363325,3.2207188561847557,3.8011774857326164,4.843838844424004,./emotion-fmri-neu/cp004_beta_disgust_neutral_c0.nii.gz,4,disgust,neutral
1.4889876033250733,1.941820983941963,-0.05928512315539346,-0.15295629651519338,0.8012145092348595,1.053390927153399,1.515023782496207,./emotion-fmri-neu/cp005_beta_anger_congruent_c0.nii.gz,5,anger,congruent
2.15934848596709,2.756672398763189,1.4669798454621017,1.0875356536278695,1.330173656639802,1.5391013154124746,2.086576362576897,./emotion-fmri-neu/cp005_beta_anger_incongruent_c0.nii.gz,5,anger,incongruent
2.425157153448835,2.9433196880571226,0.5146331031816869,0.6034035905073878,1.5758510206276608,1.7562377963758289,1.8601709458621243,./emotion-fmri-neu/cp005_beta_anger_neutral_c0.nii.gz,5,anger,neutral
2.2372350356178496,2.396581203435951,0.7387031918037297,0.10253000932427944,1.1222582795688971,0.8996863032148936,1.6432382341680851,./emotion-fmri-neu/cp005_beta_fear_congruent_c0.nii.gz,5,fear,congruent
2.5654024344089654,2.1987552442549294,0.6502891004404973,0.4381145882098264,1.5997842917672216,1.6683730707578115,2.550549322944097,./emotion-fmri-neu/cp005_beta_fear_incongruent_c0.nii.gz,5,fear,incongruent
1.1074586448953971,0.37343380740368176,-0.049556103948389545,-0.43842240046059033,1.1013539352377013,0.906391344628023,1.4385286903980714,./emotion-fmri-neu/cp005_beta_fear_neutral_c0.nii.gz,5,fear,neutral
2.936451267553669,3.1342755001359976,1.9088376689354516,1.2911128842520962,1.6242345147345598,1.4453145663110045,2.523090277653709,./emotion-fmri-neu/cp005_beta_disgust_congruent_c0.nii.gz,5,disgust,congruent
2.298010866358867,2.475586243850472,0.9472818067754513,0.7811820793500882,0.4803424380519132,0.6696647539035023,0.5830550180886991,./emotion-fmri-neu/cp005_beta_disgust_incongruent_c0.nii.gz,5,disgust,incongruent
3.0573496467712493,3.577502132056537,1.649508542922046,1.7013942684641996,1.7799674150257032,1.7465131158585179,3.0936866045982674,./emotion-fmri-neu/cp005_beta_disgust_neutral_c0.nii.gz,5,disgust,neutral
0.8428339924185236,1.5072656227052446,0.025737128222220705,0.37639457737696685,-0.08605616846416904,-0.16246301724414772,-0.17898151850122404,./emotion-fmri-neu/cp006_beta_anger_congruent_c0.nii.gz,6,anger,congruent
1.481570217221364,1.678714959677876,-0.17405183422607298,-0.1567747297094611,0.112776848722967,0.03924719556128904,0.4267739579722997,./emotion-fmri-neu/cp006_beta_anger_incongruent_c0.nii.gz,6,anger,incongruent
1.3716362242320648,1.7965466004429094,0.3036849662332463,0.48486185809891336,0.6329015646259487,0.6334909159248078,0.521969875462279,./emotion-fmri-neu/cp006_beta_anger_neutral_c0.nii.gz,6,anger,neutral
1.020385750826602,1.3094114269818797,-0.41086052590333905,-0.2743004088089338,-0.004825056724107882,-0.3140876407728274,-0.4905940571367953,./emotion-fmri-neu/cp006_beta_fear_congruent_c0.nii.gz,6,fear,congruent
1.7238415561465292,2.438157712465895,0.4272105331649654,0.6274401088235338,0.4240871848097297,0.27961823171719097,0.7531547216696127,./emotion-fmri-neu/cp006_beta_fear_incongruent_c0.nii.gz,6,fear,incongruent
0.9134751733440748,1.5327804374197012,-0.4412874913984511,-0.5818922084281833,0.23902866085157973,0.189439843053877,-0.14409457992853253,./emotion-fmri-neu/cp006_beta_fear_neutral_c0.nii.gz,6,fear,neutral
0.8572249399318287,1.1487539996812182,0.9950559194639331,1.509405603011588,-0.01503595092640632,-0.13662702373658484,0.44250411821731017,./emotion-fmri-neu/cp006_beta_disgust_congruent_c0.nii.gz,6,disgust,congruent
1.610937668031828,2.003245041856848,0.37370401658427305,0.49313306003242957,-0.07264230807091045,-0.03660744652746595,0.3430643919336679,./emotion-fmri-neu/cp006_beta_disgust_incongruent_c0.nii.gz,6,disgust,incongruent
1.357360827239679,1.917401948842324,-0.06409457414522622,0.016539550374683208,0.7295286718316756,0.4386351892227068,0.9226778878086351,./emotion-fmri-neu/cp006_beta_disgust_neutral_c0.nii.gz,6,disgust,neutral
0.897312451151185,2.2755222048578228,0.6458307743917195,0.6773478833062895,0.21086723629924506,0.5988702696019382,-0.23632210261644845,./emotion-fmri-neu/cp007_beta_anger_congruent_c0.nii.gz,7,anger,congruent
-0.1603474020367956,0.6897674773447591,-0.15997632848658852,-0.3736802043853515,-0.49576286326771846,-0.3410108665602994,-1.5561007138649454,./emotion-fmri-neu/cp007_beta_anger_incongruent_c0.nii.gz,7,anger,incongruent
0.16645939220879577,0.817874197244879,0.08164084224892716,-0.1890972699330289,0.5523599741750679,0.22308426278606566,-0.8723862746799269,./emotion-fmri-neu/cp007_beta_anger_neutral_c0.nii.gz,7,anger,neutral
1.2451531032766594,2.0182165117487862,0.9401123064099591,0.6184155546882214,0.2328685340476073,0.20303094009724884,-1.144624767905906,./emotion-fmri-neu/cp007_beta_fear_congruent_c0.nii.gz,7,fear,congruent
0.9722622997407111,1.3984410105727896,0.2284988300682238,0.2222748808961085,0.5373641214552951,0.2205057073927665,-0.28137726248627565,./emotion-fmri-neu/cp007_beta_fear_incongruent_c0.nii.gz,7,fear,incongruent
0.3190355015368947,0.8991022494889308,-0.2214186880158078,0.29831935922486175,-0.7647977336131572,-0.4661339592194464,-0.6468460803316861,./emotion-fmri-neu/cp007_beta_fear_neutral_c0.nii.gz,7,fear,neutral
0.4167132669448983,1.294364514863308,0.33471431929140283,0.23701974199083958,-1.3047870029380182,-1.3598252947847997,-3.9531264492775375,./emotion-fmri-neu/cp007_beta_disgust_congruent_c0.nii.gz,7,disgust,congruent
0.07360914625528311,0.6779475456547353,0.20280323647211201,0.30632213636756056,0.3877007323095513,0.438309218436545,-0.1441584747775856,./emotion-fmri-neu/cp007_beta_disgust_incongruent_c0.nii.gz,7,disgust,incongruent
0.07932798593236494,0.6597760325674856,-1.197443067490042,-1.2323291790857056,0.14880299774716646,0.08984993307891123,-0.9669743914931515,./emotion-fmri-neu/cp007_beta_disgust_neutral_c0.nii.gz,7,disgust,neutral
1.945701180999938,1.6104595354148314,1.3175612957426581,0.6904482339389196,1.2524991507687233,1.4305017958454074,0.9268305681205784,./emotion-fmri-neu/cp008_beta_anger_congruent_c0.nii.gz,8,anger,congruent
2.2194900008682206,2.3108498846961627,1.0732203062701777,0.7513744991425138,0.3968627782290508,0.3956529225006819,0.180807941231829,./emotion-fmri-neu/cp008_beta_anger_incongruent_c0.nii.gz,8,anger,incongruent
-0.7548465570003563,-0.8245045699755617,-1.8777686764893047,-2.1069507963722303,-1.1226685214643164,-1.6374668349996968,-3.1843941516660355,./emotion-fmri-neu/cp008_beta_anger_neutral_c0.nii.gz,8,anger,neutral
3.4598567399529148,3.6009248825949123,3.7567618357978185,2.937253395876464,3.8569361038852397,3.676063965578436,4.367833256000057,./emotion-fmri-neu/cp008_beta_fear_congruent_c0.nii.gz,8,fear,congruent
0.2692461109265985,0.02609103751889226,-0.05591448439199602,-0.33330643289316236,0.7528232117993932,0.41805039843987346,-0.6580121250483222,./emotion-fmri-neu/cp008_beta_fear_incongruent_c0.nii.gz,8,fear,incongruent
1.6897927493868925,1.7515523837409743,2.000123747055561,1.3924210334221006,1.8491880790645312,1.788531457400257,2.0164161707654342,./emotion-fmri-neu/cp008_beta_fear_neutral_c0.nii.gz,8,fear,neutral
4.106500859145103,4.390171787041564,4.09393640046527,3.6617839750860166,4.761608009554331,5.139868566926666,6.514200584878275,./emotion-fmri-neu/cp008_beta_disgust_congruent_c0.nii.gz,8,disgust,congruent
2.8613331117048375,2.873227969814378,1.8936164981861159,1.7596330477613447,2.7214880268633217,2.603388308613519,3.1084785005347686,./emotion-fmri-neu/cp008_beta_disgust_incongruent_c0.nii.gz,8,disgust,incongruent
1.3549545969611214,1.8069786073198837,0.8082032818233901,0.9166547180440183,1.3932692179317896,0.9408147254361204,0.12169703447462256,./emotion-fmri-neu/cp008_beta_disgust_neutral_c0.nii.gz,8,disgust,neutral
2.4956237792009124,3.5054252146164884,2.337061035147336,2.1803640744351513,1.6666904667431715,1.6104185319933528,2.207796609423095,./emotion-fmri-neu/cp009_beta_anger_congruent_c0.nii.gz,9,anger,congruent
2.889534859549881,3.788582887377461,2.233931068948909,1.695744930113072,1.9777821785326128,2.3081948814675695,2.6157982623005767,./emotion-fmri-neu/cp009_beta_anger_incongruent_c0.nii.gz,9,anger,incongruent
4.48344614383804,5.4064548105046155,2.864167337806908,2.7005013931211264,2.8601410948093284,3.559851473555562,4.221848893226214,./emotion-fmri-neu/cp009_beta_anger_neutral_c0.nii.gz,9,anger,neutral
3.015440833391654,4.042385741661108,3.326238687274995,3.069697845888816,2.323200683591996,2.4256478271616855,3.1913809028209057,./emotion-fmri-neu/cp009_beta_fear_congruent_c0.nii.gz,9,fear,congruent
2.9030447432843074,3.882063639225547,1.2327777008781777,0.6015263897304187,2.168165950996101,2.1784576020112496,2.8637663605935773,./emotion-fmri-neu/cp009_beta_fear_incongruent_c0.nii.gz,9,fear,incongruent
3.4727766972132947,4.053147809922849,3.0111125127586837,2.4523016420293797,2.531125092205294,2.9807483545916904,4.262405322583849,./emotion-fmri-neu/cp009_beta_fear_neutral_c0.nii.gz,9,fear,neutral
2.3085272869920814,3.1525649825519046,2.8426397122377303,2.61469898262165,1.6460662250212132,1.7206894089530735,1.9923637737635593,./emotion-fmri-neu/cp009_beta_disgust_congruent_c0.nii.gz,9,disgust,congruent
1.9755379643895679,2.646021236427873,1.5127527761328552,0.6769547211390784,1.30754218171659,1.6544720421807984,1.7512730775711065,./emotion-fmri-neu/cp009_beta_disgust_incongruent_c0.nii.gz,9,disgust,incongruent
2.6061762922720284,3.077833534010548,1.893372400903935,1.3259222286267613,2.2720199215727286,2.510778281401971,4.007420187368668,./emotion-fmri-neu/cp009_beta_disgust_neutral_c0.nii.gz,9,disgust,neutral
2.114873595587489,2.2062728463413075,0.38212749727329,0.846485343570131,1.3066487530541664,1.2506259737308738,1.66016532898877,./emotion-fmri-neu/cp010_beta_anger_congruent_c0.nii.gz,10,anger,congruent
2.7980127160789845,2.647702428456027,0.3350912026636244,0.009389550323429391,1.8695688095877878,1.4465978253326424,3.5988979837378925,./emotion-fmri-neu/cp010_beta_anger_incongruent_c0.nii.gz,10,anger,incongruent
1.8232218968324865,2.3123982207613896,0.3330192780759542,0.9360936804832173,0.8092556718688986,1.078078359895636,1.5189251175527343,./emotion-fmri-neu/cp010_beta_anger_neutral_c0.nii.gz,10,anger,neutral
2.8652126125410002,2.770094700727808,1.593958218756064,1.3120177192965532,1.9670403226201243,1.6381254403017835,2.7697442588833936,./emotion-fmri-neu/cp010_beta_fear_congruent_c0.nii.gz,10,fear,congruent
2.6124620490713633,3.0238955912549796,0.23283391744725854,0.13000726909971055,1.5781678459660775,1.2822397851454561,2.7601184504424165,./emotion-fmri-neu/cp010_beta_fear_incongruent_c0.nii.gz,10,fear,incongruent
2.41948571657313,3.0594786842923116,1.3174556707927774,1.6513098534336446,1.8399992704313983,1.4265585645036796,3.349115399302408,./emotion-fmri-neu/cp010_beta_fear_neutral_c0.nii.gz,10,fear,neutral
2.0836585809085006,2.1885197201268993,0.9670692411131312,1.0778486527291495,1.7725813677792441,1.4376148647717983,3.0295775904255318,./emotion-fmri-neu/cp010_beta_disgust_congruent_c0.nii.gz,10,disgust,congruent
2.8890911214386077,2.8630623766510905,0.5992933054981439,0.5648418090581602,1.54789776427554,1.2784166649010404,2.8425481186560764,./emotion-fmri-neu/cp010_beta_disgust_incongruent_c0.nii.gz,10,disgust,incongruent
3.052541740278159,3.6390246365303804,1.214898104117851,0.6591243556476301,2.6871745398503974,1.6138569076912577,5.971414974542583,./emotion-fmri-neu/cp010_beta_disgust_neutral_c0.nii.gz,10,disgust,neutral
3.006056456369654,4.215242651491357,2.604976640545843,3.008251572864166,0.949374268150389,1.041321802196352,1.6779069974900913,./emotion-fmri-neu/cp011_beta_anger_congruent_c0.nii.gz,11,anger,congruent
1.0046581324812776,2.1769299390452934,0.454492269289168,0.9773203878901084,-0.8186363835645457,-0.6556603620426438,-0.47923904209685053,./emotion-fmri-neu/cp011_beta_anger_incongruent_c0.nii.gz,11,anger,incongruent
0.9925711520541042,1.557558523039305,-0.5796937168632939,-0.15429404272424904,-0.5233241701513128,-0.5298687841044686,-0.3484385883848866,./emotion-fmri-neu/cp011_beta_anger_neutral_c0.nii.gz,11,anger,neutral
1.1547770260968835,1.8749620362170125,0.6105856916437027,0.7623965326545271,-1.4283094644970773,-1.5631306012027206,-1.4662215206492786,./emotion-fmri-neu/cp011_beta_fear_congruent_c0.nii.gz,11,fear,congruent
1.9659351931299538,2.742259323259964,0.6744360844792574,0.7710970802771255,-0.1827272581484258,-0.2178396122510228,0.7566773057134818,./emotion-fmri-neu/cp011_beta_fear_incongruent_c0.nii.gz,11,fear,incongruent
1.014477451319334,1.6078135591440323,-1.0980391202454327,-0.6048676490732201,0.7038254822001998,0.316487584329637,0.8472504398241217,./emotion-fmri-neu/cp011_beta_fear_neutral_c0.nii.gz,11,fear,neutral
1.7394600800119977,2.323990765719148,1.0511834729473963,1.3980219484621301,-0.8673302277084635,-1.0057655049636878,-1.1269671480402434,./emotion-fmri-neu/cp011_beta_disgust_congruent_c0.nii.gz,11,disgust,congruent
2.052267736536622,3.1160562768129854,1.4385196280014354,1.7551960086974836,-0.06046778756930686,0.3399795346656831,0.7569469345112164,./emotion-fmri-neu/cp011_beta_disgust_incongruent_c0.nii.gz,11,disgust,incongruent
1.8849894737228161,2.4343686833116838,-0.459029809231181,0.10144175302260862,1.2346525475586465,0.9363548299112772,1.659239123845641,./emotion-fmri-neu/cp011_beta_disgust_neutral_c0.nii.gz,11,disgust,neutral
0.41155489618024776,0.41095545661301347,-1.7189489211657745,-1.9488811784518214,0.16751510670202027,-0.14299816514682662,0.47063612250275444,./emotion-fmri-neu/cp012_beta_anger_congruent_c0.nii.gz,12,anger,congruent
1.5899364456855225,1.6636840262383195,-0.4627753701842176,-0.969114317219558,1.7685677655401622,1.7872116718055882,3.169086711667452,./emotion-fmri-neu/cp012_beta_anger_incongruent_c0.nii.gz,12,anger,incongruent
0.6955404510315362,0.3924516737607998,0.285174675616697,-0.3871831240353529,1.4305362572167133,1.7586953939976557,2.3994320402485756,./emotion-fmri-neu/cp012_beta_anger_neutral_c0.nii.gz,12,anger,neutral
1.437854318946821,1.4282443764203843,0.061288275930446307,0.11005517962074787,-0.39530254379094326,-0.08236762624539395,0.18952633720749956,./emotion-fmri-neu/cp012_beta_fear_congruent_c0.nii.gz,12,fear,congruent
-0.08190203366491751,0.1936650250213641,-1.1948359298587983,-1.5530909640866,-0.11719659211250835,-0.1697378146120575,0.18799642261526942,./emotion-fmri-neu/cp012_beta_fear_incongruent_c0.nii.gz,12,fear,incongruent
0.9600298292322603,1.0726178975795915,-0.8930407620281573,-1.3242153694873418,1.764592075693142,2.2709037356790125,4.180841330461248,./emotion-fmri-neu/cp012_beta_fear_neutral_c0.nii.gz,12,fear,neutral
0.0953331080033857,0.486014108427608,-1.0993812525804822,-1.293800599000562,0.49082731572838434,0.5044228940741486,0.2746610705692112,./emotion-fmri-neu/cp012_beta_disgust_congruent_c0.nii.gz,12,disgust,congruent
2.262518789876912,2.3514018615671555,-0.38447273464660964,-0.4741294797544788,1.551899963144541,1.882188148383391,2.9626421629337503,./emotion-fmri-neu/cp012_beta_disgust_incongruent_c0.nii.gz,12,disgust,incongruent
0.13641876832925884,0.03450900270665389,-0.5370701885595548,-0.8620785150436004,0.31789059154835353,0.1249445794701556,0.8360765977697587,./emotion-fmri-neu/cp012_beta_disgust_neutral_c0.nii.gz,12,disgust,neutral
3.735547618539815,3.8946931807695315,1.1706093935912625,1.9333177392964398,1.6205900850235662,1.7576604078954665,1.4905019127364154,./emotion-fmri-neu/cp013_beta_anger_congruent_c0.nii.gz,13,anger,congruent
2.7261812478635705,2.417777442491785,0.17614228850596975,0.8253893054899144,0.8019208500112796,1.1096745799437102,-0.04367484195140277,./emotion-fmri-neu/cp013_beta_anger_incongruent_c0.nii.gz,13,anger,incongruent
4.793155509357714,4.577352638122064,1.1335351348121527,1.986062370687307,2.2919171773901423,2.656350425795772,2.7744456717312866,./emotion-fmri-neu/cp013_beta_anger_neutral_c0.nii.gz,13,anger,neutral
2.8158575371195886,2.83057681217806,0.5952281003352607,0.3301594981847132,0.8381512400892148,0.8826184162550071,-0.2962715332486978,./emotion-fmri-neu/cp013_beta_fear_congruent_c0.nii.gz,13,fear,congruent
4.179706838950749,3.917530039670539,1.828023050544358,2.155374649513863,2.408200105996961,2.669437980692098,3.077681083881022,./emotion-fmri-neu/cp013_beta_fear_incongruent_c0.nii.gz,13,fear,incongruent
3.176340471199228,2.524194529654509,1.569494541060251,1.3935813449325873,2.343915936326313,2.2154058058304638,2.3465661887608005,./emotion-fmri-neu/cp013_beta_fear_neutral_c0.nii.gz,13,fear,neutral
2.9809370404114044,2.9797794279894303,0.6408019106860212,0.7799462737450105,1.6123453876918519,1.6496291184276977,1.3032913250877844,./emotion-fmri-neu/cp013_beta_disgust_congruent_c0.nii.gz,13,disgust,congruent
3.7616952198457607,3.324303545262461,0.8209605755651053,1.3637950947590234,0.9271398041966757,1.2091139833254032,0.1627515438654698,./emotion-fmri-neu/cp013_beta_disgust_incongruent_c0.nii.gz,13,disgust,incongruent
2.1307582350816947,1.8346159718388977,-1.0238698865525357,0.0950420690253474,0.6979903257251576,0.6567866393419106,0.2384718804211072,./emotion-fmri-neu/cp013_beta_disgust_neutral_c0.nii.gz,13,disgust,neutral
1.4461138402260993,1.4048496314940975,1.8272938892638089,1.6439251854217798,-0.03933790160841319,-0.09246905269001991,-1.428467852528395,./emotion-fmri-neu/cp014_beta_anger_congruent_c0.nii.gz,14,anger,congruent
1.6299993840966929,1.6314809510292785,0.8331815523881084,0.6343327164160778,0.19260373757709406,0.07758184943790193,-0.5783148039525012,./emotion-fmri-neu/cp014_beta_anger_incongruent_c0.nii.gz,14,anger,incongruent
1.017440190837387,1.5271203896537116,0.04240754450429653,-0.4728950323280665,1.1797498792180334,0.9723087485664126,0.9287980082720403,./emotion-fmri-neu/cp014_beta_anger_neutral_c0.nii.gz,14,anger,neutral
2.3713392244620795,2.9015394620795583,3.556786036479327,3.803837977045423,0.8609541572920617,0.9082565649853285,0.9404011565903548,./emotion-fmri-neu/cp014_beta_fear_congruent_c0.nii.gz,14,fear,congruent
2.456880836290286,2.520956366821367,2.398418936090832,2.0272204299226004,0.47925981243061616,0.36713840533153785,-0.06005227466598872,./emotion-fmri-neu/cp014_beta_fear_incongruent_c0.nii.gz,14,fear,incongruent
0.4991085984848042,0.6014587162473184,-2.1816313114430437,-2.3117467093103516,0.18273248444235526,0.15563899512892806,-0.9064116983283269,./emotion-fmri-neu/cp014_beta_fear_neutral_c0.nii.gz,14,fear,neutral
1.2576728434257232,1.5304568911993737,1.224317738509473,1.3150112600743442,0.2613224185496975,0.563660008688122,-0.6694859664752133,./emotion-fmri-neu/cp014_beta_disgust_congruent_c0.nii.gz,14,disgust,congruent
2.0200609749573437,2.0077928779679675,1.3834406053015638,1.3773546009299054,0.05292853703642767,-0.09571349750520577,-1.1743951542936224,./emotion-fmri-neu/cp014_beta_disgust_incongruent_c0.nii.gz,14,disgust,incongruent
0.9362722911116774,1.1083248380097965,1.7865952181624427,1.2705156366237358,0.39587252919259397,0.12872431962065198,-1.2086766492943233,./emotion-fmri-neu/cp014_beta_disgust_neutral_c0.nii.gz,14,disgust,neutral
1.0664967366538662,1.2783005988072842,-0.8404822603321817,-0.44219077523684625,0.6317690263465271,0.6899005670368463,0.7398313881941335,./emotion-fmri-neu/cp015_beta_anger_congruent_c0.nii.gz,15,anger,congruent
0.8200450803271436,0.9728972279555772,-0.14928617220462861,0.5292184045827772,0.13249733189278567,0.2544351909487619,0.18389595325927938,./emotion-fmri-neu/cp015_beta_anger_incongruent_c0.nii.gz,15,anger,incongruent
0.7721876335547007,0.8543800878468444,-0.5927309999279384,-0.50979819384231,0.8621085153486446,0.6477633955884053,0.9445912792518257,./emotion-fmri-neu/cp015_beta_anger_neutral_c0.nii.gz,15,anger,neutral
1.9591475870033526,1.8878096740743489,1.1799017479786003,1.254373699574767,0.8732451287345613,0.9333496350547941,0.9099767725433826,./emotion-fmri-neu/cp015_beta_fear_congruent_c0.nii.gz,15,fear,congruent
1.6506352893360619,2.029087291445276,0.38509591974799934,0.29604124544182686,1.1668165448921435,1.1558443089106614,1.641354756718892,./emotion-fmri-neu/cp015_beta_fear_incongruent_c0.nii.gz,15,fear,incongruent
1.3777496885844447,1.4592147440343257,-0.0314462255860033,0.22876325231784403,0.960737328289259,0.959959818372017,1.5178217811013552,./emotion-fmri-neu/cp015_beta_fear_neutral_c0.nii.gz,15,fear,neutral
1.1343683335328387,1.1367868957719693,-0.14971932530096782,0.4128891328785052,0.33773238883147505,0.5263490150136497,-0.007529014032156164,./emotion-fmri-neu/cp015_beta_disgust_congruent_c0.nii.gz,15,disgust,congruent
1.7534654684610258,1.5416616523416005,0.35624584076531796,0.47125411975525183,0.5052414498857261,0.6043276884061266,0.9013285489121315,./emotion-fmri-neu/cp015_beta_disgust_incongruent_c0.nii.gz,15,disgust,incongruent
0.6164705197817149,0.45314171080738025,-0.12046459330185552,-0.47772333135405837,0.42643235360255516,0.09332264851870448,0.1442530337316781,./emotion-fmri-neu/cp015_beta_disgust_neutral_c0.nii.gz,15,disgust,neutral
0.4520209763560891,0.8343135804050357,0.5405866280767798,0.6101405804783318,0.07348103703730499,0.14800839081804865,1.0644538561771633,./emotion-fmri-neu/cp016_beta_anger_congruent_c0.nii.gz,16,anger,congruent
-0.03894493189958995,-0.07321169383635956,-0.08289301904968374,-0.5764284695649117,-0.4663955878503271,-0.3342516315156356,-0.27776603412789513,./emotion-fmri-neu/cp016_beta_anger_incongruent_c0.nii.gz,16,anger,incongruent
0.25906078437402535,0.07645636228404144,0.33523844578183426,0.17610452874397192,0.22104752386603554,0.004463713157381765,0.5285415972678001,./emotion-fmri-neu/cp016_beta_anger_neutral_c0.nii.gz,16,anger,neutral
-0.5887220774995279,0.11781113928099653,-0.11602122233231618,-0.1188936008626293,-0.35065796660578546,-0.442282452918223,-0.2827713919096471,./emotion-fmri-neu/cp016_beta_fear_congruent_c0.nii.gz,16,fear,congruent
0.42370035893072927,0.45274927862307734,0.08327974593681862,0.014367311729687058,0.14530615997037377,-0.013454446097541888,0.17583890898095692,./emotion-fmri-neu/cp016_beta_fear_incongruent_c0.nii.gz,16,fear,incongruent
-0.8524256661228558,-0.9449004691070542,-0.7652721737415854,-0.7491310912430776,-0.3579314132538406,-0.28321470593035164,-0.15726954400350526,./emotion-fmri-neu/cp016_beta_fear_neutral_c0.nii.gz,16,fear,neutral
-0.49049601810574606,-0.5380452704280122,0.003400167021749137,-0.12392929878537692,-0.5490551541475884,-0.7194476908801534,-1.1748302606230636,./emotion-fmri-neu/cp016_beta_disgust_congruent_c0.nii.gz,16,disgust,congruent
0.2074490907203354,-0.15445330073476743,-0.2152766329139758,-0.3513048698390529,-0.547965144120859,-0.6565868687747309,-0.9233006845857328,./emotion-fmri-neu/cp016_beta_disgust_incongruent_c0.nii.gz,16,disgust,incongruent
-0.5604957925119997,-0.291089000394751,-0.46957456882442034,-0.10875807962008381,-0.3068973224578087,-0.18888276814104799,-0.379597416083305,./emotion-fmri-neu/cp016_beta_disgust_neutral_c0.nii.gz,16,disgust,neutral
2.2778811887505985,2.470369516084737,1.0032976734629757,1.6242064381799797,1.0363769795678908,1.3380937919544704,0.8501501034206982,./emotion-fmri-neu/cp017_beta_anger_congruent_c0.nii.gz,17,anger,congruent
2.9431850458676623,3.211387176549898,1.7243475808563147,2.0755716153067194,1.2069711148143392,1.4278204901600706,1.5332261327407566,./emotion-fmri-neu/cp017_beta_anger_incongruent_c0.nii.gz,17,anger,incongruent
1.9125233476412116,2.433215282590194,0.7697635730180402,1.5633603666817748,0.7362376676906182,1.1202807025649573,0.5895129116602447,./emotion-fmri-neu/cp017_beta_anger_neutral_c0.nii.gz,17,anger,neutral
2.343896611674942,2.799085777410428,1.0823512405068036,1.5950018773960366,0.9890963409668918,0.8559721030112886,0.658317805764049,./emotion-fmri-neu/cp017_beta_fear_congruent_c0.nii.gz,17,fear,congruent
2.5121136949235647,2.7140839964701122,1.3029152569103122,1.8308880231000846,0.7964443247527562,0.9600757522950765,0.9198633850795128,./emotion-fmri-neu/cp017_beta_fear_incongruent_c0.nii.gz,17,fear,incongruent
2.3676192619918455,2.7588222454044495,1.5311554006225225,1.9854814763916873,0.8995677174429758,1.289484709858888,0.3868336675009133,./emotion-fmri-neu/cp017_beta_fear_neutral_c0.nii.gz,17,fear,neutral
2.1001236338947393,2.362086974455049,0.6924524593312822,1.2343993038971701,0.7381712303156502,0.7396788087634771,0.5046613122106258,./emotion-fmri-neu/cp017_beta_disgust_congruent_c0.nii.gz,17,disgust,congruent
2.748573043335637,3.190044911640716,1.429367370039924,2.043284840154725,0.8884035804722151,1.138803326724491,0.9252141637439297,./emotion-fmri-neu/cp017_beta_disgust_incongruent_c0.nii.gz,17,disgust,incongruent
2.201031204804866,2.3092890655505705,1.137170056730061,1.4858504182229857,0.7168459209229482,0.8526994941832682,0.35171522445354025,./emotion-fmri-neu/cp017_beta_disgust_neutral_c0.nii.gz,17,disgust,neutral
2.9254879073213265,2.6813655814676176,0.8245598766480428,0.6111110063069688,1.5124923709882014,1.5192001198446219,2.380566704159059,./emotion-fmri-neu/cp018_beta_anger_congruent_c0.nii.gz,18,anger,congruent
3.0509010232600926,2.599114375163748,0.9601945237817161,0.2892554433015874,1.39304307743533,1.3337641299013603,1.5247141229785408,./emotion-fmri-neu/cp018_beta_anger_incongruent_c0.nii.gz,18,anger,incongruent
1.8926726691807865,1.9065178719722764,-0.24072519503789183,-0.6867365985952872,1.936960151190829,1.2834898100974088,2.363858692499591,./emotion-fmri-neu/cp018_beta_anger_neutral_c0.nii.gz,18,anger,neutral
2.3337665600932906,2.1495664657259965,0.5202097983209808,0.24572091497642928,1.1566321587210893,0.9549513505324889,1.3699618730896592,./emotion-fmri-neu/cp018_beta_fear_congruent_c0.nii.gz,18,fear,congruent
2.278621838828881,1.8212772407046187,1.2375156401233678,0.8121434196978998,1.1807723025498327,0.8706509665231341,0.8929240476069873,./emotion-fmri-neu/cp018_beta_fear_incongruent_c0.nii.gz,18,fear,incongruent
3.4066916984873363,3.305781237237598,0.9220688681882592,0.8534501723850672,1.827315422806662,1.810527814313777,2.6228778953592653,./emotion-fmri-neu/cp018_beta_fear_neutral_c0.nii.gz,18,fear,neutral
3.547065044785755,3.2660478275134714,1.6299607206791027,0.7909885283390966,2.394904378178229,2.38213509679644,3.1662410178519136,./emotion-fmri-neu/cp018_beta_disgust_congruent_c0.nii.gz,18,disgust,congruent
2.9103467172145834,2.3342976408139333,1.595714926422784,1.1953504118737204,1.3014535045434976,1.1543368569352501,1.182047315628844,./emotion-fmri-neu/cp018_beta_disgust_incongruent_c0.nii.gz,18,disgust,incongruent
2.754766374829924,1.9663763562215304,0.10555209335657799,-0.5549940007230754,2.3052954713004965,1.9761945978509023,3.42760564759399,./emotion-fmri-neu/cp018_beta_disgust_neutral_c0.nii.gz,18,disgust,neutral
1.5814615924887971,1.7726114472290064,0.040376467064042465,-0.12276351381681742,0.46709683651411904,0.39067974600500166,0.2502983219404581,./emotion-fmri-neu/cp019_beta_anger_congruent_c0.nii.gz,19,anger,congruent
2.2648852613101855,2.9587342259160856,0.667208119437446,0.24009843257100136,0.79760900921295,0.6703467959789599,1.2512938533187652,./emotion-fmri-neu/cp019_beta_anger_incongruent_c0.nii.gz,19,anger,incongruent
1.7010923898675514,1.7710601982556209,-0.09978552825776292,-0.3630129153289657,0.4483018098728154,0.4997382493692567,0.0501533766566681,./emotion-fmri-neu/cp019_beta_anger_neutral_c0.nii.gz,19,anger,neutral
2.1431511825478124,2.3528905593632485,0.5568150223653798,0.6084749930213595,1.1489856587074163,0.8283024388353516,1.6181550518630072,./emotion-fmri-neu/cp019_beta_fear_congruent_c0.nii.gz,19,fear,congruent
1.7731927241724668,1.664306682702065,0.13419953962027292,-0.12757831069427997,0.5434896459290663,0.47967097403739595,0.4112478531437233,./emotion-fmri-neu/cp019_beta_fear_incongruent_c0.nii.gz,19,fear,incongruent
1.7591374450036195,2.0254477437500142,0.9773247906944295,0.5150961056230737,0.689207757976346,0.5461136683024517,1.2081952377458036,./emotion-fmri-neu/cp019_beta_fear_neutral_c0.nii.gz,19,fear,neutral
1.7994635450629493,1.9866645185337422,0.39441475504947443,0.1034372514249921,1.0205811128032105,0.9492308258793136,1.0877018470692834,./emotion-fmri-neu/cp019_beta_disgust_congruent_c0.nii.gz,19,disgust,congruent
1.4572412554211598,1.566540702625431,0.16362695839153293,-0.05371441666235306,0.4849791247305585,0.29147632917044763,0.3025211713238383,./emotion-fmri-neu/cp019_beta_disgust_incongruent_c0.nii.gz,19,disgust,incongruent
1.715400156099436,2.129880243322417,0.4979003569077207,0.22524179753375753,0.6442068445808664,0.4588527157926194,0.8755490493991279,./emotion-fmri-neu/cp019_beta_disgust_neutral_c0.nii.gz,19,disgust,neutral
5.155543703473166,4.06761062059035,4.439711477525191,3.7908907544664996,2.377540316769104,2.1506938737053423,1.9980061307423687,./emotion-fmri-neu/cp020_beta_anger_congruent_c0.nii.gz,20,anger,congruent
2.362492950795767,2.529217238791903,0.03606816920969196,0.06695205732520057,1.2139775973638376,1.2624895160504208,2.2659272241138364,./emotion-fmri-neu/cp020_beta_anger_incongruent_c0.nii.gz,20,anger,incongruent
-2.526564172918473,-1.6182845814439188,-4.563038917810929,-4.033862551463162,-3.722136361451299,-3.9951666312070824,-3.637140525083158,./emotion-fmri-neu/cp020_beta_anger_neutral_c0.nii.gz,20,anger,neutral
8.55003300586335,7.388036323478608,6.237886710813243,5.8136140864940895,4.170460953257094,3.679084191152775,5.459500523769968,./emotion-fmri-neu/cp020_beta_fear_congruent_c0.nii.gz,20,fear,congruent
4.8199756052589295,4.633768377355758,3.6491290845897413,4.055058106517538,-0.9264986497691544,-0.7284355634466138,-1.7507170559024168,./emotion-fmri-neu/cp020_beta_fear_incongruent_c0.nii.gz,20,fear,incongruent
0.18833326815351206,-0.9291077919237344,1.218252099041302,1.7628807196691478,-1.5935596945695762,-0.8057342626829445,-1.9033089644176386,./emotion-fmri-neu/cp020_beta_fear_neutral_c0.nii.gz,20,fear,neutral
3.5426516780227204,3.8753240570263157,2.0579371817360994,1.856052936640773,-0.1133894035945293,-0.022607623263276384,0.6745722963506168,./emotion-fmri-neu/cp020_beta_disgust_congruent_c0.nii.gz,20,disgust,congruent
-1.3078834320544366,-1.4016197131938473,-1.1272218695109761,-0.7925632816178518,-0.6480958222036571,-0.7581044308727937,0.2041938254264852,./emotion-fmri-neu/cp020_beta_disgust_incongruent_c0.nii.gz,20,disgust,incongruent
1.3292173368130666,0.8158323133292819,-1.373254506701308,-1.1909826987864691,2.8195655065787326,3.051731031989873,4.693526884982534,./emotion-fmri-neu/cp020_beta_disgust_neutral_c0.nii.gz,20,disgust,neutral
1.43285717638983,1.4103774091547499,0.7132734008558071,0.1705149530105889,-0.38610122438807243,-0.12120059237246672,-1.0636244718864996,./emotion-fmri-neu/cp021_beta_anger_congruent_c0.nii.gz,21,anger,congruent
2.1754112140801216,2.2874097854729545,2.335148706641495,1.5709142532785565,0.2635170429305152,0.277162488031778,-0.3344804473954642,./emotion-fmri-neu/cp021_beta_anger_incongruent_c0.nii.gz,21,anger,incongruent
0.9757268539158154,1.9834983734689544,1.4923106872663119,1.0214272247977794,-0.5440920920815561,-0.4461228408926465,-0.4828720303864704,./emotion-fmri-neu/cp021_beta_anger_neutral_c0.nii.gz,21,anger,neutral
1.8667283508485113,2.097659491796354,2.5685789226750373,2.092394130580745,0.5640921117382286,0.7723453177017655,-0.225226405048643,./emotion-fmri-neu/cp021_beta_fear_congruent_c0.nii.gz,21,fear,congruent
2.948154659425578,3.3495174110038652,3.3176613647855118,2.4372026841004577,0.5611383989426808,0.42644672037227793,0.013869725563340795,./emotion-fmri-neu/cp021_beta_fear_incongruent_c0.nii.gz,21,fear,incongruent
2.627840432739969,3.3858459872669053,2.709677065020961,2.223452098692393,0.5501643994497856,0.38507986609938955,-0.36026752718822197,./emotion-fmri-neu/cp021_beta_fear_neutral_c0.nii.gz,21,fear,neutral
2.9194350465210466,2.4749389692602533,2.7928325418432998,1.898248515145511,0.9044622894292662,0.9523154944396789,0.2345217800305515,./emotion-fmri-neu/cp021_beta_disgust_congruent_c0.nii.gz,21,disgust,congruent
2.4186430749581036,2.8726549415298592,1.580026132244439,1.1229965886216062,0.4995668539492499,0.49466654263401705,-0.4152916581631708,./emotion-fmri-neu/cp021_beta_disgust_incongruent_c0.nii.gz,21,disgust,incongruent
0.6996326574555433,0.9126216381938496,-1.00306105214281,-1.552544275009051,-0.7351650033089557,-0.6428853592181836,-1.2949081623188838,./emotion-fmri-neu/cp021_beta_disgust_neutral_c0.nii.gz,21,disgust,neutral
0.989663988237394,0.7128266339201246,-1.315337377040685,-2.824428962116901,2.8933451335413727,2.972288728986753,3.1360783137779666,./emotion-fmri-neu/cp022_beta_anger_congruent_c0.nii.gz,22,anger,congruent
1.3829366072919937,1.8928151006449012,0.8160528011973573,1.0647378297108188,0.8485285774923571,1.0974733193001394,1.0872575643792202,./emotion-fmri-neu/cp022_beta_anger_incongruent_c0.nii.gz,22,anger,incongruent
2.0606273400271347,2.2356701103103775,1.491447669439043,1.0264459625225022,1.8484932597862913,2.1983308039849674,2.555795279268045,./emotion-fmri-neu/cp022_beta_anger_neutral_c0.nii.gz,22,anger,neutral
0.8196667518661285,1.1949989611358376,-0.5371991602861186,-0.6484416558695681,0.8938542981021438,0.8823413844925517,0.3107275729849471,./emotion-fmri-neu/cp022_beta_fear_congruent_c0.nii.gz,22,fear,congruent
2.180122621451595,2.698572167280467,0.7789293686460708,0.1352753421162026,2.1568608523443427,2.195767355481619,3.1960210791979904,./emotion-fmri-neu/cp022_beta_fear_incongruent_c0.nii.gz,22,fear,incongruent
2.079501670591089,2.450629248478124,0.45006701801582516,0.29055868604344237,2.3366045231197456,2.402035548919999,3.766156708311972,./emotion-fmri-neu/cp022_beta_fear_neutral_c0.nii.gz,22,fear,neutral
1.3700618899704147,2.175226627683988,-0.05571238606063385,-0.13752020326085482,1.3072683855163405,1.5945164684978337,1.9666679187354077,./emotion-fmri-neu/cp022_beta_disgust_congruent_c0.nii.gz,22,disgust,congruent
1.5667734007973586,1.8255749469306004,0.4442689374417793,0.16138279267181535,2.0870710117704476,2.064202548994849,2.224205339362601,./emotion-fmri-neu/cp022_beta_disgust_incongruent_c0.nii.gz,22,disgust,incongruent
1.2922534205084908,1.5945516827350361,0.8703171461057075,0.9230220402752678,1.359154013675304,1.4168308396555374,2.885800036083095,./emotion-fmri-neu/cp022_beta_disgust_neutral_c0.nii.gz,22,disgust,neutral
1.7226002652817367,2.0687894964755245,0.6453378516827853,0.7215778375799922,0.9016605138966558,1.0512953131296028,1.7295428394414862,./emotion-fmri-neu/cp023_beta_anger_congruent_c0.nii.gz,23,anger,congruent
1.7164511412490489,2.0569176998884586,-0.8001555182279929,-0.6101997227171337,1.1452883665608218,1.3098026812043175,2.3231917216815954,./emotion-fmri-neu/cp023_beta_anger_incongruent_c0.nii.gz,23,anger,incongruent
2.1833766045693985,2.961997302882936,-0.19559615088176188,0.5843232319406445,1.5513931717897478,1.5799873204151753,2.5209071366151825,./emotion-fmri-neu/cp023_beta_anger_neutral_c0.nii.gz,23,anger,neutral
1.4687123628060155,1.876821848338515,-0.04184879666266324,-0.25212177601471203,1.0383208504104453,1.1535072915272042,1.8001405113528675,./emotion-fmri-neu/cp023_beta_fear_congruent_c0.nii.gz,23,fear,congruent
2.1039512560775093,2.487348774482975,0.43933689795502817,0.7846673525304481,1.3572968078449381,1.4027079274731609,2.222129708001434,./emotion-fmri-neu/cp023_beta_fear_incongruent_c0.nii.gz,23,fear,incongruent
2.5781445088503117,2.6891715603888784,0.6468453976447884,1.367725343027774,1.2381444228966065,1.3858762735235903,1.8198715903575626,./emotion-fmri-neu/cp023_beta_fear_neutral_c0.nii.gz,23,fear,neutral
1.8108142971102439,2.2411287191686875,0.8853123049617202,1.1596544703077514,1.6627680565154355,1.5542007731079146,2.800008107354615,./emotion-fmri-neu/cp023_beta_disgust_congruent_c0.nii.gz,23,disgust,congruent
1.8061954522403645,2.182190720115657,-0.5112118094583067,-0.43787615064934915,1.1305674742430447,1.3924009380744768,2.0901091156424525,./emotion-fmri-neu/cp023_beta_disgust_incongruent_c0.nii.gz,23,disgust,incongruent
1.1470700418407007,1.8587997801643759,-1.2840605255488786,-0.6842228502944405,0.9389889270910309,0.6794731532976556,1.2999101935080337,./emotion-fmri-neu/cp023_beta_disgust_neutral_c0.nii.gz,23,disgust,neutral
2.880156307916608,3.3175555616421413,0.34727806718865756,0.6641685160773553,0.9137702952740567,1.4783174622581872,1.0746236971335839,./emotion-fmri-neu/cp024_beta_anger_congruent_c0.nii.gz,24,anger,congruent
2.4727354898239713,2.775314741116803,0.45064765548623864,0.44782131279713944,0.7039488113944368,0.9669035297755106,0.6275113618177462,./emotion-fmri-neu/cp024_beta_anger_incongruent_c0.nii.gz,24,anger,incongruent
1.6825338235898377,1.3716527712459654,0.1083701000309736,-0.6365871802211162,1.1217736855729579,1.301801719519713,0.6541113215541834,./emotion-fmri-neu/cp024_beta_anger_neutral_c0.nii.gz,24,anger,neutral
3.0419160575479762,3.5572920838431057,0.7209890405596083,0.6953824506550164,1.3762482142949741,2.067096993151033,1.5888522490564103,./emotion-fmri-neu/cp024_beta_fear_congruent_c0.nii.gz,24,fear,congruent
2.7832774966752356,3.0674225632506826,0.766824325066285,0.7197214245659055,0.9038656701074517,1.1296929137556297,0.5808614467198923,./emotion-fmri-neu/cp024_beta_fear_incongruent_c0.nii.gz,24,fear,incongruent
2.187460978384584,2.6349362594339594,1.7485816577850002,1.3878735562071765,-0.05726132974749095,0.24667415359866748,-0.009748940543891133,./emotion-fmri-neu/cp024_beta_fear_neutral_c0.nii.gz,24,fear,neutral
3.004879419980688,3.6654385079899763,0.8189656563415629,0.9632145385742235,1.2574262685264832,1.714999723119856,1.5345594727052014,./emotion-fmri-neu/cp024_beta_disgust_congruent_c0.nii.gz,24,disgust,congruent
1.791632813496075,1.7622509268865139,-0.24811421270727704,-0.5798714290770919,-0.15192124559953674,-0.07963760583214582,-1.362361110789707,./emotion-fmri-neu/cp024_beta_disgust_incongruent_c0.nii.gz,24,disgust,incongruent
4.02269394387162,3.9633039632248597,1.1288966020856357,0.8681160547523753,2.843923639858148,3.0700944713949245,3.589959364304564,./emotion-fmri-neu/cp024_beta_disgust_neutral_c0.nii.gz,24,disgust,neutral
2.656857912792246,2.821926189892458,0.29798765526991106,0.5415335735354536,1.2703241178205191,1.4451103955385594,1.7889697825649615,./emotion-fmri-neu/cp025_beta_anger_congruent_c0.nii.gz,25,anger,congruent
2.9366609700700725,2.886285318958658,0.4048352024227497,0.10605431863485952,0.8154532188963689,1.3403190996362215,1.513245296936979,./emotion-fmri-neu/cp025_beta_anger_incongruent_c0.nii.gz,25,anger,incongruent
1.8711250722185502,2.1185225722088536,-1.5078485600341482,-1.9371831130906034,0.8956704253866089,0.9070821809682862,1.4263355374738702,./emotion-fmri-neu/cp025_beta_anger_neutral_c0.nii.gz,25,anger,neutral
2.5225664202354863,2.5963914631704177,-0.0832429152286988,0.3279276043412568,0.9604677672535206,1.323088893045724,0.7923530988892938,./emotion-fmri-neu/cp025_beta_fear_congruent_c0.nii.gz,25,fear,congruent
3.590382219216414,3.3579713361417967,0.8548691421697583,0.9665886418095031,0.8808000183229221,1.324125524540392,0.7329338375833265,./emotion-fmri-neu/cp025_beta_fear_incongruent_c0.nii.gz,25,fear,incongruent
1.8296803524754377,1.6421423101291628,-1.5582533689097608,-2.4511449779623535,1.3114935481855394,1.1142325320363906,3.1492070024523158,./emotion-fmri-neu/cp025_beta_fear_neutral_c0.nii.gz,25,fear,neutral
3.255350048725373,3.1435734356946665,1.216829655079831,1.394844055077148,1.7520067141600084,2.0758773677762163,2.053365725630637,./emotion-fmri-neu/cp025_beta_disgust_congruent_c0.nii.gz,25,disgust,congruent
3.152864919504907,2.90217377612636,-0.18869822170756706,-0.6099467166143321,1.230813245503343,1.5454330305264257,1.856813174807089,./emotion-fmri-neu/cp025_beta_disgust_incongruent_c0.nii.gz,25,disgust,incongruent
2.468141653843229,2.6835321288122973,0.07496271368361454,0.12958538474086598,0.8550734532305877,0.6442539214527265,1.8442434972937027,./emotion-fmri-neu/cp025_beta_disgust_neutral_c0.nii.gz,25,disgust,neutral
1.2225558887809842,1.0636639942432622,0.31026336588822917,0.8519847983734565,0.19892111626188885,0.36933116605888305,0.0809809141521716,./emotion-fmri-neu/cp026_beta_anger_congruent_c0.nii.gz,26,anger,congruent
1.3974214278877544,1.5304821790847463,0.5596424192232891,0.5832451207354569,0.5773636863224887,0.4467249353522964,0.2542536980782093,./emotion-fmri-neu/cp026_beta_anger_incongruent_c0.nii.gz,26,anger,incongruent
0.7182776050040316,2.0035752614271143,1.1304702517837018,1.2954203196588605,0.8418649327303489,0.25606159970797915,0.8357607098314064,./emotion-fmri-neu/cp026_beta_anger_neutral_c0.nii.gz,26,anger,neutral
1.5124738308568921,1.463866254744472,0.648171109683311,1.1422512555186028,0.6052896942746868,0.6312295369316874,0.8132493968628121,./emotion-fmri-neu/cp026_beta_fear_congruent_c0.nii.gz,26,fear,congruent
1.774522845404875,2.060282954615073,0.6291100757098458,0.6622503719790671,1.0099564716344527,0.7618285863745529,0.7670724810920662,./emotion-fmri-neu/cp026_beta_fear_incongruent_c0.nii.gz,26,fear,incongruent
1.7780783805295413,2.097339067431294,0.9915925028273195,1.544480281388797,1.169297225947741,1.0492229886606173,2.17928983603657,./emotion-fmri-neu/cp026_beta_fear_neutral_c0.nii.gz,26,fear,neutral
1.482136432149462,1.7221053674868367,0.5374167896317247,1.3493633058473053,0.2910045633882867,0.42890150224389584,-0.2551948215632445,./emotion-fmri-neu/cp026_beta_disgust_congruent_c0.nii.gz,26,disgust,congruent
1.6881969651070214,1.9918674492886328,0.5608127050315299,0.6978972728522376,0.5950581243864485,0.31800607742593545,0.15210051168499256,./emotion-fmri-neu/cp026_beta_disgust_incongruent_c0.nii.gz,26,disgust,incongruent
1.6512075247243465,1.776303327213972,0.1689281304932506,-0.4001334556443438,0.7548048573275405,0.16066912469925923,0.722810996925918,./emotion-fmri-neu/cp026_beta_disgust_neutral_c0.nii.gz,26,disgust,neutral
2.373634777557037,2.8499036918259097,0.7424454179218575,1.0487686590645091,1.5240905314889333,1.4365948724892614,1.28422958026673,./emotion-fmri-neu/cp027_beta_anger_congruent_c0.nii.gz,27,anger,congruent
1.9658459378066586,2.6987954408204855,-0.3961907766362063,-0.26465122598880936,1.0961137721658933,1.109694697559945,1.0203710068876994,./emotion-fmri-neu/cp027_beta_anger_incongruent_c0.nii.gz,27,anger,incongruent
1.4015912475317087,1.892589724345551,-1.5094479945167354,-1.2553969330546917,1.542297567005598,1.4311436587427544,1.903329036060222,./emotion-fmri-neu/cp027_beta_anger_neutral_c0.nii.gz,27,anger,neutral
1.0219331354717383,1.7284994035184262,-0.1382358991654536,-0.3329372371473922,0.9656394340159098,0.967662437174847,-0.03835688861746578,./emotion-fmri-neu/cp027_beta_fear_congruent_c0.nii.gz,27,fear,congruent
1.5859122065237574,1.6801342799727297,-1.0090650957326976,-1.0016433793439774,0.6314579352611335,0.5779517037399304,-0.14815329972513738,./emotion-fmri-neu/cp027_beta_fear_incongruent_c0.nii.gz,27,fear,incongruent
1.6840740458576569,2.343771690354959,-0.3177012942495581,-0.6329249990282289,1.554146245149616,1.605352140308936,2.0353987303104057,./emotion-fmri-neu/cp027_beta_fear_neutral_c0.nii.gz,27,fear,neutral
1.259769881530673,2.1780684941533073,0.4718423062128221,0.48805990262235943,0.8268190877023165,1.0350725756135322,0.06246280256905715,./emotion-fmri-neu/cp027_beta_disgust_congruent_c0.nii.gz,27,disgust,congruent
2.3590116541230675,2.645086072432224,0.849085229647268,0.9297924185266042,0.9913393893210688,0.6968088401751495,0.46268832127109744,./emotion-fmri-neu/cp027_beta_disgust_incongruent_c0.nii.gz,27,disgust,incongruent
2.3339073381648427,2.147215620841751,-0.3878062974071102,-0.831044695093897,1.3607536630872448,1.4073482084975912,1.9926848834918054,./emotion-fmri-neu/cp027_beta_disgust_neutral_c0.nii.gz,27,disgust,neutral
2.5467833386313354,1.7460269050577013,0.7450559327520988,0.8215005305881088,1.6209019971457859,1.692725745375956,1.8248797304856603,./emotion-fmri-neu/cp028_beta_anger_congruent_c0.nii.gz,28,anger,congruent
1.4194637229981113,0.5363176925102243,0.11987283414166872,0.3336195620102243,0.8995342872121492,0.8013468997182492,0.2580421104807481,./emotion-fmri-neu/cp028_beta_anger_incongruent_c0.nii.gz,28,anger,incongruent
0.26873658130233624,0.31187002593001023,-0.29722349306695256,-0.4430631309518332,0.19826967673363075,0.25717828191641506,-0.7064688457508757,./emotion-fmri-neu/cp028_beta_anger_neutral_c0.nii.gz,28,anger,neutral
3.817229625307683,3.1149065764743855,1.7635712238155892,1.7798359661977317,2.466317952541234,2.395182425901177,3.579740644409984,./emotion-fmri-neu/cp028_beta_fear_congruent_c0.nii.gz,28,fear,congruent
0.5574744932238739,-0.13226909156555844,0.1980026192398859,-0.013558429935010089,0.15693653946465233,0.13548644921939454,-1.2776609113628454,./emotion-fmri-neu/cp028_beta_fear_incongruent_c0.nii.gz,28,fear,incongruent
0.15621236142707812,-0.3156897571283566,-0.24201452795485492,-0.8519330735632672,0.6449616621803992,0.23750968622636884,0.025206221999461473,./emotion-fmri-neu/cp028_beta_fear_neutral_c0.nii.gz,28,fear,neutral
2.2444311123499534,1.5302608791248842,0.17069216701757314,0.2804537263299043,1.3590606965178573,1.3050570017131455,0.6048350505662391,./emotion-fmri-neu/cp028_beta_disgust_congruent_c0.nii.gz,28,disgust,congruent
-0.01889776449321258,-1.204424171729614,-0.3034589700434189,-0.888907731170439,-0.46127935678724286,-0.8466598361161165,-2.910939566486822,./emotion-fmri-neu/cp028_beta_disgust_incongruent_c0.nii.gz,28,disgust,incongruent
0.37701461643103246,-0.0399234679485861,0.17757329776047023,-0.010457874866718455,0.4662072111742555,0.10056250491937495,-0.13627928924346708,./emotion-fmri-neu/cp028_beta_disgust_neutral_c0.nii.gz,28,disgust,neutral
1.1650725418252423,2.0870512345652434,0.17824755733552936,0.5439702862534467,0.8379298092591344,0.8061456024916049,0.9978647210836316,./emotion-fmri-neu/cp029_beta_anger_congruent_c0.nii.gz,29,anger,congruent
3.02035955450488,3.7309680155621647,1.5742703975774484,1.9247374764348242,1.3967540482624514,1.6428549408057809,2.752724949279641,./emotion-fmri-neu/cp029_beta_anger_incongruent_c0.nii.gz,29,anger,incongruent
3.6606984931979616,4.464823618534297,2.0768647600454884,2.0179586208037765,2.9118740508883065,3.265170518608578,5.354343123370196,./emotion-fmri-neu/cp029_beta_anger_neutral_c0.nii.gz,29,anger,neutral
1.775194867893341,2.277947806841935,0.3424177837788912,0.8508662684556192,0.4417892737033179,0.6566315749139222,0.7008631876270156,./emotion-fmri-neu/cp029_beta_fear_congruent_c0.nii.gz,29,fear,congruent
3.3377747451500435,3.555070595607686,0.9130800334565788,1.0815425949808162,1.553488029959935,1.9692817391589437,2.5577212068799575,./emotion-fmri-neu/cp029_beta_fear_incongruent_c0.nii.gz,29,fear,incongruent
2.4958180906808756,3.174180140823625,0.3568913997575923,0.5791915501508605,0.825180062211743,1.4690082630648695,1.9318611655082027,./emotion-fmri-neu/cp029_beta_fear_neutral_c0.nii.gz,29,fear,neutral
1.5955777505142543,2.0435316926429987,-0.24242919301770288,0.4515165398767374,0.5877017309334989,0.9397490425807291,0.8759848285312195,./emotion-fmri-neu/cp029_beta_disgust_congruent_c0.nii.gz,29,disgust,congruent
3.6955208639732473,4.093826063457987,1.9965125650186142,2.238511273838901,1.6261185505572917,2.25152851340055,2.7363632690971587,./emotion-fmri-neu/cp029_beta_disgust_incongruent_c0.nii.gz,29,disgust,incongruent
2.8256866328013883,3.1067952849681193,1.3830002643285049,2.3938072093411176,1.3261414345922922,2.0401105040745557,3.894745206667728,./emotion-fmri-neu/cp029_beta_disgust_neutral_c0.nii.gz,29,disgust,neutral
2.063635132896203,1.2787819101105393,-0.8721143905037199,-0.9559752214431905,1.2752589008327466,2.31600096500821,1.5200638817366081,./emotion-fmri-neu/cp030_beta_anger_congruent_c0.nii.gz,30,anger,congruent
0.17943203006223055,-0.13936312042690682,-0.3104566635590732,-0.6855219822239991,0.7774956963353563,0.741813128219848,0.9783015583124656,./emotion-fmri-neu/cp030_beta_anger_incongruent_c0.nii.gz,30,anger,incongruent
4.278733594754781,3.7472096479148194,1.360843779541718,1.7002664032836643,1.8131573987480363,2.5201856992943985,4.21137810603209,./emotion-fmri-neu/cp030_beta_anger_neutral_c0.nii.gz,30,anger,neutral
-0.5194038219364724,-0.5388326800318908,-0.9663782775777128,-1.254319490837278,-0.5471316396665792,-0.4343203313767825,-1.3795646310212737,./emotion-fmri-neu/cp030_beta_fear_congruent_c0.nii.gz,30,fear,congruent
-1.132934889715689,-1.1162993027342047,-1.7277201244565596,-2.0898863212207286,-0.23075554699372877,-0.46712031668818943,-0.6564291644553791,./emotion-fmri-neu/cp030_beta_fear_incongruent_c0.nii.gz,30,fear,incongruent
-1.1076366017357422,-1.1521630929569342,-1.5812536340898904,-1.4174190933055475,0.07076213379503259,0.32860808885562665,0.8559290438124897,./emotion-fmri-neu/cp030_beta_fear_neutral_c0.nii.gz,30,fear,neutral
-0.4411815416559681,-0.21544921447317802,-0.8769457594666065,-1.0510142305540557,-0.5663946083907515,-0.22951616784681309,-1.6300892089592414,./emotion-fmri-neu/cp030_beta_disgust_congruent_c0.nii.gz,30,disgust,congruent
0.4430826598335995,0.40119486665168885,-0.2397967873937615,-0.518766766967677,0.6415689932771503,0.40845889467659807,0.48519395245890107,./emotion-fmri-neu/cp030_beta_disgust_incongruent_c0.nii.gz,30,disgust,incongruent
1.299533391056662,1.0230855041826916,1.1489311100607376,1.1060320378436501,1.962651745139217,1.9962396548280688,3.005751321475717,./emotion-fmri-neu/cp030_beta_disgust_neutral_c0.nii.gz,30,disgust,neutral
