Left Cerebral White Matter,Left Cerebral Cortex ,Left Lateral Ventrical,Left Thalamus,Left Caudate,Left Putamen,Left Pallidum,Brain-Stem,Left Hippocampus,Left Amygdala,Left Accumbens,Right Cerebral White Matter,Right Cerebral Cortex ,Right Lateral Ventricle,Right Thalamus,Right Caudate,Right Putamen,Right Pallidum,Right Hippocampus,Right Amygdala,Right Accumbens,filename,subject,emotion,priming,true_label,predicted_label,error_count
-3.198774623516135,-2.4830954770873515,-8.553889362124572,-9.182282125084752,-7.816839150855605,-6.908710548668178,-5.014165952926185,-2.125077228263643,-2.2489432503311937,-2.005740060603023,-7.21184756929808,-3.6027623319127766,-2.61206303961058,-10.313253531073554,-9.288245494184125,-10.915963799393031,-5.342592385084243,-3.2516423072391145,-2.968395290237902,-2.426881591878804,-7.402341766523974,./emotion-fmri-neu/cp020_beta_anger_neutral_c0.nii.gz,20,anger,neutral,anger,disgust,1
-1.5104012103030984,-0.5368647979697213,-3.151152160445335,-0.168962713213728,-2.041085485576092,-1.9791183447651737,-0.5240868612139247,-4.511749226525864,-0.1541745384675237,0.0162369835004923,0.3016416191758851,-0.7754140528001486,0.1222764474786323,-1.4279117626389457,-0.3929383613113802,-0.874793005720901,-0.9654599130401286,-0.2019362400247687,0.3786348854005648,-1.2066518843888312,0.3316157901650604,./emotion-fmri-neu/cp004_beta_fear_congruent_c0.nii.gz,4,fear,congruent,fear,anger,1
-1.3112935906545546,-1.4366121893292607,-2.756070070633793,-1.1483307597040822,-2.7534676905763447,-4.681469221148128,-3.220618027766704,0.6738375633050566,-2.603559336065856,-3.0998132348136025,-8.814228976346085,-0.6705463910509137,-1.0082842387128543,-1.4237648951400967,-1.1714320742759663,-3.493003860601684,-0.8215977626456328,-1.0001888843772777,-0.1037850711531371,-2.079837270138558,-10.330586969630074,./emotion-fmri-neu/cp020_beta_fear_neutral_c0.nii.gz,20,fear,neutral,fear,anger,1
-1.1486512800354771,-0.983438368436052,-0.5497056847654724,0.6181643901775113,-1.3181595413810876,-1.0778034558290577,-0.6203595560068703,0.8556306487358056,-1.0192053462968227,-1.2018145414444106,-0.2953082640668006,-1.5238490304995238,-0.921579453751016,-1.352692197732845,-0.0169613590832509,-2.2325729643410965,-1.5140909133459568,-0.2716119061614093,-0.8109370409280179,-0.4111219547958489,-0.9170487745332004,./emotion-fmri-neu/cp011_beta_fear_congruent_c0.nii.gz,11,fear,congruent,fear,anger,1
-0.9537206215943504,-1.1919195596176642,-2.0656019116858144,-1.5046193364583302,-3.3642544747161787,0.4007463259735941,-0.2301671958290858,0.2405276978356496,-1.2652104691678232,-1.6921902215184217,-0.562449698197661,-1.132912972285324,-1.135348601953678,-2.56768904368255,-1.7223987215202172,-3.299761965337883,0.1436964857489408,-0.8104087036980026,-1.1925569384371042,-0.198052226431408,-1.6227574151511206,./emotion-fmri-neu/cp007_beta_disgust_congruent_c0.nii.gz,7,disgust,congruent,disgust,anger,1
-0.8766291841395999,-0.2533090783723249,-1.8203120004588096,-0.0385510597885863,-1.705131950127326,-1.3539873378845824,-1.348898747763557,-0.9423389914633032,-1.427971862788226,-2.047650677168482,-2.137597237412582,-0.8005354817642321,-0.3664261453218464,-1.2728914232701949,-0.0912382125654977,-1.3907059302445133,-1.0799724490410871,-0.3368908736439952,-1.5152624966636636,-1.1260805588589566,-2.8057221922202453,./emotion-fmri-neu/cp021_beta_disgust_neutral_c0.nii.gz,21,disgust,neutral,disgust,fear,1
-0.7876452819587023,-1.1244745968416232,-0.646098855532666,-1.208721092908042,0.021888124124191,-0.5832986446064892,0.0014750605577449,-1.329805514652244,-2.23530961370838,-1.8114310402073064,-3.0155788767165266,-1.1625136999778218,-1.591271323679413,-0.053301296516417,-0.9494030835406176,0.7364836447007389,-0.8968216856993014,-0.0915205025514558,-3.5667877244111645,-2.153950653255921,-4.090303200757922,./emotion-fmri-neu/cp008_beta_anger_neutral_c0.nii.gz,8,anger,neutral,anger,disgust,1
-0.7511010664986364,-0.0917627827072731,-3.994059777813532,-1.5598744828484576,-4.486887648628721,-3.6363817341088778,-2.8551831838254977,0.0902856093582942,-2.402256121208747,-2.5085028454916856,-3.009457093646695,-0.3465825600434675,0.718583517696836,-4.504828768141259,-2.105697502819699,-4.104989698398747,-1.893309866868541,-1.197609436519513,-1.0919351659880494,-0.348570300592354,-4.012903018508619,./emotion-fmri-neu/cp004_beta_fear_neutral_c0.nii.gz,4,fear,neutral,fear,anger,1
-0.7435313296247318,-0.1025920471543746,-1.8451496197895128,-0.1090861852912065,-0.8407596089417312,-0.5879344973118498,-0.2876779436368648,0.8876641223248438,-0.8506725946893168,-1.110259190756326,-0.0923846365572655,-0.8859715862765304,0.1076401637796528,-2.1842000947389453,-0.6689882097524213,-1.3286461981670434,-0.2695363436268564,-0.0893171232710722,-1.644590030704075,-1.6081261618445986,-1.4139411381046545,./emotion-fmri-neu/cp021_beta_anger_neutral_c0.nii.gz,21,anger,neutral,anger,fear,1
-0.63447218472746,-0.3155734923916427,-2.803805269696359,-2.6768633753663567,-2.206820591985501,-1.7455981238029787,-1.1590268580332248,-0.4815758704150567,-1.2204735408007168,-0.2471906137732553,-0.0147381695827979,-0.6078312731563527,-0.2063073814163015,-3.246947702431274,-2.665169840373078,-2.6849723819739504,-0.6961912473701037,-0.139468634130661,-1.942303700259768,-0.9476150072908944,-1.8329657880481736,./emotion-fmri-neu/cp030_beta_fear_congruent_c0.nii.gz,30,fear,congruent,fear,disgust,1
-0.6321414392696809,0.9430775296561896,-3.4661076306528398,-0.8745818689712268,-0.8207780581890942,-0.2839895559371899,-0.3874521515653152,0.3200766710318728,-1.6761392145511458,-1.4140834169157332,-0.5580573534006158,-0.4941078659927742,1.0132531038059358,-2.858633606944823,-0.568917841424156,-1.033506043380471,-0.3668028280093615,-1.107942235759798,-0.2832643475537206,-0.3399939007553527,-1.129551965086893,./emotion-fmri-neu/cp026_beta_disgust_congruent_c0.nii.gz,26,disgust,congruent,disgust,anger,1
-0.5897466592464196,0.3513139722005083,0.8735965947057958,-1.1696315318726924,2.9449741143073918,-0.8540868246830667,-1.4309743719878372,1.7383330882347796,1.757565033220427,5.407964062995351,2.1344762222985363,-0.5460093128601746,0.543739566038801,0.4328752629810423,-1.2762499965052565,2.176547767267166,-0.298207314357421,-0.8696942783548914,2.3060455693336865,4.250497032985441,2.146341048962217,./emotion-fmri-neu/cp020_beta_disgust_congruent_c0.nii.gz,20,disgust,congruent,disgust,anger,1
-0.5883771093002047,0.4200174697235578,-1.8980549604117112,-1.1899723301715708,-1.8464345132437248,-0.5661975476889275,-0.5669038736250991,-1.2215435270803523,-1.640810931338993,-2.7685500160590046,-3.062838051502562,-0.6930489869469617,0.3159488604569465,-2.0917804493764707,-1.0509008651681109,-1.510430565307488,-0.3408509752716051,0.1477205005850155,-2.5139330114612326,-2.905297828843994,-2.945996385222866,./emotion-fmri-neu/cp012_beta_fear_incongruent_c0.nii.gz,12,fear,incongruent,fear,disgust,1
-0.5866170054459269,-0.0328600480489566,-2.621066935677337,-1.158960621695177,-0.300095923214606,-0.0378961623863114,-0.0160843638823014,-1.5133620630996405,0.0735222379600997,0.227166407070893,-0.7861555890548614,-0.4639704442146617,0.1096978107991672,-2.0740975222792404,-0.9140851345913024,-0.143380117807367,-0.1997044304867749,-0.3931190008926825,0.0648100892614006,0.2764148297366608,-0.9397504310748211,./emotion-fmri-neu/cp003_beta_disgust_neutral_c0.nii.gz,3,disgust,neutral,disgust,anger,1
-0.506767747855043,0.4722022096115456,-0.6505897535162577,-0.5442379486730056,-0.3633475865495251,-0.9395875254594492,-1.015638752103161,0.287606656752911,-0.2518800826328546,-0.0431135581798704,-0.4852689621294683,-0.4522816327844984,0.4202756469645384,-0.8037836382780263,-1.4538138417337134,-0.410597160916504,-0.7248867426853047,-1.3031078995580363,0.3191840690369677,0.5578187986922457,-1.166678143752558,./emotion-fmri-neu/cp006_beta_disgust_incongruent_c0.nii.gz,6,disgust,incongruent,disgust,anger,1
-0.5064688207876223,0.7836535312691256,-2.295314553262879,-1.777563809523523,-0.8494170164394778,0.0207184590913454,0.0169168130658483,-0.8829148024151371,-0.5363117026942416,-0.8311457032832933,-0.8743059902301485,-0.7072091703813004,0.5775445556627801,-2.735616303394885,-1.76365118407432,-0.5121808671293098,-0.1680982827252354,-0.0851727942571858,-1.4334588131503123,-1.4017180586360845,-0.2955512822504444,./emotion-fmri-neu/cp012_beta_disgust_neutral_c0.nii.gz,12,disgust,neutral,disgust,fear,1
-0.4596448735348659,0.3936192223854363,-1.0346709228988995,-0.3736876576650347,-1.3405519283875682,-0.7848379861096189,-0.8717254616576938,0.5317770946865512,0.0649702713526596,0.4727274508227695,0.2922834597068647,-0.4641088240185343,0.1651534342284173,-1.3655804076826576,-0.9340776184724374,-0.9865409057100614,-1.195641644851768,-0.5739951952899712,0.0314477301387892,1.1699436282105686,0.4172070850140957,./emotion-fmri-neu/cp006_beta_disgust_congruent_c0.nii.gz,6,disgust,congruent,disgust,anger,1
-0.4516262221865727,0.7996583160341448,-3.554183572830057,-2.766094698299617,-3.6645609945147775,-1.726516243928065,-0.955903855639486,-0.6808578028947209,-1.2512009219798117,-2.3504739463665207,-5.206123835057739,-0.630626540919146,0.5346831878884953,-3.4424646915237997,-2.537766725801585,-2.902490076329098,-1.717718365855565,-1.352245054716292,-2.5076624989836245,-3.950604345468218,-4.010957936341051,./emotion-fmri-neu/cp012_beta_anger_congruent_c0.nii.gz,12,anger,congruent,anger,disgust,1
-0.3974137909533827,0.4838458760964348,-1.8568387706864324,-0.8630985886610452,-1.3205729038173637,-1.4635573662535537,-0.166546286260696,-0.1369859241351138,-0.6836406152803435,-0.5044201611058261,-1.6454357829792745,-0.6257646280956028,0.1195612002047671,-1.4979119474790596,-1.066071761787822,-1.3885053276726742,-0.5265544770438402,-0.0873610363334829,-0.4428444809879783,-1.4181372174995794,-1.8443367969524425,./emotion-fmri-neu/cp006_beta_fear_congruent_c0.nii.gz,6,fear,congruent,fear,anger,1
-0.3793751286220592,1.1351530083390904,-1.5629409739144204,0.8618327706654078,0.0061363582359842,0.2584654236778797,-0.0089220005137787,0.0083413497950444,0.1135264033491945,-0.4025428139373752,0.3045950216955606,-0.3555819901454992,0.8940648703500538,-1.3128824017204823,0.7022194818184033,-0.5150659302035604,0.0159608961373441,-0.0338333098327527,0.0678326713653893,-0.1855655030437668,-1.7728052419114162,./emotion-fmri-neu/cp026_beta_anger_incongruent_c0.nii.gz,26,anger,incongruent,anger,fear,1
-0.3337438707985101,-0.5144308558527954,-0.3302898009473403,-0.5081636202832117,-0.7388230717735553,-0.0197604497936646,-0.1396191994469166,-0.0775011624799759,0.2291491897778923,1.0701644373367278,-1.5537584721206013,-0.3692638365123233,-0.7131635605702504,-0.1742650226714589,-1.164775949124375,-0.7795798477012263,-1.1841936880923112,-0.7227106470179999,0.1555228832690543,0.6461737006647085,-1.1047862403862818,./emotion-fmri-neu/cp016_beta_disgust_congruent_c0.nii.gz,16,disgust,congruent,disgust,anger,1
-0.3080509483441315,0.1442896981041451,-2.826828962925614,-1.3784818048475342,-0.5864075273345793,-0.319587280727827,-1.076452046113722,-1.4262878403278787,-0.9786248682158208,-0.2755451003327095,1.0619244665578125,-0.0756226903034291,0.3517652591695167,-2.493343968037122,-1.3313551456977992,-0.515668016866042,-0.1641240309249973,-0.5310424385892569,-0.8353628430036149,-1.495810643775967,-0.507375769430812,./emotion-fmri-neu/cp030_beta_fear_neutral_c0.nii.gz,30,fear,neutral,fear,disgust,1
-0.2968966193691525,-0.3146551884797867,-0.6981120001730924,-0.451912448120375,-0.4652291638924994,-0.7677004631576864,0.2153740327057882,-0.3218526733005097,-0.6587174147705931,-1.290627537476602,-1.8257011252153683,-0.179560239198781,-0.2803669304792078,-0.2915857366962139,-1.1873567480456415,-0.0020485171741614,-0.2780859591136776,-0.8289242594381017,-0.7040186539349321,-1.487378040254172,-1.0004486695169978,./emotion-fmri-neu/cp016_beta_fear_neutral_c0.nii.gz,16,fear,neutral,fear,anger,1
-0.2945370464735596,1.1601994412100989,-1.6359442705382294,0.4148300636174685,-0.3498624793005094,-0.5619981176452001,0.0107170867447329,0.120564062878443,-0.4036920827214412,-0.378900581687462,-0.5836449033381845,-0.3735606700337883,0.8000830171883855,-1.563231988115937,0.120131956859501,-0.5738683218996964,-0.2211946261390103,-0.124766153243344,-0.3263308402142288,-0.3984031122279813,-1.3402017207859485,./emotion-fmri-neu/cp026_beta_disgust_incongruent_c0.nii.gz,26,disgust,incongruent,disgust,fear,1
-0.2918828860208966,0.3267800446170624,-1.8256107756850408,-0.0983542581981776,0.5956685871148125,0.7531023444663736,0.8363932382062303,-0.1143776707760502,0.2447850628576991,0.9161769570717024,2.7305244463640137,-0.4191189808543713,0.3914638624795553,-2.70276836414611,0.0413688203330019,-0.571221514710889,0.3454453998860928,0.258945876798086,-0.1373770029190765,1.0506241895644202,1.319807652109356,./emotion-fmri-neu/cp003_beta_fear_incongruent_c0.nii.gz,3,fear,incongruent,fear,anger,1
-0.2305612568850601,-0.3254136765814034,0.5637247897741264,0.0765095672262769,0.4135385378102618,-0.5500794146475102,0.7890715003305221,-0.4643111505859881,-0.3975203685122557,-0.292389958526647,-1.598703950298552,-0.0466199349817499,-0.2545230678969009,0.6248805719894054,0.0600606859601692,0.0177627955090072,-0.2037257388530898,-0.4637768933768111,-0.2589977497266054,-1.0757111670888355,-2.256868849641838,./emotion-fmri-neu/cp016_beta_disgust_neutral_c0.nii.gz,16,disgust,neutral,disgust,anger,1
-0.2253043301315685,0.2629265954838966,-0.4113987996550787,1.5752749456024675,-0.2159230437281838,1.3136048957114297,1.861644329144444,1.140360817956878,-0.2207316400147864,0.1060511062427058,-0.4101100223782095,-0.2596756501330296,0.1359084171132697,-1.1750818277317532,1.1357001134387064,-1.1097482754289851,1.4046333624190013,1.614242525966422,-0.7412834950721856,0.3451223394312094,-0.4603333377617233,./emotion-fmri-neu/cp014_beta_anger_congruent_c0.nii.gz,14,anger,congruent,anger,disgust,1
-0.2174589537282418,1.332337463569437,-2.602437079812989,-0.6099154585991492,-0.873926837613539,0.2157721392809744,-0.0183709434100874,-0.057855474522192,-0.1026405801879306,-0.4657417200328186,-0.6363600447605249,-0.4955243455383769,0.7141529171598958,-2.9825324123279184,-1.4066676718025808,-2.463522442497947,-1.0596091467922906,-0.2922531891707834,-0.6363690208535003,-1.3615990565922311,-2.2510477080139446,./emotion-fmri-neu/cp026_beta_disgust_neutral_c0.nii.gz,26,disgust,neutral,disgust,fear,1
-0.2135206631791254,0.5915328052026794,-1.7552405887616278,-0.6789678132501611,-0.5395128417335486,-0.7014703972323449,-0.1742278343246635,-0.0366571961075499,0.0133908164418325,-1.1898028014125923,-1.5638704832041634,-0.2347043284157223,0.4761954676495344,-1.44765778242968,-1.002940874688952,-0.3704479651895455,-0.2420876011515059,-0.3676870273491286,-0.2711826264329288,-1.386583343195056,-1.5603820041060996,./emotion-fmri-neu/cp006_beta_fear_neutral_c0.nii.gz,6,fear,neutral,fear,disgust,1
-0.2120912519006149,0.384323030229826,-1.1305575438763895,0.0759872645758052,0.2795390856322535,-0.929555225871185,-0.0701535013411825,0.342467818924822,-0.7743483053317365,0.3142802406439521,0.6092962531916218,-0.1582408250034621,0.4788560545109186,-1.0476632724979924,0.8731576795089729,-0.3795915161027806,-1.0228045023096115,-0.3119582627200877,0.4155495824647455,0.3374113106445702,-1.0464841212574598,./emotion-fmri-neu/cp015_beta_anger_incongruent_c0.nii.gz,15,anger,incongruent,anger,disgust,1
-0.2060887443071054,-0.1710382164148068,0.4456342525703349,1.5526604716593433,1.0291113668637986,0.365460353989746,-0.0215210013425771,0.019370899571865,-0.3675210518743272,-1.2739625205895626,-1.257099350557361,-0.0779137522323195,-0.0551419988877824,0.0100055132703257,1.257062349002634,0.6052616496280682,0.2002770009292336,0.0878287017213214,-0.9985989111182376,-1.4896907922942626,-2.622490212483369,./emotion-fmri-neu/cp021_beta_anger_congruent_c0.nii.gz,21,anger,congruent,anger,fear,1
-0.1880935093798705,-0.1931541430762417,-1.454753406673811,-1.5968918284281377,-0.4804493992970636,-0.982109127760314,-0.8323744277288267,-0.995259880399942,-1.3891656407673625,-0.4299596336997319,-0.9917272621473094,-0.3595506378305796,-0.438860708383916,-1.7167421714774789,-1.9150411296900829,-0.935528005334402,-0.9155589819646054,-0.9413501996854856,-1.9527270252981013,-2.0900468466400164,-1.564967946273145,./emotion-fmri-neu/cp030_beta_fear_incongruent_c0.nii.gz,30,fear,incongruent,fear,disgust,1
-0.1781721417479447,0.51288545332956,-1.1909119852757408,-2.0422077308168505,-1.0279403339755055,0.8551253205421773,0.3494170437385801,-1.641406278102007,-1.7264882270380009,-1.4280841196955945,-1.2401217069013106,-0.0774304345400282,0.3181364347418866,-2.0880825086714103,-2.437351665904148,-2.076784201508093,0.2126412020136482,-0.2503336559745803,-1.9410370760302973,-0.6263311537750035,-1.751816300676115,./emotion-fmri-neu/cp014_beta_fear_neutral_c0.nii.gz,14,fear,neutral,fear,disgust,1
-0.1726686867870324,0.05429365777302,-0.152389389806606,2.1281066522511605,-0.0679405607211832,-0.0688596160522484,0.7270180832978412,0.5182843511462666,-0.0871246247707983,-0.1305244823798551,-0.2299522025259709,-0.4131833671374945,0.1445534518488254,-0.7155348776418051,2.024269818429408,-0.5695163838739233,-0.4368060160305994,0.9672692592910064,0.0338787183320838,0.475228637971246,-0.1708213347677967,./emotion-fmri-neu/cp011_beta_fear_incongruent_c0.nii.gz,11,fear,incongruent,fear,anger,1
-0.1725044840932434,0.3140153545639201,-0.6999029725126671,-0.1157400696922995,-0.5589422568237906,1.1591349380883835,-0.1416919174612202,0.437721260625082,0.5435054389218468,0.2544254593413398,0.2153615901633572,-0.0701522296020732,0.3555807637254274,-0.6443930026530869,0.2695422771368708,-0.6938395127901573,-0.9297513907630032,-0.1187465365416945,-0.5419363876181115,-0.9205591084114392,0.3592289182399339,./emotion-fmri-neu/cp016_beta_anger_congruent_c0.nii.gz,16,anger,congruent,anger,fear,1
-0.1455586060800879,1.0114393100973489,-0.9422524364218764,0.3434143802377817,0.1767606294181687,0.2482993006960324,-0.2914686424370825,0.0896134631678842,-0.0872877529308603,0.2363728617169048,1.3541109285380997,0.1054321600517247,0.8481577782703787,-0.7437625998666285,0.048294400760344,-0.0195574148597586,0.2254239243813615,-0.6875918227225878,0.5507411302315693,1.5273628475948002,0.5030631388007796,./emotion-fmri-neu/cp026_beta_fear_congruent_c0.nii.gz,26,fear,congruent,fear,anger,1
-0.1375960984489721,-0.3053908102067381,0.4730670335545996,-0.064790138352068,0.1577402937112001,0.0916022853911765,-0.2615833677004038,0.1083927515082895,0.4567203994820105,0.4825471638543445,-0.5897262138313308,-0.2401251244496769,-0.2910409053416373,-0.0043151775165726,-0.0655921543516063,-0.2786466542722598,-1.0094499924647746,-0.8891567491821518,0.2994939474260576,-0.5167294705263721,-1.5189978586459865,./emotion-fmri-neu/cp016_beta_fear_congruent_c0.nii.gz,16,fear,congruent,fear,anger,1
-0.1229691779585769,0.8976509927411612,-3.151285255307028,-0.3908200455721431,-0.5273645712563023,-0.3493648918322051,-0.5491155534346388,0.9141169808521508,-0.1395004796328696,0.4930813482528859,-1.903909351150316,-0.1878587169309653,0.8661796075932482,-2.425810952673919,0.2698598402803623,-0.0343257481870673,-0.2486668854245762,0.3945128413231314,-0.945646148499944,-0.8958228587158192,-2.7353525743302805,./emotion-fmri-neu/cp008_beta_anger_incongruent_c0.nii.gz,8,anger,incongruent,anger,disgust,1
-0.1173768632851414,0.5108548735265245,-0.9999803279520216,0.4841722058180652,-1.5133237983459216,0.6048568486288393,0.936194898927078,0.2041228003657798,-0.0862144183606924,0.2188119482934318,0.0452354977535004,-0.2537045142013286,0.3792800668247473,-2.2457950299528155,-0.0881683107222156,-2.838809353897757,0.3828975049746679,1.067015580420144,-0.3881768814271815,0.1863443652782594,-0.3831446273160298,./emotion-fmri-neu/cp014_beta_anger_incongruent_c0.nii.gz,14,anger,incongruent,anger,disgust,1
-0.1089904608145153,0.6832935379962619,-2.310016027484379,-0.0069449246816459,-2.10798925715703,-0.0180896004009937,-0.633741123849714,0.7551607747505978,-0.6838848062357915,-0.9125014255473644,-1.9552495665988023,-0.1033788122471165,0.6954512090964617,-2.1289216366140766,0.540601167706632,-0.4463172854645751,0.0632908860664515,0.0814900765201369,0.6812094510288237,0.4078115559575196,-0.3335273228577772,./emotion-fmri-neu/cp002_beta_anger_congruent_c0.nii.gz,2,anger,congruent,anger,fear,1
-0.1006712933160531,1.3950183265054277,-2.382568832154636,0.0996634236318388,-2.430317219288705,-0.3217196666180609,-0.3877885910565113,0.4354500716940849,0.3706848959569159,1.451410206855314,0.2227570255041858,-0.3910614253255392,0.8778687848165364,-3.108115060349113,-0.7854931206050589,-2.8060755165667173,-1.372807722162405,-1.2626936101928794,-0.1509643477119447,-0.0118024757584465,-1.7232530060267526,./emotion-fmri-neu/cp026_beta_anger_neutral_c0.nii.gz,26,anger,neutral,anger,fear,1
-0.0692680016803919,0.1616741696725836,-0.0811444961606111,2.67023599088797,0.5785989929232919,0.0382573396177617,0.8043524880469235,1.1380131264945446,0.1498342123373325,0.4470697213570599,-0.5928915340875952,0.0609618145786583,0.613830065029475,-0.3764830200892094,2.2742873491989517,-0.0161258169402039,0.0238201135542347,0.8300492340824126,0.4902701708843168,1.5861570647484786,0.0159235694664354,./emotion-fmri-neu/cp011_beta_disgust_incongruent_c0.nii.gz,11,disgust,incongruent,disgust,fear,1
-0.0356774206837078,0.4481357593515874,0.3234705408742443,0.982545257666193,-0.159616708892151,0.818291282092077,1.1393015389021734,1.165302354097857,-1.0357154229318837,-1.3748994277155595,-0.1325756706918698,0.2319562697805591,0.6521859495803125,-0.2779156665980953,0.3612731451223265,-0.516173700284351,1.369962250194222,0.9496646645872868,-1.1236515503000488,-0.7444521716519275,0.3253621880797626,./emotion-fmri-neu/cp014_beta_disgust_congruent_c0.nii.gz,14,disgust,congruent,disgust,anger,1
-0.0219717761188057,0.6495371587954608,-1.124175972405519,0.0612233471793498,0.6328826374269186,0.6156374815054457,0.6503673052757273,-0.5938497839023746,0.1261725744616714,1.7361243274607234,1.2355188242597472,-0.2760213391309335,0.5681374660367178,-1.4427378317737745,0.2367678782320365,-0.1417058200559338,0.419263476665183,0.079265223901053,-0.4561280026751041,1.046996109830595,0.4385733235556933,./emotion-fmri-neu/cp003_beta_anger_incongruent_c0.nii.gz,3,anger,incongruent,anger,disgust,1
0.0125256007642645,-0.1561077802966115,0.8486757248486233,-0.2819610229248289,-0.5178453928509119,-1.0387530357885135,-0.7759532631123865,0.8756582659372474,-0.0502939246078983,-1.185509333703839,-1.2465814431660411,0.296950545136904,0.0073359543261359,0.3778145439006041,-0.1225545822012273,0.0412423718565831,-0.3577260367074329,-0.6370062494642211,-0.9394619794132256,-3.0946167089094003,-1.802388209063669,./emotion-fmri-neu/cp012_beta_fear_congruent_c0.nii.gz,12,fear,congruent,fear,anger,1
0.0129107856885816,0.7772361050234775,0.3641296669127061,1.0379422494579629,-1.0083672149087657,0.56152719410864,0.6708994610057427,1.4343749554060805,0.273350693929086,0.7829823611264202,-0.8532319949557237,-0.0304877082439592,0.555928171636807,-0.4729595131857095,1.210113786961155,-1.3793392080360078,0.4495713851893895,0.6778461430352556,-0.4631632679168014,0.8581596292392234,-0.9258225889300898,./emotion-fmri-neu/cp014_beta_fear_incongruent_c0.nii.gz,14,fear,incongruent,fear,anger,1
0.0195652965370167,0.2410011629271698,-2.197104335268608,-0.6847984249521541,-1.7471735524714846,-0.8892457934928805,-1.8192722461645991,-0.2599442854157217,-0.7470928652004639,-0.4315333806644359,-3.8768686306599447,-0.0153976822705745,8.289834135866068e-06,-1.5370228537682773,-0.2543686154179456,-1.5103842100240117,0.0894246782328962,0.7384907787968967,-0.5563059772873368,-0.9872590848358151,-3.33176966242888,./emotion-fmri-neu/cp028_beta_fear_incongruent_c0.nii.gz,28,fear,incongruent,fear,disgust,1
0.03390224209301,0.9722312500610896,-3.1068245224963578,-0.5999260858484667,-0.3419828471921757,1.3077168682232665,1.4314550954503098,-1.4223054174671814,-0.6156820551267742,1.3941464005649382,-0.4180237471588054,-0.0169520340001981,0.8932922808234967,-2.863743112315806,-0.4638510933147934,-0.3519199858179087,1.4341107934196229,1.079856601622426,-0.0577971374790381,0.1888645013138327,-1.4777494792172834,./emotion-fmri-neu/cp027_beta_fear_incongruent_c0.nii.gz,27,fear,incongruent,fear,disgust,1
0.0408239900914159,0.7675809729712771,-1.3069551642837722,0.5562963026330809,0.3733256207348908,0.3091142078087313,0.4305370857508066,0.2166148352951526,0.916530624323312,1.7171519626254348,-0.2910445120142668,0.0940634010219203,0.7052996286595788,-0.4358674845054344,0.6547750800676561,1.4973719830578636,-0.3356103350726177,0.3794045128494177,1.0503201023386857,1.6971490904893871,-0.7350056615327525,./emotion-fmri-neu/cp002_beta_anger_incongruent_c0.nii.gz,2,anger,incongruent,anger,fear,1
0.0536628561267372,0.8678839458565313,-0.8573585110918625,0.9345699208867996,-0.8661170038873907,-1.1051195638347464,-0.5091887782924447,0.4880294212939287,0.8077098216258903,1.6135354122811545,-1.9450891376638288,0.1604811616816838,0.8992965087708398,-0.7574788532908365,1.4318338037531984,-0.8507711322671888,-0.927576814166388,0.0817457503091786,1.0985285009598862,1.737065810731534,-3.0264186738643977,./emotion-fmri-neu/cp005_beta_disgust_incongruent_c0.nii.gz,5,disgust,incongruent,disgust,anger,1
0.0778762244471744,0.1782379089062372,0.3601414825453773,0.3886021943376264,0.4356559593478429,0.140800289236257,0.4420048761969716,-0.018836035312234,0.0958672424856939,-0.1373226953207174,-1.22711058352918,-0.0827613169317277,0.0983741348129347,-0.4925202055668648,-0.233024851823432,-0.4394040885323941,-0.1402383499637899,0.1460476234631151,-0.5507096604419814,-0.2191664548286161,-0.7417537786931645,./emotion-fmri-neu/cp016_beta_fear_incongruent_c0.nii.gz,16,fear,incongruent,fear,disgust,1
0.0814719688792203,1.192154977975917,-1.5113993697055692,0.8561769214194959,-0.9222265382371104,0.1590796189549121,0.7202593732153999,0.8004817127402357,-0.4473366416805472,0.6903986470179888,-0.8825775987761028,0.0237693581640623,1.315273219015061,-1.4938344340986451,1.6811413903224923,-1.0281803811054262,0.6707891417299824,1.1760457880197452,0.0126160885219982,1.6769844987250673,-0.3857072086745966,./emotion-fmri-neu/cp017_beta_fear_incongruent_c0.nii.gz,17,fear,incongruent,fear,disgust,1
0.0859377439217943,0.7851704687028906,-0.6213336354799998,0.143907797840541,-0.8834677137048589,-0.232646287821007,0.1053771024306614,0.4294173839916953,-0.2448647816001005,-0.2304863485747535,-1.0795970861511264,0.0748532662267799,0.6881877501077067,-0.6219722454874371,0.2621638661543051,0.0296324836846875,0.391489547805438,0.7040154777895102,0.4070210640469295,0.1926507481370823,0.8376633913385582,./emotion-fmri-neu/cp002_beta_disgust_congruent_c0.nii.gz,2,disgust,congruent,disgust,anger,1
0.0923133120900417,1.044889689841508,-1.1086394689292074,0.1071996357721623,0.554119330031907,0.295272708985804,0.2285171684228477,0.0096724553669081,-0.6661971658029399,0.4049751480982347,-1.2632959571916376,0.0132458254378653,0.6856369593737042,-1.1594844626979777,-0.3672125019996587,0.4965347149502268,0.5434122475869115,-0.9215879992158248,0.4937220688933986,0.1477449353581908,-0.1822893121715102,./emotion-fmri-neu/cp006_beta_disgust_neutral_c0.nii.gz,6,disgust,neutral,disgust,anger,1
0.0972802335659254,0.2012912667536633,-0.8077530683161526,0.953646524665374,-0.6528093863759007,2.419358706088944,1.8120719635525844,0.1697119867346684,1.2349583382871114,1.0580752346452984,0.322343157137167,0.2397225769116301,0.6179135497385476,-0.5362452385269046,0.4893696104818679,0.0233226371085565,1.782330407829301,1.2035540896639902,1.4084240506335313,2.076082879125165,0.5559038829162963,./emotion-fmri-neu/cp007_beta_anger_congruent_c0.nii.gz,7,anger,congruent,anger,fear,1
0.0998483604083922,0.9479131450751228,-1.3075310140073484,-0.1296665452657126,-0.9183173717201604,0.1575253815487431,0.2888893428390676,0.5991200466613598,0.5046008360927174,0.8389345739061546,-1.3412505338670062,-0.1188653263036818,0.6539820019995154,-1.3010035895791026,0.2542818162056276,-0.8431389848383825,-0.6779048211299712,-0.1728737338843807,-0.7410627721450992,-0.0588523529305377,-1.4704822538669668,./emotion-fmri-neu/cp001_beta_disgust_incongruent_c0.nii.gz,1,disgust,incongruent,disgust,anger,1
0.1240034435827061,0.5512838871930107,-0.324905096733028,0.0694472829551119,0.2327283155377549,1.0631512162636876,1.7604464156917017,-0.1674535258648664,-0.7912876222540117,0.1785600567531879,-1.002248932697691,-0.0853339339701629,0.2600216917585613,-0.4418661664334575,-0.3383823549222277,0.4339480390191844,0.1759570751837129,0.4377288216991211,-1.3525698737029548,-1.5126260798515094,-0.6774990970487982,./emotion-fmri-neu/cp007_beta_anger_neutral_c0.nii.gz,7,anger,neutral,anger,disgust,1
0.1368938210251726,0.4145617204213305,0.6012796582849086,2.760994238547251,1.6566693601086553,0.944221048798247,0.5956909665457222,0.8053955985106426,0.1594699392042982,0.2545288369158079,-1.2893637392145902,0.0028196081816396,0.2901498528763067,0.0754631971831848,2.025568007269884,0.7229565337713549,1.060326297402472,0.952766207526066,-0.4395492176994116,-0.726422351591872,-1.3925972986253432,./emotion-fmri-neu/cp021_beta_anger_incongruent_c0.nii.gz,21,anger,incongruent,anger,fear,1
0.1644741973592233,0.9850602005320316,-0.8137340512872934,1.0591754504624888,-0.420462313011447,0.6853870258937917,1.6683915967450156,0.7180422051497422,-0.492301446271951,0.3461424866400385,-1.8637073010079737,0.3567264637313526,1.2558411237273803,-0.4883806866961416,1.4345424083452445,-0.3748758559583732,1.1673976266807162,0.3416106197116085,0.078378109705331,1.2006162002903578,-1.1116971330078145,./emotion-fmri-neu/cp017_beta_anger_neutral_c0.nii.gz,17,anger,neutral,anger,disgust,1
0.179085328282286,0.9163191450188714,-1.318118024794804,-0.6568863261739744,0.0551998265330438,0.5374053883681273,-0.0098287606667462,0.3414333417781282,1.3704847330228964,0.7622470280107054,0.6216183716920167,0.1413054944031568,0.8850225413334707,-2.923742290603364,-1.0599235433021283,-1.6065039291835927,0.3503046785543307,-1.3304070968344963,1.2922842481061796,0.6120013820678761,0.2655159394809693,./emotion-fmri-neu/cp006_beta_anger_neutral_c0.nii.gz,6,anger,neutral,anger,disgust,1
0.1806497357873678,0.2617824301653296,0.1767399539821575,0.2094683915620258,-0.0577968853637449,0.777147973171579,0.585262280580752,0.0473535220606327,0.2340710353907352,1.1056119862690963,-0.0470634325556659,0.1464382983931316,0.2993639694601682,0.1137601460721151,-0.1078150707982041,0.2472224677857932,0.4229283051807736,0.3976087371964968,-0.5103283314925823,-0.1748403605278769,-0.7951497926825972,./emotion-fmri-neu/cp007_beta_disgust_incongruent_c0.nii.gz,7,disgust,incongruent,disgust,anger,1
0.1949837840705628,0.999816434809916,-1.3875969352984676,1.1073784649441956,0.4152892389767769,0.9930916576692028,0.739790001868848,0.3124208705424309,-0.2285322513153975,1.7264386394952271,-1.7026908443867437,0.2692957732758511,1.1856137136045188,-1.3003089102480194,0.8935523957345961,1.116384429204905,0.7500618889352693,0.7249231796624075,-0.6943335890732104,1.0670818022882238,-0.1081105362137885,./emotion-fmri-neu/cp024_beta_anger_incongruent_c0.nii.gz,24,anger,incongruent,anger,disgust,1
0.1959785879637056,1.0873448458992991,-1.050851073434473,1.5609718157001609,-0.2733505614821185,1.1699415995536315,1.6069376592520968,0.1996175406156133,1.0532064683747633,2.034774067029312,-0.1668421055318566,0.2711096647473096,1.3168544818308476,-1.4416966574836834,1.0675803280870622,-1.3623589071706943,1.3625768481664855,0.6861162600910206,2.471728270317352,3.501836507860072,-0.2182798626876089,./emotion-fmri-neu/cp013_beta_anger_incongruent_c0.nii.gz,13,anger,incongruent,anger,disgust,1
0.197874116563517,1.2233111002653096,-2.074468142248852,0.8647620576910842,-1.256042662935593,0.7010232498202561,1.386681674772843,1.062172177475036,-0.221435713478927,-0.0465042565310062,-0.6087921417659532,0.3107985241602756,1.5213387733993893,-1.8659650617213388,1.3388719074186517,-1.090112327431206,0.6849705003617621,0.8182224736170599,-0.0350040034195102,1.2424616257314611,0.5560152681225271,./emotion-fmri-neu/cp017_beta_fear_neutral_c0.nii.gz,17,fear,neutral,fear,anger,1
0.2004874353996963,0.1584275229691765,-0.4063290257108949,-0.2294185965483816,-0.6400518207003321,-0.7989701139258334,-1.226320254022948,-0.5605891451070396,0.363866625714544,-0.1799064203193974,-1.2169587645364264,0.176081994202598,0.1914689256582012,-0.2006078589783105,-0.2920637441407372,-0.3932953880873512,-0.9335209852623384,-0.3869458860566995,0.2513879033103054,-0.1395275364669156,-1.2559494767037986,./emotion-fmri-neu/cp028_beta_anger_neutral_c0.nii.gz,28,anger,neutral,anger,disgust,1
0.2089032593298581,1.323251853230504,-1.42245802664277,-0.3906593400265873,-0.5615030725458504,0.9457051602518092,0.9285748599927937,0.4600189527157309,-0.269531152041418,0.0766548329897392,0.1095320206271937,0.2555543807139515,1.3543250292260256,-0.5914793032199355,-0.0175633460733016,-0.0449504191242445,0.94680355860132,0.0556456004945673,-0.5203498461435966,0.109858796753523,0.4274383840393888,./emotion-fmri-neu/cp023_beta_anger_congruent_c0.nii.gz,23,anger,congruent,anger,disgust,1
0.2261392110260503,0.9772751785060309,-0.3491770730400866,0.6207399479526857,-1.023151347136043,0.6297131293872132,0.8465063006440263,0.6363582237751062,-0.4999851924088736,0.1440967243400168,-1.1077725595222765,-0.0207264313124283,1.0043961753573878,-0.932686327907176,1.390359689673314,-0.8907273537690145,0.2578689968479555,0.4046876804646295,-0.3636923127533739,0.6209297850747915,-1.1895982954508175,./emotion-fmri-neu/cp017_beta_disgust_congruent_c0.nii.gz,17,disgust,congruent,disgust,anger,1
0.2612568547087533,1.4062453905433383,-0.8184564441728363,-0.7769081901950059,-0.109618225135007,2.019613325212759,0.5166844837509322,0.4889274682570025,-0.6620475072454896,0.2308618119332978,-0.242484166693904,0.3547334649021552,1.3937961080687544,-0.0036147812812103,0.0935818439419077,0.8533782362978345,1.651060889832993,0.6913578046516036,-0.862264853529494,0.5478998941856462,0.0784475395003497,./emotion-fmri-neu/cp023_beta_fear_congruent_c0.nii.gz,23,fear,congruent,fear,anger,1
0.2679923956779397,0.6210877992980596,1.58848331970673,0.223520325882255,-0.9831783280424412,-1.409145091630563,-1.313013222171945,-0.8636161318853567,-0.1163306038858736,-1.6159530648516307,-2.802487451184709,0.4168273064244677,0.5751267760315532,1.6163944014551597,0.1967383518870533,0.2752114010458495,-1.033318555080659,-0.7761100507902755,-0.9561832331693998,-1.2660456540527805,-1.0308925448640698,./emotion-fmri-neu/cp012_beta_disgust_congruent_c0.nii.gz,12,disgust,congruent,disgust,anger,1
0.2701870709807705,0.8726851879777676,0.9307010544396536,-1.3518541203634973,0.079604821900666,0.4609364145033484,-0.655800329970111,-0.0394815438622977,1.470486028137684,0.2697943731733812,0.2168752914912453,0.1523752463733928,0.47022555854897,0.588631440638344,-1.7396296443297774,-0.0925695541362944,0.0229829385777161,-0.0983483141818782,0.1494159038391052,0.7474986553593347,1.1075468752567286,./emotion-fmri-neu/cp011_beta_fear_neutral_c0.nii.gz,11,fear,neutral,fear,anger,1
0.2733954331731573,1.2937660790395515,-1.2584978048048383,1.8695163947699025,0.2760778101206117,0.3407055464884179,0.560023010129505,0.1943554975529441,0.2295922442210107,1.5521823412451166,0.0687777407792475,0.1608594898902419,1.31563498401386,-1.4160292293840602,2.589418385572583,-0.1403924454759317,-0.5036602794622451,0.2896116495701537,0.4768848887633695,0.3565173666990705,-1.964783540054952,./emotion-fmri-neu/cp015_beta_fear_neutral_c0.nii.gz,15,fear,neutral,fear,disgust,1
0.2734224319826299,0.7946893063316793,-1.029405635421409,0.9204795572739344,0.1328611164941473,0.3658381987503901,1.087775155644779,-0.4994360338643823,-0.3565219731107454,0.8479956512788459,-0.396996019030271,0.236825523572139,0.849679336819502,-1.3983505251114996,0.9688019260166988,-0.0711280299620698,-0.0162274351315545,0.0386366148809305,0.1753998448095404,-0.1422283269092184,-1.0099569129705352,./emotion-fmri-neu/cp015_beta_anger_congruent_c0.nii.gz,15,anger,congruent,anger,disgust,1
0.2769812877235678,0.6515976833682696,-0.0639779205050196,0.7176675308135786,-0.2011676428201389,-0.7119712978144366,-0.1547886729363221,0.1390275201921947,0.5715122484571776,0.3379268042481069,0.1349316174607,0.0572715017950042,0.436903605792748,-0.1423857957055708,0.5536096929980728,0.1895697879642269,-0.6797875704254664,-0.4820861217838838,0.3116444473495325,1.1650945687315706,-0.6265031479740678,./emotion-fmri-neu/cp019_beta_disgust_incongruent_c0.nii.gz,19,disgust,incongruent,disgust,anger,1
0.2938576250293236,1.3081313665947487,-1.273474576436702,0.15662190933142,1.005413029664519,1.1122600261084632,1.5075859632963695,-2.181210182325015,0.8205788689678429,2.5119518088286275,-0.8564719314528956,0.0400977213303206,0.8472120202168018,-3.3782818707791966,-0.4643659724338656,-0.8470865283723478,0.9375173205886288,0.7792929962594307,0.5040970367344992,1.896252826048192,-1.2539148561742357,./emotion-fmri-neu/cp018_beta_fear_incongruent_c0.nii.gz,18,fear,incongruent,fear,disgust,1
0.2963139367673866,0.9968988573397264,-0.5652422621864467,0.8659341811114368,0.5664840610637324,-0.209936691552294,0.421992178163896,-0.3768604922630175,-0.1699939419171326,0.8973952196082781,2.2489685259207954,-0.0434135938438664,0.8995796845332675,-0.9314012012797506,0.3545476066894279,0.2124394714037312,-0.3555687949326097,-0.7799947206393683,0.9061108585487814,1.4803136898738716,0.7902068462459259,./emotion-fmri-neu/cp015_beta_anger_neutral_c0.nii.gz,15,anger,neutral,anger,disgust,1
0.3172086351219804,1.6224928121953774,-1.4272008778096716,0.7357103047516791,1.732052240410506,0.6533482286190274,0.7852456343590704,0.6533169643092109,0.1507459169671489,0.7390134552709295,3.655619052779617,0.204958237332298,1.4165158672350475,-1.4651540127455545,0.5193767637977174,1.597371284334018,0.6339045219896748,0.1760248001546992,-0.6802066100001265,1.6968641514835023,1.243330181228588,./emotion-fmri-neu/cp003_beta_fear_neutral_c0.nii.gz,3,fear,neutral,fear,anger,1
0.3200741526136588,1.245024904660298,-0.6572853898216431,1.1145106829122031,0.4604794634419547,1.4382773841131276,1.7270483815782969,0.5180189151773357,-0.4274234546574535,0.1378970396121842,-0.3345154560863371,0.0941287718623758,1.1281714446895394,-0.9260051781529736,1.9072014789394232,-0.4166236267977461,1.665127945713074,1.9407328689586023,-0.2908330720878279,1.2729713363526585,-0.3497362744192562,./emotion-fmri-neu/cp017_beta_fear_congruent_c0.nii.gz,17,fear,congruent,fear,disgust,1
0.3267664403968555,0.8216996050244543,-1.3323527706003768,0.3057914916328407,0.5278795043965703,0.7061723844439122,-0.5721982706634863,-1.037459838194793,0.3712185548860782,-0.1950647188419974,-1.9107425634342317,-0.0869841885157653,0.5407414659204058,-1.0497697397139707,0.5590479338266738,1.0011693567683628,0.6507946682230222,0.4997170065467351,-1.787363254074149,-1.1045436266426036,-1.8984528862439365,./emotion-fmri-neu/cp008_beta_fear_incongruent_c0.nii.gz,8,fear,incongruent,fear,disgust,1
0.3332487951088387,0.8366949377999595,-1.0234050356938542,-0.1122082665866144,0.3118748296894025,0.0566106827011484,0.0806283477699175,0.0142204374790002,0.7584929828232629,0.9923154338874778,1.1001677124112006,0.5330750136972956,1.0496088316910923,-1.1417271551010255,1.1730241144584967,0.133696940825979,0.559287864382587,1.03929604704078,1.0779796127589854,1.4129128086021865,0.654630607430059,./emotion-fmri-neu/cp029_beta_disgust_congruent_c0.nii.gz,29,disgust,congruent,disgust,anger,1
0.3543422056684398,1.280090261773227,-0.918967228269741,0.2541190977135075,-0.2564482897275855,0.743239237314066,1.5461880662307943,0.4040736885234023,-0.0781793883110457,0.2202359449099513,0.4544103925777999,-0.0041883165417695,0.6767795625548995,-1.1486124137700584,-0.577495736605946,-0.4769001465013692,-0.2705278903089732,-0.10163598244493,-0.7332400315515031,-0.3748458387514705,-0.5413629664593725,./emotion-fmri-neu/cp001_beta_fear_incongruent_c0.nii.gz,1,fear,incongruent,fear,disgust,1
0.3580175352889295,1.1286788061048076,-0.7004679986493003,0.419966277831594,1.1989127018085404,0.4048660148760052,0.2380419601761993,0.1493661719502939,1.25416343811008,1.9646282097246228,1.4736708390107225,0.3273027648715346,1.0233496803111244,-0.7686848120275183,0.4757784202966319,1.0174101639261486,0.7613351888615778,1.1199984331414818,0.7651058785239263,0.96691022681023,1.7600681522936206,./emotion-fmri-neu/cp029_beta_anger_congruent_c0.nii.gz,29,anger,congruent,anger,fear,1
0.3591896288571549,1.54497328351245,-0.9642417647240378,1.1041940075296122,0.5388373496485834,-0.2910030496498617,-1.0220189618077151,0.2554114457514851,0.9038731284532192,2.825656226787774,-0.9284008373286368,0.1934929795656737,1.2836770405211997,-0.7685035769002894,0.4164943688783828,1.3237185198142851,-0.4295307572361746,0.3343897717594266,0.7807456681808915,1.3718770966827285,-1.106976784011006,./emotion-fmri-neu/cp005_beta_fear_congruent_c0.nii.gz,5,fear,congruent,fear,disgust,1
0.3961149806922441,1.021344313242819,-0.2710412586796026,0.7315792086987044,-0.4297854779005812,1.2551891856350794,0.4268699557791779,-0.3581312626138865,0.3871309621021497,1.3129875197504015,0.7342012974117105,0.3128288976461043,1.2057102435177844,0.7280751925588348,0.2083045093484806,0.9634453527795752,1.490518495264302,0.4195156680051971,0.332094406410008,1.035309099569384,1.2246932187346928,./emotion-fmri-neu/cp022_beta_fear_congruent_c0.nii.gz,22,fear,congruent,fear,anger,1
0.4015074117944034,0.6365854377970217,-0.3744810596208834,0.2836490097564355,-0.2368168714373117,-0.5043404478969283,-1.6349152571521792,-0.6166177102093339,0.719239628454119,-0.1552636215213748,-2.188257121280257,0.2023589664083223,0.0919801861661022,-0.3833556202102499,0.237544006347356,-0.1167583104904768,-0.1098993517462016,0.1040992852053351,0.3118151780817765,-0.7209509781273957,-0.4946235423306511,./emotion-fmri-neu/cp028_beta_fear_neutral_c0.nii.gz,28,fear,neutral,fear,disgust,1
0.4025721298798552,1.2036088333980093,-3.3807343733846764,-0.1708629585811348,0.6631694286301923,0.4157503898399746,1.0038799959834188,0.0641084348206175,-0.1830875536058141,0.3160158878585797,-0.6570164895786903,0.8894251027218755,1.5556182281382045,-2.937789580146981,-0.7018038394308627,1.5485820282367513,1.1432756744067478,0.9375306933448364,0.0567577840666516,0.307560391198536,1.3720634317366436,./emotion-fmri-neu/cp004_beta_fear_incongruent_c0.nii.gz,4,fear,incongruent,fear,disgust,1
0.4029605378110806,1.2184421798484235,-0.2524975114170649,1.6918465456832734,0.4540993902461578,1.0404169689972944,1.2387949177318032,0.5825861426111862,1.260188096511653,1.2123735723682303,-0.1335659786038573,0.4872199647080402,1.387978579580845,-0.4605367719523477,1.5979969602981694,-0.6989281222303088,1.6639595164544811,1.9038052370833527,2.4774961161320124,2.897212119314013,0.0926137162526271,./emotion-fmri-neu/cp013_beta_disgust_incongruent_c0.nii.gz,13,disgust,incongruent,disgust,fear,1
0.4038530996505375,0.7088057037032919,0.0686647783673901,0.355063699106713,-0.0057736751989133,-0.2655376407444594,-0.4109853036851181,0.0665269192652094,0.3503239674279119,0.2136621564595575,0.2320735519145773,0.336522435408231,0.5765941916519134,0.3257378498796374,0.5258238586896611,0.6264099626175886,-0.4757327216790195,-0.1012518752495147,0.5613371527390522,0.7752199051689203,0.2480741804026325,./emotion-fmri-neu/cp019_beta_fear_incongruent_c0.nii.gz,19,fear,incongruent,fear,anger,1
0.4097992388637138,1.0823359015030491,0.546275986387797,-1.0099083885216305,0.2780450884494113,0.9275375913653068,0.8627082071949979,0.01583461698499,0.6150877070028069,2.635144773801368,0.5755986379624225,0.4497213459395362,1.0242283110793675,0.783845577513183,-0.767651377525002,1.3177985228240148,1.3136497666649622,0.1813997950300768,0.8390775724015621,1.2728274379852955,0.7424866231085393,./emotion-fmri-neu/cp027_beta_fear_congruent_c0.nii.gz,27,fear,congruent,fear,disgust,1
0.4115023014440985,0.8489736072774301,-1.280856773992597,-0.7475339538264932,-0.7945993787921561,-0.8008103803114788,-0.3562315262232737,-0.5994202951379219,-0.7245028060494052,0.0375331080912014,-0.2111281563762474,0.4085963336496473,0.7627067698543957,-1.5717785877743071,-1.0298877463443858,-0.7559956439265245,-0.4963228051022075,-0.2128777208569452,-0.8834502244880463,-0.402801964144259,-1.0878958891326171,./emotion-fmri-neu/cp030_beta_anger_incongruent_c0.nii.gz,30,anger,incongruent,anger,disgust,1
0.4141360274376557,1.0652428926215058,-0.3439137035947829,1.0706930230536216,0.7750118342507468,0.7603940561675031,0.8479498716315647,0.535162310279118,0.2848315047286618,0.4920015530435503,1.074952345580833,0.1823934565855687,0.9097544671952146,-1.073416403644522,1.1807122286480731,0.4008918820138482,-0.2281000434015417,0.8513176504887258,0.0170552788798687,0.6913674238411502,-0.6574977701997978,./emotion-fmri-neu/cp001_beta_disgust_congruent_c0.nii.gz,1,disgust,congruent,disgust,anger,1
0.4240775264239086,0.978361682024811,-0.6623448007196465,0.768703487499963,0.2001060968354407,1.408844177051665,0.1360909431606779,0.0207534206088947,1.600160950115261,1.91969328499138,2.291123400245169,0.6684215008857364,1.2170973483248169,-0.3385248784804435,0.9376725163736565,1.0108991385598156,0.9801895671324262,0.5869001687781131,1.7929736291151834,2.384792811492113,1.487196360412413,./emotion-fmri-neu/cp010_beta_anger_neutral_c0.nii.gz,10,anger,neutral,anger,fear,1
0.4253256276797457,1.3459901356013406,-1.0573263962106307,-0.2835247769655366,0.8369389406254445,0.8645904980963024,-0.1018222690808201,-0.6434114566476608,1.4903351282564807,1.1387228069742348,-0.5093282289484484,0.2618170995465746,1.0393152308602256,-1.077329770182576,0.4478833657215235,0.91534879108085,0.3557481491183999,0.1543852786985838,2.139796050225781,1.376308851284473,-1.331881444524387,./emotion-fmri-neu/cp005_beta_fear_neutral_c0.nii.gz,5,fear,neutral,fear,anger,1
0.4513908468963739,1.076322648656839,-0.5392885126298981,1.1857805938858887,0.4867003408018167,0.2052498452524775,0.8650639276568131,0.9445391601338012,0.6291898735700103,1.722047697082216,-0.9177296201875944,0.4045827309881064,1.101580462413957,-0.4305723604577205,1.5507519992436751,0.1282664717404432,0.1563182866567888,0.2357820290571693,1.1940868848871422,1.4245124691087607,-0.351089431132524,./emotion-fmri-neu/cp015_beta_fear_congruent_c0.nii.gz,15,fear,congruent,fear,disgust,1
0.4541641456375858,1.1677778883251315,-0.7865616741704688,2.0405967911250262,0.2489859427637584,0.5161575438396845,0.6886635101464582,0.2002835062558538,1.0998506319062606,1.810610779111638,-0.594471989594199,0.4377575173735154,0.9110716613428445,-0.3846113219569843,1.505648650968506,1.2779881609458277,0.2691870005333688,0.0534063573673029,0.871796830761084,0.9318175387637224,0.1636964737427701,./emotion-fmri-neu/cp002_beta_disgust_incongruent_c0.nii.gz,2,disgust,incongruent,disgust,fear,1
0.4722166364227887,1.319047860128404,-0.0817547764050321,1.2249316079846475,2.057834120396838,2.57588720727291,1.3928906969576895,-0.690892078698166,-0.4426778563028202,0.8002821389420411,1.9727833361984024,0.5508454155692585,1.4876654173640205,1.0525225066520922,1.754089269090144,2.459109408855141,2.9481296642232118,1.6295644463140713,-0.2520654201711546,1.697453527666822,1.4952360366696174,./emotion-fmri-neu/cp023_beta_disgust_incongruent_c0.nii.gz,23,disgust,incongruent,disgust,fear,1
0.4780071335954249,1.7183419963944728,-2.076319300708576,0.407415904492936,0.4876104260767298,0.4798809303293543,0.4355422552303563,-0.5567532217820224,-0.7189356095886581,-1.3155053280108988,1.2260980850073755,0.6806850456273177,1.972640120994536,-2.0849769413598405,0.2840335722259157,-0.0150148464070497,0.0434551862664337,-0.0319544406832967,-1.5668678855348357,-0.378363801528064,0.4284557543416974,./emotion-fmri-neu/cp012_beta_anger_neutral_c0.nii.gz,12,anger,neutral,anger,disgust,1
0.4787640528069672,1.0143516522886862,-1.0317832732597725,0.8707606523651832,-0.5166537540626011,0.5202627043546643,-0.5749179673182261,-0.0010479437963936,0.0876647698307689,0.2027457158040474,-1.068368249046477,0.3960727624128468,0.734402994189239,-0.7720491394487704,1.3876400080668254,0.0591615646481077,-0.0285382345946779,0.2773012276014664,0.7100125783576211,0.2852477616711943,-0.6489725018720024,./emotion-fmri-neu/cp028_beta_anger_incongruent_c0.nii.gz,28,anger,incongruent,anger,fear,1
0.4844728372781069,1.2872199012883934,-1.0874498887132722,0.9099945948161944,0.8679755000505415,1.7147301697898236,1.6406208746512474,-0.6708088348570149,0.202884233323212,2.0533303695110114,1.0488886323401927,0.5220170352256039,1.2988627054611666,-0.537655176853328,0.7974600666149811,0.7729912739305678,1.745751699091473,1.22458050124779,0.8161139942687501,1.1185610064454348,0.0752918012027632,./emotion-fmri-neu/cp027_beta_anger_incongruent_c0.nii.gz,27,anger,incongruent,anger,disgust,1
0.4865963612819051,1.8583841571256237,-1.870079626229616,0.2289578520645947,1.4087325900860637,2.263761479508166,1.1020041901708095,-1.2210824786748753,-0.6325533479725114,1.8104837023085587,2.465050811484423,0.3897357378006844,1.804161100939804,-1.9170843874360295,0.0728735051328508,0.994369135429297,1.2025348829515423,0.1910159928244671,0.2463854384550802,1.8118902530235,1.8234376931173508,./emotion-fmri-neu/cp027_beta_anger_neutral_c0.nii.gz,27,anger,neutral,anger,disgust,1
0.5000792402757273,0.9812843652771854,0.6149963900708408,1.9139075977835536,1.2103576755778611,1.288679315064289,1.3037590484902144,-0.6472641740007675,0.6015533674516751,1.7112289226402575,0.2040251963226717,0.5417071224760082,1.0464459760304472,0.5275819666085756,2.1096401814457098,1.382899972439498,1.8059645809043765,1.059807456376367,0.1109334579441637,1.9111187019231997,0.8322105451809735,./emotion-fmri-neu/cp003_beta_fear_congruent_c0.nii.gz,3,fear,congruent,fear,disgust,1
0.5107470721585076,2.2689484724469944,-3.478747393242478,-1.847097847241905,0.9196839102670896,0.7818832357506851,0.5020742170887476,-1.0945940362582358,-0.1204685505764198,-1.2751783483935846,1.4754725555079884,0.8328922670778562,2.6973065034769927,-3.3499341844966186,-1.352996970564997,0.3836876589054143,1.646058443509044,1.5896141664955503,-0.2189894675850068,-1.192979302119943,0.5704569789984643,./emotion-fmri-neu/cp012_beta_fear_neutral_c0.nii.gz,12,fear,neutral,fear,disgust,1
0.5228627430623989,1.3312028419949873,-1.0165349895973406,0.168449541277973,0.254439026566865,0.5183684778968783,0.4903083789880623,-0.6771213653069541,0.9153150008541092,2.1432370346021097,-1.2367005053584843,0.3483456443808342,0.9812503896591016,-2.09432363431135,0.2041533958959353,-0.5383331230791248,1.2843365587363462,0.0443667334076139,0.9453558893429074,1.3149522204514583,-0.8370873633788228,./emotion-fmri-neu/cp018_beta_fear_congruent_c0.nii.gz,18,fear,congruent,fear,disgust,1
0.5232040326371713,2.1443570662362523,1.1620720377156968,0.7697052282934153,4.132309575018905,0.9810214350879758,1.2909207291168938,-3.447933264742268,-0.4420515058794816,0.85884689789005,0.3851785014736252,0.2258409534132234,1.3300764334780366,-1.7362473145991746,0.5793429127130073,1.630642214133455,0.329742191989137,0.0244148679340095,-0.1648556428001591,1.113963755221094,-0.5194537825658959,./emotion-fmri-neu/cp018_beta_anger_neutral_c0.nii.gz,18,anger,neutral,anger,disgust,1
0.5351649055885825,1.3186102324686997,-1.0809078120712714,0.7520383875281927,0.6418193354806068,0.7540909948717904,1.040846146812776,-0.1788112371044646,0.6686803095525311,1.1304043236668335,-0.7358457474030504,0.5019614708256149,1.368654031903583,-0.9918425214635836,0.4966156129582564,1.3549732870506968,0.7126339545712083,0.6163122598521159,-0.3340631598934409,1.3606579019870932,0.3779155257480366,./emotion-fmri-neu/cp024_beta_anger_neutral_c0.nii.gz,24,anger,neutral,anger,disgust,1
0.5375081344347723,0.5336949241211717,0.1850679326387781,1.8729134608145492,0.7796093347835841,-0.0906054416662988,0.3622451024242116,0.1451410858853436,0.2416318890574783,-0.5535019391396149,-1.675200311285857,0.4272548157538809,0.4062971999722948,-0.3245881927627455,1.3483030204784243,-0.5209571206826751,-0.2418728081321732,0.4002731048220038,-0.3967081898869529,-0.3175723684094882,-2.454498242266913,./emotion-fmri-neu/cp021_beta_disgust_incongruent_c0.nii.gz,21,disgust,incongruent,disgust,fear,1
0.5456671125292543,1.5781881067526768,-0.7853015224942153,0.4515232525158234,0.0309667473361481,0.8976826062608357,1.175592552971319,-2.1632193456928386,0.7994760894075932,2.0872889166120907,-2.3143944199202475,0.5421435451964121,1.3218814085856634,-2.534615006883992,0.2584334652436877,-0.7061058934846866,1.1638670883826094,0.8163980355826058,0.3303647881375986,1.1935986591887344,-2.19486665251596,./emotion-fmri-neu/cp018_beta_anger_incongruent_c0.nii.gz,18,anger,incongruent,anger,disgust,1
0.5601543302957305,0.9954249937688782,-0.7319728528877917,-0.1108915652809069,-0.5616287369229026,1.3219676392859403,0.7519874945367045,0.8499727268247839,-0.3436513858388903,0.9157998856863308,0.916157127785673,0.353879290681184,0.8165143595923817,-0.1822162681079303,-0.314893386526473,0.1291406558421813,0.4848692995946425,0.843900454194787,-0.2899646049009263,-0.0852104007221145,0.3350208792841855,./emotion-fmri-neu/cp001_beta_fear_congruent_c0.nii.gz,1,fear,congruent,fear,disgust,1
0.5644109756659568,1.8599749665759475,-0.0258885908779912,0.0540964234518425,1.0889213012918566,1.363264392421795,1.330332234287415,-0.59765885221406,0.8843914164094729,2.052828451205287,0.8359918504865486,0.5934922267505467,1.6680941276852124,-1.5121274952359005,-0.0110579384550111,0.2290026309656254,1.4957132756519729,0.65233178537061,0.4914600713151077,1.6853647393569198,0.8855726737614251,./emotion-fmri-neu/cp018_beta_anger_congruent_c0.nii.gz,18,anger,congruent,anger,fear,1
0.5731568846715611,1.6807682283428085,-1.1740678558706414,1.0428035434101444,0.2503752480330448,1.0668100150467783,0.8123072222252776,0.4960306381255732,-0.0333481872592541,1.46098942314492,1.3357359582709978,0.7151592310102811,1.6607187601133886,-1.2158089439296302,0.3442398004114509,0.1732429170437342,1.3456602783249236,0.3280105399273382,0.3181759475153637,0.9345176236609054,2.033639968133316,./emotion-fmri-neu/cp022_beta_disgust_neutral_c0.nii.gz,22,disgust,neutral,disgust,anger,1
0.5734252359267648,0.6885926604684874,0.2188712543852915,1.3292025666826597,0.0647058426073987,-0.4705934741890281,0.6257828701410164,-0.0509020900405556,1.4464347237956865,0.808994714007468,1.2234342515858805,0.4336282415813911,0.483407289274112,0.1110255217759164,1.3221504835340276,0.0844044499362642,-0.413878949079568,1.261462519928502,0.8321494649969768,0.7057699038481164,1.050118570291862,./emotion-fmri-neu/cp019_beta_disgust_neutral_c0.nii.gz,19,disgust,neutral,disgust,anger,1
0.5782636579511038,1.100188297414204,-1.172845949989366,1.442555169371246,0.0106841402567107,-0.6317477264239195,-0.2829756702655642,0.7467790026051554,1.3685525394443976,1.6130436559606995,-1.6120928764714424,0.5764773662396615,1.024675323283774,-0.38466364803145,1.1450153647716508,0.9718539194397492,-0.8040595292156322,-1.068098481813629,1.3331987954559048,1.0046813031352595,-0.7716576639838554,./emotion-fmri-neu/cp002_beta_fear_neutral_c0.nii.gz,2,fear,neutral,fear,anger,1
0.5864990358014015,1.0719778665541104,-0.1989942447800193,1.6288949010597578,-0.649292486908451,-0.9021009810324072,-0.2246521711084133,1.1019206976578972,1.1949017673607771,0.7409559504175391,-0.6484170047628789,0.6702305321359322,0.9925348039283136,0.4623719318987853,1.3605673931288973,0.7136913325468499,-0.286382928175941,0.2192706743983085,0.631369909143381,0.1065653696701258,0.3817553985320646,./emotion-fmri-neu/cp002_beta_fear_incongruent_c0.nii.gz,2,fear,incongruent,fear,anger,1
0.5902802984851573,1.6592924879642936,-0.8311243979369388,0.6600081153499769,-0.1192875504015911,0.8303397187852014,1.0389463515674695,1.0142618589030472,0.1111957748624205,0.0947470002246844,0.5871049388820302,0.3794045952505556,1.439090908872695,-0.525227916045691,0.8487084744511255,-0.248902100190399,0.0114145914558878,0.0532771372383975,0.1605312115715587,0.0651713045197617,-0.5430569933687976,./emotion-fmri-neu/cp001_beta_anger_incongruent_c0.nii.gz,1,anger,incongruent,anger,disgust,1
0.5945286893083177,1.131145101699433,0.2925597700292681,1.6368568451563372,1.3478545934114423,1.0796711486921782,1.26223173354339,0.074333000065679,0.4027573983330159,0.3106909623327956,1.154411222250327,0.6614645110597702,1.579940162206579,0.2596001844787486,1.8871413128011043,0.5121052294628439,1.2826849468584196,0.8028599649152462,0.8520910444763733,1.2006732253704802,-1.4506320162423247,./emotion-fmri-neu/cp025_beta_anger_incongruent_c0.nii.gz,25,anger,incongruent,anger,fear,1
0.6056330807961857,1.4193833518234855,1.0522301663973124,0.0520578432148142,1.594112848329589,1.6746061770548124,0.0800247411578746,0.1364638773788541,1.4702751254921476,0.6905243233444902,-1.1776872776904352,0.3260820426770039,1.2578374798450669,0.2733858560033801,-0.3914028288621936,0.4256192082686086,0.388039199414902,-0.2601582062224932,0.1536987913723545,0.7876702981884001,-0.8255495072253544,./emotion-fmri-neu/cp011_beta_disgust_neutral_c0.nii.gz,11,disgust,neutral,disgust,anger,1
0.6322645131812026,1.3155880874501185,-0.4095459542064858,1.7808875690571329,1.3431771871046918,0.2829137023306576,1.3163590299088035,0.1820155903422377,0.4704210945401886,1.6109605464149992,-0.0705892863309172,0.5714790251349238,1.3110131301270365,-0.4747861214143677,2.125920181789565,1.1611932919208112,0.0723602232111382,0.8222210355256862,0.5704929248284342,0.8051823822680003,-0.7937076744284551,./emotion-fmri-neu/cp015_beta_fear_incongruent_c0.nii.gz,15,fear,incongruent,fear,disgust,1
0.6558966347200396,2.191910975344954,-0.4246864180994758,-0.1063115510076188,1.937560583410759,0.5435683090674988,1.4177046736915793,-1.8660798873579083,0.4055454202119716,1.3027454585411569,-1.9525899787074752,0.7853418904577292,1.928430729571568,-2.738392985700496,-0.4055186944534334,0.9739466289330442,0.0827968230420616,0.1202869040224767,1.0842617130725574,0.9473832487134436,-1.945574567018313,./emotion-fmri-neu/cp018_beta_fear_neutral_c0.nii.gz,18,fear,neutral,fear,disgust,1
0.6618747744525258,1.5423824436656663,-0.1550506686755207,0.0076233103308576,-0.1977201758226118,0.4978247875432682,-0.4691215496592145,-0.0252194967719873,-0.8253470891112541,1.0510575124758934,0.2743401197371015,0.8604331639568814,1.9120006912076144,0.682766087036648,0.1285695549269535,0.1263385603702645,1.0743231407803897,0.3160492297654183,0.0194295793854864,0.7764037039633324,0.3581195367861979,./emotion-fmri-neu/cp022_beta_disgust_congruent_c0.nii.gz,22,disgust,congruent,disgust,anger,1
0.6665173035774371,1.524571661885096,-0.3007682512582044,0.1151156161854696,-0.0928169626020212,-0.459645420992451,-0.6404345617347219,0.728128679669684,0.0703714044394654,1.7625064483562602,-0.0944698177601733,0.8716854316036661,1.969131111592641,-0.2134085473734322,0.0560961564012901,0.5161766537198382,0.2626729250727502,0.3435322261366081,0.3465282332021917,2.959034433170749,0.4392587229793613,./emotion-fmri-neu/cp024_beta_disgust_congruent_c0.nii.gz,24,disgust,congruent,disgust,anger,1
0.676388787488563,1.8725987432477136,-0.449299800346855,0.9004570112119313,1.776508148041551,2.168077124170217,1.843257866975735,0.3381624178528899,-0.6472962950831017,0.0298523628586916,1.6900350269606137,0.7376550910348368,1.8713065785987333,0.5656959759576381,0.9682596646072242,1.829310885939733,1.6020748570089147,0.9905151971657936,-1.1386847742752455,0.9065108707822054,1.9779632497203472,./emotion-fmri-neu/cp023_beta_anger_neutral_c0.nii.gz,23,anger,neutral,anger,disgust,1
0.6840188054875576,1.1544635182929786,2.726423117873615,1.2971103811083946,1.4206281907343952,2.3411205131153503,2.149996831060276,-0.2909699057677329,-1.4684166460696255,-1.3877115651793723,-1.6331975576533098,0.6698430357496047,0.8801439749034036,1.6591822531025566,0.7104712388076299,1.594384299218107,1.5361308222382828,1.967861934460263,-1.7653492838602964,0.6297294522309693,-1.5499948008065272,./emotion-fmri-neu/cp014_beta_anger_neutral_c0.nii.gz,14,anger,neutral,anger,fear,1
0.7024740822723222,1.9996676204165484,-1.1109890253959536,1.9727518461685296,0.7576697191800157,2.7217743655148454,1.8965041385944557,-0.2995776145365786,0.0913817865918663,0.4080858935199447,-0.2049268099376042,0.6159023730804761,1.8191461536213744,-0.6848753189448067,2.364651958193805,1.0337704144833268,2.476373094235526,1.2987620736967118,0.4587227548570445,0.8324602701515064,1.329443297754209,./emotion-fmri-neu/cp023_beta_disgust_congruent_c0.nii.gz,23,disgust,congruent,disgust,fear,1
0.712874515645561,1.9140260981159631,0.3954575172057452,2.0025658482309225,2.256887680764625,0.8115515966196998,1.0312053971301405,-0.4107120872556676,1.6477615345047338,3.5272621217908635,2.378140889860481,0.4364323374750753,1.6322688935309662,0.605974227206689,1.8896033800276573,3.082137531605304,0.6008488101216448,0.1070109579150279,2.196615968550822,2.7944950240197697,2.4533196342806285,./emotion-fmri-neu/cp010_beta_disgust_incongruent_c0.nii.gz,10,disgust,incongruent,disgust,anger,1
0.7257455881014828,1.877727229971818,-2.071837177356512,0.6124550686111838,0.7743771636683158,-1.904896237678904,-0.7982720426546802,1.531421278040747,0.6428975465863573,0.0998177621939544,0.8744097391260088,1.083642022356836,2.3816047875513195,-1.391003333386249,1.6029773660312805,1.423407378135781,-0.937765463878511,0.3753550637243316,0.8679630254511583,0.5361261117494821,1.2221714009185625,./emotion-fmri-neu/cp029_beta_disgust_neutral_c0.nii.gz,29,disgust,neutral,disgust,fear,1
0.7437325425338842,1.1052099320987203,0.4527009566404855,3.356081247508083,1.0975337348204226,1.7649080933559944,1.480434823062598,2.1299942253840647,1.979109781293462,2.3076403697967827,2.915139943778028,0.7449079500127818,1.2496846559904289,0.9864340477642568,3.100108222366696,1.2151271862952326,1.829911222256997,1.9563080536527984,2.251910319657272,2.5418368237488966,2.0116770036270677,./emotion-fmri-neu/cp011_beta_anger_congruent_c0.nii.gz,11,anger,congruent,anger,fear,1
0.78208457623005,1.1953634295364477,-0.1654369975227174,0.5305349293295168,1.3713254425075307,1.5818040822738575,0.6279747076714428,0.1734413872583941,-0.2224194884825023,0.2956151879670489,-0.3836760517619866,0.8310931604057383,1.5053197378533918,-0.5062992708779795,0.8227508946075134,0.6131889649416855,1.6851186290786262,1.5885625982716851,0.3422260958914355,2.612773524203804,-0.790238598723945,./emotion-fmri-neu/cp025_beta_fear_congruent_c0.nii.gz,25,fear,congruent,fear,anger,1
0.7874516393697725,1.4398132355848463,0.6527724121234003,0.5979226476872856,2.9316141513474663,1.0578596987814852,0.11544345562474,0.7197641402168237,2.031875944050136,1.6653812423659369,1.907860856594078,0.8905303815187561,1.7496673091441477,0.3973058840849967,0.4312153207218192,2.334827669532932,1.6077982572515623,1.6348523517925333,1.7879562854193716,3.667882865962567,1.9306549277007603,./emotion-fmri-neu/cp009_beta_disgust_incongruent_c0.nii.gz,9,disgust,incongruent,disgust,anger,1
0.7962121344035107,1.54196902424704,0.3039373959345641,1.5596959751871913,0.8693743510756332,-0.1314118059124189,-0.0210903097137742,0.5849277507852876,0.225192791226201,1.643479800178677,-1.3626191538102497,1.15416425729091,2.120731531210902,0.6011881482175467,1.609604702159431,1.9022586101097387,0.816099341473838,1.494856149255345,0.164468127265254,2.3209208131628367,-0.4013133161851541,./emotion-fmri-neu/cp024_beta_fear_congruent_c0.nii.gz,24,fear,congruent,fear,anger,1
0.7973229161544889,1.3420733805724072,-1.5819395529771971,-1.0511950346418344,-1.2530705742145114,-0.4337764218470076,-0.2302224575036664,-0.8129497460215845,-0.8684834417327832,0.0622003016725425,-1.0381347450863754,1.5654917148755374,2.0831782055658574,-1.1434205836685891,-0.503355639274886,-0.2330977661339519,1.404834859369544,1.7252466632816317,-0.3663149306822595,-0.0603678241667862,-1.2902579538804395,./emotion-fmri-neu/cp030_beta_anger_congruent_c0.nii.gz,30,anger,congruent,anger,disgust,1
0.7987831890148961,1.0490110786744262,1.5397859493966628,1.2423564757279206,1.3505465042556029,-0.0822124202261421,-0.0632111195080002,0.3493893445628381,0.8761753582738678,0.5004487355597161,-0.3544942306460658,0.644307581274524,0.95731314065219,1.6397782159953922,1.052927944697545,1.634120600203267,-0.0191467907951016,0.4716698554354039,0.3298562745714326,1.5270909864303412,0.8660861894347018,./emotion-fmri-neu/cp019_beta_disgust_congruent_c0.nii.gz,19,disgust,congruent,disgust,anger,1
0.8042382558937692,0.9031782170708624,0.9671498416541006,0.126837905245772,0.803508153453849,0.3178532637518081,0.3330757937841955,-0.6619058945039401,0.5640222846105916,-0.1554699671634648,-0.1554478655880562,0.4445144983472942,1.1091619179935632,-0.1826445433993639,0.754158758426213,-0.9460883127912952,-1.0364175075911384,-1.772687070171998,-0.8202593693705964,-5.449463963614379,-2.83039338732605,./emotion-fmri-neu/cp025_beta_anger_neutral_c0.nii.gz,25,anger,neutral,anger,fear,1
0.813314901977717,0.9827667443669904,0.7926589721147083,3.0006787549668616,1.8015112965859088,1.2480551956464647,1.1227980402179762,1.0634762358797056,1.4812593956385165,0.3749868347755632,1.7597496788136544,0.6892916694095618,0.9512979717489888,0.1972567361265085,3.093258349683617,0.6297282048225306,0.7848329048777798,1.3080162468662877,0.7243504644939252,0.5156771864873864,0.3776732112712591,./emotion-fmri-neu/cp021_beta_disgust_congruent_c0.nii.gz,21,disgust,congruent,disgust,fear,1
0.8142562272252545,2.206341983471776,-1.7950574409241484,-1.4149801098717656,-0.2272701947571493,0.313047980043916,0.4299230649298654,-0.3506478860005418,-0.7389420347916205,-1.7142919000540473,-0.8891351723953886,0.7037828218694495,2.267117261644054,-2.1838367513287054,-0.937966117580364,0.1072003361781751,0.4815981270308154,0.0748809796810964,-1.9084731431427988,-2.0760354116295656,-0.7673538010233375,./emotion-fmri-neu/cp012_beta_anger_incongruent_c0.nii.gz,12,anger,incongruent,anger,disgust,1
0.834307057302606,1.1366829745302387,0.5267356350997199,1.1986022404484593,0.5468834245452302,1.0335193356530634,0.5285122915231609,1.2057839963004409,0.6591139830066849,0.3448667094657289,-0.1079802896270038,0.7380445722007856,0.9880754608133138,1.0325949924909354,1.0428184179495814,1.8180992370373343,0.7891592926416332,0.3110116076424971,1.2053374331286548,0.5533796455047575,0.593444643627291,./emotion-fmri-neu/cp002_beta_fear_congruent_c0.nii.gz,2,fear,congruent,fear,anger,1
0.8512600473491061,1.674075596939798,-0.6626700048189959,0.6860087616605405,0.7102129641538244,1.391036132500853,0.918701238961623,0.2017122317359478,0.5606548544590729,2.700893601105256,0.405341064915852,0.6939526370092697,1.6651449891443657,-0.8966393622581523,1.395929566869042,0.6578194604809077,1.5844285934178814,0.9241886835282184,1.3750640494312831,1.338041778656134,1.0004656464898678,./emotion-fmri-neu/cp027_beta_anger_congruent_c0.nii.gz,27,anger,congruent,anger,disgust,1
0.8553492641768382,1.199312977964499,1.9882424841828497,1.5976802974581077,3.235387198284287,2.0952097565903185,1.0532397002185725,-0.3348186249840054,2.2290237873097016,3.430911376446791,2.2413845882272145,0.8757786510219001,1.2808948607337909,1.9977506236111444,2.0490742279381147,3.2383179879588244,2.527947846609727,2.1606106569142525,2.011266999573704,2.682805668623943,2.4230815131986234,./emotion-fmri-neu/cp008_beta_anger_congruent_c0.nii.gz,8,anger,congruent,anger,fear,1
0.863623738282418,1.9592721934279065,-0.2204958569908221,1.6454408520792432,0.770243326500125,0.3628074107443239,0.1661280619300594,1.5514025675196503,1.4051405701643995,1.768082139422875,-0.799258590101387,0.670693143370418,1.7107868823161136,0.3270578404933479,2.112151778344213,0.8877276091270299,0.3179869399597061,0.9593816317065156,1.1044059022137969,0.6681627046164743,-0.8177818848523648,./emotion-fmri-neu/cp005_beta_disgust_congruent_c0.nii.gz,5,disgust,congruent,disgust,fear,1
0.87462368346261,2.145217246308672,-1.439778759007765,1.6057047518235763,0.4030059373270553,0.6664331956325478,0.3183596540258068,0.5580129622790828,0.4466211060767484,-0.439203505828577,-0.7045295679250161,0.8916693049167759,2.0497157850528644,-0.3801307465185623,1.7948073609402595,1.139164604776747,-0.3335794603315132,0.7418433421727407,0.1931865300387666,-0.3532189206549829,-3.120531363043376,./emotion-fmri-neu/cp005_beta_disgust_neutral_c0.nii.gz,5,disgust,neutral,disgust,fear,1
0.8892772430154734,1.228519450134066,1.2825908982078158,1.1872926018389904,1.4160580803894818,0.5506311201967912,0.5627358249567098,0.6247623457534524,0.8950587765296717,0.3978718396944485,0.7040260369722638,0.5299079257596403,0.988649549078284,1.0246898954456836,0.951223946086599,1.901259609273475,-0.0771991237847257,0.1864919721513682,0.7415597300932283,1.3377488233240211,1.2364907255183624,./emotion-fmri-neu/cp019_beta_fear_congruent_c0.nii.gz,19,fear,congruent,fear,anger,1
0.8971945043022231,1.5281252113126749,-2.427243837496128,0.6218965632354567,0.26569708665493,0.3428186519053044,0.3119188943613478,0.8349377973057229,0.178152196053689,0.6927026961840476,-0.4118792933804181,0.7403856012307608,1.834354679943687,-3.1148881740816683,0.0038773796231605,0.9103934335009496,0.1579703329796468,0.2972578972771434,-0.0826071600611448,0.4458717229839712,-0.0618319857482432,./emotion-fmri-neu/cp004_beta_anger_incongruent_c0.nii.gz,4,anger,incongruent,anger,disgust,1
0.9104349729841068,1.579269013337626,0.7222859858367753,1.318336948641869,1.6408146686176808,0.1477501792944206,0.0480274461120658,0.3566583760582679,0.0997030896168759,1.3316449593422264,-0.4852280576674297,0.9100955070480232,1.7011427119737328,0.2482242666430408,1.6932508707024323,0.668235967823016,0.5946069008685752,0.544026718535481,1.0111378184947784,1.5224709126745055,-1.1921056539401211,./emotion-fmri-neu/cp025_beta_anger_congruent_c0.nii.gz,25,anger,congruent,anger,disgust,1
0.9168590077435051,1.747377302308684,-0.5748254733844612,1.6949501065595367,1.015719987527664,1.3420390328597585,1.9190603372908812,0.3872898233342928,0.7560671552496737,1.802830212008252,0.0136432706312458,0.8195807245408468,1.6892650688077755,-0.3909505632781991,1.4352646450304167,1.0954859715305032,2.38346751021252,2.0776010022619054,1.3383326740901016,2.599893578768965,0.4988450001891489,./emotion-fmri-neu/cp013_beta_disgust_congruent_c0.nii.gz,13,disgust,congruent,disgust,fear,1
0.9237628340134768,1.976382263513318,-0.8867832089939196,1.1167512773110329,1.1653094889794904,0.0679151231273724,0.961886599439974,1.262433828733588,1.65352423223802,2.6970813208015003,1.1055425222744133,1.2253959600763316,2.446402997297774,-0.606975162401641,2.14796164252651,1.8691009146842144,0.317004193812704,1.0580788359284332,1.6869582414548627,2.103166937360136,1.3872711882848126,./emotion-fmri-neu/cp029_beta_disgust_incongruent_c0.nii.gz,29,disgust,incongruent,disgust,anger,1
0.93370172976114,2.082559325531665,0.2299906646545386,2.217234090293288,1.7502186123750791,1.5958373030965496,1.8567079556507795,1.2020237481315483,0.3372901690399832,2.5233068772830984,-0.8353424806078479,0.6691631609328396,1.7554996666988354,0.3867325465839947,2.21867978956663,1.5431484412737837,-0.388116563780643,0.7346915038659195,-0.2729090601920391,0.7950629813344409,-0.4642948234095767,./emotion-fmri-neu/cp001_beta_anger_neutral_c0.nii.gz,1,anger,neutral,anger,disgust,1
0.9361587695596754,1.83645442429643,0.6159510296920101,1.1545891803602626,2.536442830352867,1.335647209088269,0.5771558785038738,1.8917510381938751,1.601443252618006,1.8788300911590772,2.433817766265973,0.7798824471950984,2.009129001600759,-0.1154624959635618,1.7017705946904664,1.52352361859934,1.607128644684831,1.2943984571818226,1.4129625104626955,1.8782501498064552,1.8781935772632612,./emotion-fmri-neu/cp009_beta_disgust_congruent_c0.nii.gz,9,disgust,congruent,disgust,fear,1
0.9420380986480448,1.5626532751346125,-0.1925014477520127,0.5081733744617587,2.0819270643131893,1.6404463278957582,1.8471130844613703,-0.4413978784678273,0.2883870075826453,2.596566526418985,1.9104997425190031,0.939609024154275,1.6718042702275584,-0.1983373983321668,0.3370860982990266,1.3464458780815052,1.3803162274744898,0.4433997519552865,1.6190010288131165,2.061411938836301,1.8719132352338048,./emotion-fmri-neu/cp027_beta_fear_neutral_c0.nii.gz,27,fear,neutral,fear,disgust,1
0.9643314782650207,1.5416270080878118,-0.4568337695296635,1.740557565539218,0.1466370462007933,0.5929008862280191,0.248994956844073,-0.200936030384374,-0.2678900495280788,-0.4999888379887319,-1.2133885121943884,1.186129622150327,1.646593588325539,-0.0876301189767915,1.1796382914115342,0.2939287179876506,-0.5651895880694869,0.5804454943860606,1.2419602500156988,0.2673454999396285,-3.8347626731255775,./emotion-fmri-neu/cp005_beta_anger_neutral_c0.nii.gz,5,anger,neutral,anger,disgust,1
0.966914973562633,2.2359923042717864,0.5183600721106221,2.137447620042931,2.851921783151041,2.055478131918476,1.4247443509405475,0.8826643106426355,0.0254520696523944,0.8341777707289454,1.9749667584207296,0.5723659524752374,2.0533131073938917,0.4389330222975423,1.4424727941359172,3.0870687930285765,1.63093810686286,0.7663751107096103,-0.0395115159742603,0.505964467052492,1.6101485167088363,./emotion-fmri-neu/cp010_beta_fear_congruent_c0.nii.gz,10,fear,congruent,fear,anger,1
0.9793787637272832,1.857236161625848,-0.2852691747464272,1.5122727560373073,-0.6951205128154244,0.967471508213648,1.1862632228863628,1.0556355674345868,0.6104510259186916,1.5946859318189126,-0.1821502607215448,1.0425044137028905,1.8519262389861235,0.0992726762152042,1.865097802960986,0.4412364261967948,1.1604347454278814,1.1112924627442378,1.206190174126774,1.9285121916975425,0.8083768286754317,./emotion-fmri-neu/cp013_beta_anger_congruent_c0.nii.gz,13,anger,congruent,anger,disgust,1
1.0195188533210928,2.1620573172188826,0.5487882620196761,2.391839404361332,2.017308605004003,2.0144848661446524,1.910568535448501,-0.4097629957186758,2.341025327988071,3.480459412297217,3.2865062848027358,0.5904639919735253,1.7870321354155827,0.2953569108288004,1.9036210855452709,2.4540746869995087,1.8297927609423883,1.494183143447962,1.534042234677832,1.7770075912038683,2.762087122117014,./emotion-fmri-neu/cp010_beta_anger_incongruent_c0.nii.gz,10,anger,incongruent,anger,fear,1
1.030686571567624,1.3934068858729844,0.6086697837579327,2.3130220005144344,1.4136732903484253,2.439286878205413,1.5644284946879434,-0.8721107312546637,0.7208446482035707,1.643112022552761,1.0417781733117908,1.008225536696181,1.6925625528684225,0.5115059771401794,2.270549198667226,0.8644219961769755,2.143562895718142,1.328459026695547,0.8772372687620151,1.3059421719647963,-0.6378633245950622,./emotion-fmri-neu/cp025_beta_disgust_incongruent_c0.nii.gz,25,disgust,incongruent,disgust,fear,1
1.033236866927601,2.122761538988424,-1.5585954271581106,1.2683300494021836,0.1910041064601509,1.7628659929206172,1.761140218113446,1.1949091084231476,-0.237817266683793,-0.7441366743997113,0.8118253811916875,0.8417682743295563,1.800215876661902,-1.2426087240849684,1.3534462036567318,0.6540447973221744,0.878464732592212,1.0679347885861743,0.0593187944659592,-0.047577470710923,0.2301127504015161,./emotion-fmri-neu/cp001_beta_fear_neutral_c0.nii.gz,1,fear,neutral,fear,disgust,1
1.0673087949281796,1.7079069809994762,1.3097486122751654,2.2107314306678703,1.8422036894047211,0.1735568549210212,0.042238460397405,-0.1731296223889641,1.9385786457823424,3.0595219659643744,-1.0443612004073726,1.0276920138550487,1.6706232373129069,1.0107113106100332,2.0532908460033763,1.3542669819014963,-0.060185432889848,0.8176458043662574,1.854423628430982,2.5152457338979217,-2.141029051447797,./emotion-fmri-neu/cp005_beta_fear_incongruent_c0.nii.gz,5,fear,incongruent,fear,disgust,1
1.0678670817682714,1.986323261257202,-1.338029510456118,-0.305432206894812,1.1693188783411963,0.6116224045682386,0.2996782017291565,0.8782732596357247,0.8636092825900462,1.2648943399476893,3.860590614616665,0.9432158295774804,2.0846665569484286,-1.4626104159048994,-0.4236797514459957,0.767088572961719,-0.0730673242488413,0.1984754137989318,0.2005665732378956,1.4969598404205204,0.9202487438422688,./emotion-fmri-neu/cp030_beta_disgust_neutral_c0.nii.gz,30,disgust,neutral,disgust,fear,1
1.0908988883570163,1.6042752490859689,0.5535535057909897,2.288872193880513,1.6113623340337968,1.5711733009737616,1.0939066044548766,0.3308503934264928,0.3417657641534256,0.5396710146812964,0.1804095193495518,1.195840624412251,1.449981977513174,0.3326584709617657,2.2004546913332725,1.3048689170401908,0.8582025582039113,1.9034188313232725,0.7279566128643333,0.7245888788438103,-0.2428871606085644,./emotion-fmri-neu/cp028_beta_anger_congruent_c0.nii.gz,28,anger,congruent,anger,fear,1
1.0919760224947774,1.9522192455013283,0.2823615368896798,1.084086882821678,1.524321361641472,1.356096625251186,0.8969613082310529,0.706305486188789,1.2539684018495416,2.029659628169268,1.2541064108015112,0.6614563088166869,1.7629071016563462,0.0423609327639167,1.1254271237589708,1.457937759587546,0.9282715003658566,0.7810119524657491,1.2522535611040124,1.4000719074742352,1.1494979251037012,./emotion-fmri-neu/cp010_beta_disgust_congruent_c0.nii.gz,10,disgust,congruent,disgust,fear,1
1.0976973525539646,1.5935185387854032,0.5755975671733893,2.601639374869503,1.2621355965417014,0.9947291524648691,1.90764145728792,1.173097123244994,1.8334382578817812,2.5251107724630777,-0.0382623459330727,0.9571824044881028,1.4310858389425047,0.6522926842740584,2.165750773780167,2.119763366678783,0.9992302208268804,1.7421146791929178,1.1454503730095222,2.124128041387744,0.1224505968356206,./emotion-fmri-neu/cp002_beta_anger_neutral_c0.nii.gz,2,anger,neutral,anger,fear,1
1.1840791391269485,2.213864311471469,-1.1343846699724571,0.303911702535059,-0.1422680970438198,1.1292535143210154,1.1053455297680417,0.0104016544076639,0.7638572551389556,0.982463391886272,0.7220664280299729,1.16038951183925,2.1806622435623746,-0.450901160184404,-0.1242413510374663,1.2539698754916693,1.343503253722225,0.6413399322713184,0.7955022672412825,0.9963215704026064,1.7440024684208846,./emotion-fmri-neu/cp022_beta_disgust_incongruent_c0.nii.gz,22,disgust,incongruent,disgust,fear,1
1.2797508607481745,2.586709677417798,1.3643342348268197,2.482638308875967,4.1796751723066485,2.5851051158066354,1.279340903228111,1.7200479002784894,2.7090905033102355,2.7957130701541013,3.810657927407428,1.1427287313829817,2.763583025542996,0.8495791242111211,3.039592751586069,3.5846215852683487,2.501534773153367,2.254687694026842,2.088914851405588,3.685017728852993,4.402980990208399,./emotion-fmri-neu/cp009_beta_fear_congruent_c0.nii.gz,9,fear,congruent,fear,anger,1
1.307372063762137,3.230607375060773,0.2062892866080077,3.143652816305889,0.9640216176760028,2.4718015844958177,3.0343184899823226,0.5553177462169184,2.641161064427754,3.812468855306077,2.491808465666201,0.5107298326227311,2.3354154338712227,-0.2204249907698386,2.1815231248884426,1.6013174789952402,1.4646729127892848,1.3649135859466663,1.012234216861899,-0.7219273314974647,1.870752645222408,./emotion-fmri-neu/cp010_beta_disgust_neutral_c0.nii.gz,10,disgust,neutral,disgust,fear,1
1.3435126462164937,2.453042416820696,0.1412880446913945,0.9078492088016252,3.065378006983949,1.511759695584555,0.3413589134312016,1.2182320154072062,2.7992208811310726,2.600883850226426,4.501897291966023,1.22726177186472,2.7248551115673303,-1.1682828767465574,1.14278973688399,1.7651958774980032,1.253394866044448,1.0409685936318582,1.7241353472217538,1.821425511220988,3.117308654203823,./emotion-fmri-neu/cp009_beta_disgust_neutral_c0.nii.gz,9,disgust,neutral,disgust,anger,1
1.3727047772244136,2.427691870302935,-1.6146381206563645,1.3150241147691786,0.5771900828589567,0.8045852325433169,0.884351658847114,0.2129596285870702,0.6810924350962854,1.291765248200572,1.881088423260281,1.2214004267417888,2.560516652367075,-0.5895526975406084,1.4320117559373426,1.8417119347559865,1.0479644579135077,0.5379979545152299,0.4460648933531837,1.1905032960126556,1.315607475362802,./emotion-fmri-neu/cp022_beta_fear_incongruent_c0.nii.gz,22,fear,incongruent,fear,disgust,1
1.4310768136717342,2.474751983078828,0.0759428102526615,2.1913297444711763,0.6745095994830473,1.859215683247364,1.1519831332465296,1.7035874256420105,1.0892289233566648,2.842468077014767,-0.5961290506135327,1.6077837608878178,2.6707331899922866,0.1435833528859011,2.583083281078825,-0.0463671410083868,1.9510145126754068,1.1752056243150333,2.027959756931227,3.572918569282459,-0.1819318998442528,./emotion-fmri-neu/cp013_beta_anger_neutral_c0.nii.gz,13,anger,neutral,anger,disgust,1
1.451984146656121,2.2676924499226305,0.6809337867596785,1.1615365379414055,2.8608810613616984,1.3099514650187905,0.5488319825567937,0.4708066698178344,2.0714018849259834,1.727582601945661,2.783681588972705,1.2443562761388909,2.348345608572184,-0.0387599581644865,1.197110264872697,2.6323333589231965,1.0733937000251264,1.1703794895473134,2.132930341438868,2.8574329437812693,2.2269770964452067,./emotion-fmri-neu/cp009_beta_fear_incongruent_c0.nii.gz,9,fear,incongruent,fear,anger,1
1.4570857799518333,2.9038321029300893,1.0090392197987952,1.3724644370483452,2.796251781011834,0.7197985093966637,0.2333165349830269,1.8753547975518745,2.650674274003797,2.708625607768062,2.676253522712886,1.811991174208641,3.1423582731291413,1.2737163231291015,1.8040014619098044,3.253545932849655,1.057732458037247,1.2492715905962108,3.0421094275644367,3.164564892841927,1.4725192527779234,./emotion-fmri-neu/cp009_beta_fear_neutral_c0.nii.gz,9,fear,neutral,fear,anger,1
1.5313027665848005,3.313654312125902,-0.9719220259827932,1.4587159017679123,2.188280634989698,0.5490032657883837,1.2166335921864762,1.1997087075976325,2.135645721657208,2.9002357640646235,2.604852347445433,1.752714105868731,3.533442504675113,0.2202112087981867,2.44920811785778,3.6964998382544314,0.9841971468368168,1.102358185808292,2.4606123661737582,2.619071024988137,1.7482092191156382,./emotion-fmri-neu/cp029_beta_anger_neutral_c0.nii.gz,29,anger,neutral,anger,fear,1
1.7796682016960963,2.74007682230456,-0.2176761862397138,0.0634736200094206,3.20470256577943,1.9809733968773404,1.2015431210736371,-1.3090577135321837,1.0222673847047818,1.536086271031479,3.3352970914915407,2.174807459233997,2.66589547467666,0.0558858333356356,-0.0525244365290465,2.7335717371536945,1.882510878357898,0.9160282089665313,2.208378017628569,2.9723233018072794,2.595034563333678,./emotion-fmri-neu/cp020_beta_disgust_neutral_c0.nii.gz,20,disgust,neutral,disgust,anger,1
2.106469744538307,2.623507991555153,3.1931065412615256,3.2255427510340167,2.9645905665564607,1.6817029765213325,2.44883052250276,0.7722324117649532,1.275265642825533,2.1130518661249758,0.5001718016265263,2.2106087276082254,2.714406911708253,3.1717744693779326,2.8532169211690017,3.4742803376454487,1.3720732714481336,1.7064872815758865,1.298851125699643,1.1373735250214625,1.419456406097294,./emotion-fmri-neu/cp024_beta_disgust_neutral_c0.nii.gz,24,disgust,neutral,disgust,anger,1
2.135837631169152,2.455197503300833,2.0840903554606918,3.1414313660656443,3.5694484086592024,2.450665528898224,1.9322820766109108,0.8431330918726954,1.673442961941369,2.510810337476594,1.9444153024283637,1.9357718190016977,2.350563102084856,2.325740026692245,3.1133293844369345,3.687415546736433,2.093213966666757,2.127222766983832,0.8112287821190364,1.8720066778114188,1.1187839179716603,./emotion-fmri-neu/cp008_beta_disgust_incongruent_c0.nii.gz,8,disgust,incongruent,disgust,anger,1
2.154852107461508,3.377188403831329,0.7754947475378592,0.5083494153388937,3.505257142109566,-0.054243530995965,-0.5875056156801789,0.2847125536323469,1.4353237047520542,0.728138559970951,1.3420259518507285,1.9477826322055287,3.127636639243536,0.4745846982776533,0.9043947685032042,4.038135186256187,0.2450202038263659,1.1737183309097514,1.407600542366283,0.99455604527616,2.3987702675860216,./emotion-fmri-neu/cp004_beta_anger_neutral_c0.nii.gz,4,anger,neutral,anger,disgust,1
3.521131052689879,4.38684514976469,7.076263379283936,6.1543774380311325,8.292226207678265,4.941888793885336,3.4892639632340083,1.963720423944596,4.138421617681766,7.372426748436147,7.692609260686688,3.8920858593056566,4.626809992139635,7.045143109092692,6.347119975114005,7.937083528181659,5.230615640542504,3.895943511810122,4.280781207999574,6.143901009598253,7.5017748805859235,./emotion-fmri-neu/cp008_beta_disgust_congruent_c0.nii.gz,8,disgust,congruent,disgust,anger,1
