Feat 1,Feat 2,Feat 3,Feat 4,Feat 5,Feat 6,Feat 7,Feat 8,Feat 9,Feat 10,Feat 11,Feat 12,Feat 13,Feat 14,Feat 15,Feat 16,Feat 17,Feat 18,Feat 19,Feat 20,Feat 21,filename,subject,emotion,priming,true_label,predicted_label,error_count
-0.2795916331260182,-0.0349258331445879,-0.161437213058631,0.2185791883033087,0.2120329034190277,0.0200941988840864,-0.0825959049928789,0.2280522224216456,-0.2227492546907738,0.0152051482458311,0.1270868845394004,0.2027636404491145,-0.1129565091650138,0.1563807896701884,-0.0371541026602006,-0.1905296092290781,-0.2571464910500275,-0.1418866890423211,-0.0701900752573709,-0.0716777271601873,-0.0048558287304181,./emotion-fmri-neu/cp020_beta_anger_neutral_c0.nii.gz,20,anger,neutral,anger,fear,1
-0.1439485969996246,-0.0261030698990595,-0.0361832571449646,-0.0771324274058818,0.1622116784260872,-0.1794899492341478,0.2156888103637128,0.3068562118710712,0.3995262471018966,-0.0387963814331745,-0.0715735702734776,-0.0542396263566393,-0.1172476544642762,0.292763247579775,-0.0965659798566632,-0.1833079960194736,-0.0851245429735728,-0.1476811022797437,-0.0353256502571869,0.2109964957098711,0.3154391926397003,./emotion-fmri-neu/cp020_beta_fear_neutral_c0.nii.gz,20,fear,neutral,fear,anger,1
-0.1433926308426906,-0.0340683700850973,0.0238168315270837,-0.0448826107076673,-0.0006569249735615,-0.0741888186065745,0.0919988679459665,-0.0774329799744666,0.0626784643916626,0.0260422310331705,0.0008515155719228,-0.0893925698678888,-0.0256444230074923,-0.1354102158600487,0.0082447501057805,-0.0394908242091819,0.0068136190748684,0.1456170818490564,-0.0494997540204917,0.0746305161522301,0.0662100721953577,./emotion-fmri-neu/cp008_beta_anger_neutral_c0.nii.gz,8,anger,neutral,anger,disgust,1
-0.1341515529909322,0.0202030393125252,0.0541503712362241,-0.0603657530701676,-0.0921315615506041,-0.0382306481001755,0.1173110200255146,0.0020705426391145,-0.0207519081293531,0.0100537390652283,-0.0283553357978201,-0.0475809555578677,0.1028556762714405,-0.0496237985630623,0.0207977696148107,0.0795320873340052,0.0080861172172379,0.0508262794577928,-0.0563451926465446,0.1347698188197465,0.0009105039224109,./emotion-fmri-neu/cp007_beta_disgust_congruent_c0.nii.gz,7,disgust,congruent,disgust,fear,1
-0.1136306839253687,-0.0150007942075331,-0.0480190646555003,-0.0926170517361163,0.1234224727448268,0.0661722405538233,0.0735279867914348,0.0712924877758339,-0.2310292115735268,0.0684412338083379,0.0962211401876459,-0.1768559426964404,0.1596749184866522,0.0833442974586611,0.0179165413183528,0.1352355440032265,-0.148664711322806,0.00865515306941,0.0145758082817325,0.0077317829277867,0.1394749419381794,./emotion-fmri-neu/cp004_beta_disgust_congruent_c0.nii.gz,4,disgust,congruent,disgust,anger,1
-0.1097693606546901,0.0041028747563177,0.1111148464290785,0.0308667313752239,-0.0153628624565045,0.0109629359883963,-0.0379358023208346,-0.0232155750452801,0.0078294746061868,-0.1135575077393673,0.0131787941400062,-0.0413733485190274,0.0282400079207443,0.0254410301520694,-0.0624347874590933,-0.0528181190860925,0.1267256356027404,-0.0580131806413779,0.0248326335997867,0.0046031305232457,0.0101283684017096,./emotion-fmri-neu/cp011_beta_disgust_congruent_c0.nii.gz,11,disgust,congruent,disgust,fear,1
-0.1076168639376322,0.0147014009790125,-0.0696912055629537,0.0489552379958158,-0.0314119793726309,-0.2646966654659837,-0.0429315394402149,0.0111644633979187,-0.0376776593697805,0.0501054996071354,-0.0640528313133677,0.0394258695798435,0.043122178769498,-0.0944146970790047,-0.0519084364084319,-0.0082881359286495,0.0514591268097621,-0.0678565745752056,0.0559286742242836,-0.0953425265498559,0.0010698562583188,./emotion-fmri-neu/cp030_beta_fear_incongruent_c0.nii.gz,30,fear,incongruent,fear,disgust,1
-0.1052666509557867,0.0090863593381657,-0.054882543043176,0.0049768337946409,-0.0630947978169302,-0.1928950841165834,-0.0077923442571703,0.0770921927523387,-0.1028644551990192,0.046364260631114,-0.1189893819958398,0.023837599677096,0.0873926553760557,-0.1179599506387914,-0.0567644528250974,-0.0181086422168713,0.0281246393362621,-0.0632009593436927,0.0561067271730626,-0.1222240165162936,0.0759411019422226,./emotion-fmri-neu/cp030_beta_fear_congruent_c0.nii.gz,30,fear,congruent,fear,disgust,1
-0.1034215192556725,0.0561684332281925,0.0366763792622564,0.0069918013574744,0.0145309046850699,0.019070529947299,-0.0683614373434735,-0.002789239224891,-0.0015817714587123,0.0075062128399599,0.0110155380177473,-0.0431146319368573,-0.0133835238652746,-0.0140028224613428,0.0704964851051354,0.0599512251547137,-0.0177133992560584,-0.0018640524579473,-0.0620930575475928,0.1082747983824329,-0.0565294212619019,./emotion-fmri-neu/cp021_beta_disgust_neutral_c0.nii.gz,21,disgust,neutral,disgust,anger,1
-0.1033785509240771,-0.0202014635716056,0.0973665540989044,0.0858782703938063,0.0261309278633473,-0.0287506318627792,-0.046236842512337,-0.0971623619278508,0.020339645544338,-0.0699187370437848,0.0473707836686336,-0.0644867206477637,0.0541604035413527,-0.0134330201780375,-0.0869515523070959,-0.0311420187979515,0.0387916242038,-0.0303102119782954,0.025779618126455,0.0060658737363572,0.0274277132614289,./emotion-fmri-neu/cp011_beta_anger_incongruent_c0.nii.gz,11,anger,incongruent,anger,fear,1
-0.0965330238062535,-0.091889690251451,-0.0766206539640007,0.1033441026412384,0.135824571249439,-0.1101593694360938,0.0678910918366463,0.1145047797979622,0.0703855913681206,0.1109028504684483,0.1566652916672861,0.1043631450579261,-0.121245708535351,-0.0085168820933513,-0.0042009474427394,0.0110533043844631,0.0936942647068797,-0.0839249749818076,-0.0595693356638853,0.0479371001798737,-0.1263248100154185,./emotion-fmri-neu/cp020_beta_disgust_incongruent_c0.nii.gz,20,disgust,incongruent,disgust,fear,1
-0.0948525015933626,0.0031839089202971,-0.0062508813918772,-0.0353971634613873,-0.0832310199519031,0.0048317249361166,0.074762364329479,-0.0004054579040314,0.003330369774035,0.0466278805826573,0.0126734793889377,0.0152656057535751,0.0788396146759178,-0.0584154695282675,0.1095621331996259,0.0319405138062806,-0.0647767035301484,0.0820214671496586,0.0059446888158656,0.1833659146818715,-0.102041252234007,./emotion-fmri-neu/cp007_beta_fear_neutral_c0.nii.gz,7,fear,neutral,fear,anger,1
-0.0940657702653293,-0.0216639073016405,-0.0314408690433604,0.0193422394496966,-0.0018306220604973,0.0882040097950191,0.0102477669760621,0.0317402531129799,-0.1877121306815042,0.0233098605317757,0.0301534417664363,-0.2044515828776651,0.183894902762208,0.1185973620608561,0.0382519763524025,0.1251105379977294,-0.0636820717930007,0.0372813175350124,-0.1485981311853225,-0.0260187978238472,0.1741253091119975,./emotion-fmri-neu/cp004_beta_fear_congruent_c0.nii.gz,4,fear,congruent,fear,anger,1
-0.0874037054740562,0.0144272555052864,0.2799412865362605,0.2670556924088533,-0.1581673332067116,0.034323085433677,0.2825553288742657,0.104917966930968,0.0723151879049751,0.1321297496598892,-0.0185157733996361,0.1785422548457362,0.0039501944027998,0.0672825825463275,0.0638331365590921,-0.0280541187433231,0.2882299665073811,-0.0232363643098185,0.0093442897096113,0.0161206313067898,0.0974827569519944,./emotion-fmri-neu/cp020_beta_fear_incongruent_c0.nii.gz,20,fear,incongruent,fear,disgust,1
-0.0873580630652828,-0.0444616846623322,-0.0279140672547937,-0.0575206686272902,-0.0776990275395745,-0.01538200185962,0.09552281819128,-0.0753830302165588,-0.0207331675616277,0.0147057616088735,0.0238092661096048,0.0111796593887031,0.040204750544474,-0.0034646094041146,0.0171280844212009,-0.0314453710399273,-0.0822913617961832,-0.0210647576405769,0.0406428927014358,0.0466543393457464,-0.0441309930074209,./emotion-fmri-neu/cp016_beta_disgust_congruent_c0.nii.gz,16,disgust,congruent,disgust,fear,1
-0.0795444597443323,0.0240738796411173,0.0484636400014677,0.0705915770058894,0.0549799322890222,0.0569790314551093,-0.063868389933245,-0.0138192141380598,-3.808629024368293e-06,-0.0064467680426009,-0.0311161914718902,-0.0545453219909257,-0.0642243021616288,-0.0544920001655997,0.0696788309850325,0.0090358369240164,0.0417502105778466,-0.01720212252042,0.0437797591879187,0.093250009908835,-0.0406417156103396,./emotion-fmri-neu/cp021_beta_anger_neutral_c0.nii.gz,21,anger,neutral,anger,disgust,1
-0.0767235175736131,0.0389601111406675,0.0941120487124557,-0.0208126593471353,0.0383850278391894,-0.0261230835052655,-0.0283866183342252,-0.0077884800893503,0.0336245421312669,-0.0819453049753534,0.0147268475963106,-0.0479900323850064,-0.0357874347223378,0.0525586188649808,0.039765058376255,0.0652600823482404,0.0450347041593661,-0.0897863954444356,0.0440006849452071,0.0248932397487847,-0.1051693463677945,./emotion-fmri-neu/cp021_beta_anger_congruent_c0.nii.gz,21,anger,congruent,anger,fear,1
-0.0735963080204664,-0.0638034464524134,-0.1116775119360772,0.0318163749582695,-0.0862088952232249,-0.1703833774566554,-0.1190797302971317,0.0130886547130605,0.1006138767800849,0.0787715327193666,-0.0223610127857498,0.0166472416663577,0.0681476268689654,-0.1390571293553541,0.0162611844286196,-0.0211483668245151,0.0470820072801578,-0.0470013295903334,0.1019202567271833,0.0179017350808741,-0.0507363224224338,./emotion-fmri-neu/cp030_beta_fear_neutral_c0.nii.gz,30,fear,neutral,fear,disgust,1
-0.0726203879218983,-0.0886334491069985,-0.0328001840995129,-0.0168857902357352,-0.0152491160224378,0.0374955875039292,0.0352604361033835,-0.1005734003857565,0.0463632136591404,0.0116739992056553,0.0129804857361187,0.0023939390735954,0.0485668240749814,-0.0033682439250221,-0.034514422772302,-0.0183837044647827,-0.0245010317784988,-0.0033423495085608,0.054405003855708,0.0184397302041127,-0.0129924041743264,./emotion-fmri-neu/cp016_beta_anger_incongruent_c0.nii.gz,16,anger,incongruent,anger,disgust,1
-0.0710655916793026,0.0135590524374995,-0.02997415729873,-0.013157803738007,-0.0301805663021402,-0.0070653544525476,-0.0632475567285829,0.0320487652182096,-0.0176865079099128,-0.0189286062291252,0.0058243504942119,0.0479835191067734,-0.0503850774895103,0.002736006739964,0.002330201545129,0.0229317952200223,0.0401289108495231,0.0661159337591997,-0.0843708489261281,-0.0019415669228626,-0.0194028361598534,./emotion-fmri-neu/cp012_beta_fear_incongruent_c0.nii.gz,12,fear,incongruent,fear,disgust,1
-0.0652704668893475,-0.0895300617422709,-0.0595391041007447,-0.0558711024480779,-0.0041820687850895,0.0568567431855245,0.0410293089134899,-0.0871325904992134,0.0743675102185518,0.0028608194755174,0.0102668426579333,-0.0110822075011252,0.0160227966505232,0.0001362408424737,-0.0207512188022619,-0.0337625924721323,-0.0292818779035662,-0.0026496528770042,0.0412110329228912,0.0046603573092776,-0.056777787688522,./emotion-fmri-neu/cp016_beta_disgust_neutral_c0.nii.gz,16,disgust,neutral,disgust,fear,1
-0.0642961874420351,0.0818768628301623,-0.0233229869225732,-0.0157597709824193,0.0130676529486337,-0.0820303937916764,-0.0317878530754076,-0.0948972970602078,0.0645309452361925,0.066945926201264,-0.0490882552963902,0.1235608893380216,-0.0096047160361428,0.1205025889459251,0.0073475955054596,0.1641046191593478,-0.0776979140727855,0.0571787870043794,0.0936944020980481,-0.0456269400883285,-0.0029633484884235,./emotion-fmri-neu/cp028_beta_fear_incongruent_c0.nii.gz,28,fear,incongruent,fear,disgust,1
-0.0639544504578469,-0.0720054588201276,0.0220342416352648,-0.0507999658629476,0.0727179926688611,-0.035334974264985,-0.0150172091355424,-0.0870645010050649,-0.0463291663547595,-0.0950534856185589,-0.0203745891678759,-0.0161329994772623,0.0027486735441679,0.0565317193573543,-0.0990656048581882,-0.0605818004629127,-0.0199451827424928,0.0440290010148484,0.0738479146435184,-0.0310275937202002,-0.0735211255439683,./emotion-fmri-neu/cp012_beta_fear_congruent_c0.nii.gz,12,fear,congruent,fear,anger,1
-0.0615205323074634,-0.0447431788510498,-0.00726353031951,0.0317196557815424,0.0338224261836705,0.1106557330129381,-0.0950146228445339,0.0567919036957852,0.0110896761923316,0.1166647217458361,-0.0145278037613263,-0.1209779212446365,0.2781335358102763,0.2160224362146144,0.1268449864043861,-0.0128290428914315,0.1260283478690008,-0.0905448440784851,0.0361174717228547,0.0688070619530493,0.0161521182109025,./emotion-fmri-neu/cp004_beta_fear_neutral_c0.nii.gz,4,fear,neutral,fear,disgust,1
-0.061002467089735,-0.0196761373144005,-0.0144188511416951,0.0112904720811283,-0.0347505259547589,0.0458836245593049,0.0037393483489797,-0.026137803639154,0.0354320324515039,-0.0357945783500422,-0.022878992762038,-0.0032366039975284,-0.0198566127972417,0.0010196159245588,0.0788219925248245,0.0290994693673835,-0.0252327036641154,-0.0228182945747092,0.0050569411745166,-0.0161704569331439,-0.0556008999860537,./emotion-fmri-neu/cp006_beta_disgust_congruent_c0.nii.gz,6,disgust,congruent,disgust,fear,1
-0.0597200904201822,-0.0300547068002774,0.0107530119632643,0.0124714491333765,0.0054861394299835,0.026571436346431,0.0086847729871862,-0.012092147504369,0.0083087894525301,-0.0524321889097289,0.0091918486638069,-0.0337266324752244,-0.0303261628512867,0.0300886400336601,0.052132280099573,0.0533810533656014,-0.0033077125783093,-0.0491946813572718,-0.0270972638521156,-0.0849719258257946,-0.0398603525774065,./emotion-fmri-neu/cp006_beta_anger_congruent_c0.nii.gz,6,anger,congruent,anger,fear,1
-0.0588510619180414,-0.0170532760143891,0.0091331801252469,0.018407120733244,-0.0105692419729482,0.0342383038982206,-0.0184842427770545,-0.0021573160239393,0.0439761649668504,-0.0773818042383081,-0.0191683568729625,-0.0227193287618826,-0.0122910607474126,0.0295982194197835,0.0549063888248807,0.0031783492752677,-0.0172737460831026,-0.0293267659950219,-0.0230306011046507,-0.0815690629264178,-0.0192041560811343,./emotion-fmri-neu/cp006_beta_disgust_incongruent_c0.nii.gz,6,disgust,incongruent,disgust,fear,1
-0.0584616773374284,0.0474980569997439,-0.0233620509091754,0.0040432622417533,0.0152214848289722,-0.108462498041978,-0.0222549852382724,-0.0955666827911732,0.0325194028094216,0.0790719528977861,-0.0329914020957994,0.0923822639255196,0.0234010871217199,0.101992027619594,-0.0066097681505774,0.1011295698427775,-0.087713331770813,0.0559746369956636,0.0485612136454895,-0.0527543015615825,-0.0051077414483517,./emotion-fmri-neu/cp028_beta_anger_neutral_c0.nii.gz,28,anger,neutral,anger,disgust,1
-0.0553508873244217,-0.0407833142271327,-0.0752128757421359,-0.0325906788426356,-0.0016486036708563,0.0523853714373338,-0.098805668521267,0.0253827603011761,-0.0267788570672155,-0.032182595562219,-0.0323689889474924,0.0784583844075435,-0.0573756327691591,0.0257163442019358,0.0119445320991766,-0.012742202570326,0.0617525193045508,0.0470585403691935,-0.0810248974903223,-0.047939635060462,-0.0534813142111345,./emotion-fmri-neu/cp012_beta_anger_congruent_c0.nii.gz,12,anger,congruent,anger,fear,1
-0.0539280241767116,0.0481500059523572,0.0647585600070699,-0.0835289204876024,0.0011047780685573,0.0020203526677281,0.0132665721908238,0.0289185655016391,-0.0026529690704617,-0.0402377321510693,-0.0090665039361409,-0.0069230962065028,-0.002810415517711,-0.05498623426939,0.0645900334390292,-0.0395066965383926,0.0141138238787306,-0.0115463006725905,-0.0137290246985549,-0.083555240161863,0.0510899310344983,./emotion-fmri-neu/cp014_beta_disgust_incongruent_c0.nii.gz,14,disgust,incongruent,disgust,fear,1
-0.0523047827520033,-0.0400944937859705,-0.0262987772695895,-0.0227158834839725,-0.0111731425886018,0.0312010111288441,0.0785010106032532,-0.0023490747540906,-0.0312788230281213,0.0121780948703704,0.0189419273922085,-0.0616090872051833,-0.0585129439154515,-0.0539640180570762,-0.032572115740091,0.0655525236317391,0.0149887893789482,-0.11443726820987,-0.056889578122494,0.0115549735875641,-0.0675369355690376,./emotion-fmri-neu/cp003_beta_anger_congruent_c0.nii.gz,3,anger,congruent,anger,fear,1
-0.0519189962724925,-0.0068637198640326,0.1127047147950455,0.091859960026141,0.0342292353804822,-0.0434548836141279,-0.0638980195499594,-0.0867929384882152,0.0315329903056326,-0.0570922421959197,0.0359736543126641,-0.0561957174559237,0.0516283134417474,0.0161740457585387,-0.060261912252306,-0.0357761296647975,0.0369299382005605,-0.0017985641732071,0.0230501746212827,0.0189441148292227,0.0397139396279809,./emotion-fmri-neu/cp011_beta_disgust_incongruent_c0.nii.gz,11,disgust,incongruent,disgust,fear,1
-0.0499939141914759,0.027144018787751,-0.0109090675461503,-0.1114034913888851,0.0221992451108189,-0.0276511144728472,0.0210034923266728,0.0318775527674101,0.0164391352961882,-0.0130917418653878,0.0237352860383388,0.0225592213187694,-0.0251148597767598,-0.0704934879853673,0.0234101341022384,-0.0584053302453377,0.0375153093370308,0.1076919317165624,-0.0566052273110142,-0.077309634537851,-0.0048808209942874,./emotion-fmri-neu/cp014_beta_fear_neutral_c0.nii.gz,14,fear,neutral,fear,disgust,1
-0.0492118497458997,0.0193140199588792,0.066399327884821,-0.1063759156501998,0.039783461471023,0.0320768175496768,0.0342703594280048,0.0370772213535283,0.0112269428020418,0.0025972904493169,0.0079748499760851,-0.009790152424016,-0.0554721641911318,-0.0344968770789598,0.0582219294230492,-0.0105848743757416,0.0108903939026238,-0.0362836437634812,-0.0011783302032444,-0.0775196196468404,0.0081484462118683,./emotion-fmri-neu/cp014_beta_anger_congruent_c0.nii.gz,14,anger,congruent,anger,fear,1
-0.0480178142949998,0.0302430689552264,-0.0579729829470795,-0.016433482088399,-0.0393760308184188,-0.1337420682384839,-0.0404593970730909,-0.1102558594667072,0.023431416250359,0.0963658477235761,0.0097155272265726,0.0636097927430372,-0.0244476697631403,0.1158548649387754,0.0119455585300109,0.1018166682210781,-0.0707938012210767,0.0188867625588261,0.0798647666195155,-0.0719756324551114,-0.0076478081765346,./emotion-fmri-neu/cp028_beta_fear_neutral_c0.nii.gz,28,fear,neutral,fear,disgust,1
-0.0476837974877493,-0.021497620073165,-0.0112031609753781,0.0180972101511661,-0.0155129463025231,0.0492040683363686,-0.0187561978986297,0.0105526398619483,0.0282114410600211,-0.0567913290588145,-0.0070371829052396,0.001217346589387,-0.0229417433350441,0.0488453218630785,0.0589134061475031,0.0012326684907011,-0.0210726593712269,-0.0085753231485897,-0.0106958414285658,-0.0822622109688224,-0.0282305453562161,./emotion-fmri-neu/cp006_beta_anger_incongruent_c0.nii.gz,6,anger,incongruent,anger,fear,1
-0.0464039235193014,0.1167011375021122,0.1247555091873205,0.0057465895308706,0.0672190875756738,-0.0277677529145269,-0.0540332138929222,-0.0011892544058117,0.0335982263906558,-0.0532699613126764,0.0179469189635998,-0.0693815004613944,-0.0755908813532227,0.0199595780221877,0.0957831063972483,0.1131209022985743,0.0340975013123963,-0.0717211703716841,0.0725004113305529,0.0436574684017437,-0.0429638743577834,./emotion-fmri-neu/cp021_beta_anger_incongruent_c0.nii.gz,21,anger,incongruent,anger,fear,1
-0.044414106136684,0.0210987942323961,0.0483226999011574,-0.0846879714516694,-0.0091562938285449,0.010297438803605,0.0101972585903198,0.0329129684351983,0.001975688878065,-0.0039316797542673,0.0131060022137822,0.0110064722199719,-0.014372242111241,-0.057356977174717,0.0807781276896069,-0.0463259290635333,-0.0077174141116986,-0.0102481623505592,-0.0200952081215111,-0.036042729862298,0.0159945446340659,./emotion-fmri-neu/cp014_beta_anger_incongruent_c0.nii.gz,14,anger,incongruent,anger,fear,1
-0.0436179429397538,-0.0533777072549193,0.0029512612966412,0.0664650751893654,-0.043744931271874,0.0573514344140519,-0.0155170660200444,3.684082026420184e-05,-0.0005858638619463,0.0006802128828671,-0.0059577451059628,-0.0037554692507264,-0.0164907110555611,-0.0758271001000521,0.0162912648851413,0.0430712672887502,-0.0001776229020191,-0.0571713758702041,-0.0268261438633005,-0.0002307001175181,-0.0227864236817719,./emotion-fmri-neu/cp003_beta_anger_neutral_c0.nii.gz,3,anger,neutral,anger,disgust,1
-0.0424156710314851,0.0416476230398192,0.0403626466802551,0.0602393090022384,0.0475119386908173,0.0729476522153726,-0.0426543008529863,0.0647384837267868,0.0812752441853692,-0.0379764553779983,0.0378985064406066,0.0451712912439366,0.1152042018511173,-0.151257771638438,0.0235664537053948,0.085224718266137,-0.1046554219230355,0.0137975838795962,-0.074793670958057,0.0202449591056567,-0.0278394452929885,./emotion-fmri-neu/cp024_beta_fear_neutral_c0.nii.gz,24,fear,neutral,fear,disgust,1
-0.0414695691850848,0.0027328592129044,-0.0968597507612839,0.0003043492301474,-0.0754898555714046,0.0546730136927347,-0.0105429363523245,0.0382341034826517,-0.0530877106661807,0.0018427572942564,-0.0054353423162191,0.0625915253107176,-0.0370342857988249,-0.0401483897059252,0.0638310418074037,-0.0207241161223387,-0.0265578457432275,0.0545165818930766,-0.0642072056351886,0.021769383828624,-0.0002331211244766,./emotion-fmri-neu/cp012_beta_disgust_neutral_c0.nii.gz,12,disgust,neutral,disgust,fear,1
-0.0409450755936894,-0.0817508703513709,-0.0496073011391413,-0.0621944132751205,-0.0711772473107032,0.0175786398930915,0.1003255281622385,-0.0988651836597119,0.022186678974885,-0.0265754075695256,0.0229789588558377,0.001026683884356,0.0399748994394486,0.004735357210189,-0.0154540389229109,-0.0339371748059188,-0.0770371708821068,0.0053691304226967,0.0403395228454215,0.0403996497746205,-0.043280853614366,./emotion-fmri-neu/cp016_beta_anger_neutral_c0.nii.gz,16,anger,neutral,anger,fear,1
-0.0401650039972274,-0.0081481476317515,-0.0227480659083804,-0.0517773674811085,-0.0363542175280814,-0.0486695160981292,0.0735842595028818,-0.0136278774067138,0.0291640797044886,0.0148486680590408,0.0008861850851754,-0.0102513210808466,0.047756586701429,-0.0496260605323792,0.0397434610042671,0.060458081726741,-0.0318215376659669,0.0402046443035093,-0.0231451214317021,0.1006171182635067,-0.0622592886597867,./emotion-fmri-neu/cp007_beta_disgust_incongruent_c0.nii.gz,7,disgust,incongruent,disgust,anger,1
-0.0399708922195006,-0.0624025638184671,-0.0256680586234836,-0.0356376703288584,-0.057290493189544,0.0528712305672385,0.0165492490370332,-0.0691023980596999,0.003343759256419,0.0141602416332187,0.0310445617305594,0.0253823413163484,0.0194223743561256,-0.003498354297912,0.0042681003766039,-0.0299253634207648,-0.0063129391572428,-0.0127478526316304,0.0844523374932578,0.0529296927363802,-0.007641520286536,./emotion-fmri-neu/cp016_beta_anger_congruent_c0.nii.gz,16,anger,congruent,anger,fear,1
-0.0391637006300217,-0.0262857018583231,-0.0048498979824017,0.0257762953629085,-0.010107158216374,-0.0016813115185707,-0.0089196921915793,-0.0030761235920887,0.0141140197374148,-0.0325325021940311,0.0127389321112792,-0.0389780313895198,-0.0222347951284049,-0.043391408654728,-0.0217358832893006,0.0581871514869357,0.0208271495012121,-0.0543599186542062,-0.0345355011505959,-0.0054919594588252,-0.0239070296055152,./emotion-fmri-neu/cp003_beta_anger_incongruent_c0.nii.gz,3,anger,incongruent,anger,fear,1
-0.0389261185105931,0.0221533126433284,-0.0196411835512842,0.0210066997732719,-0.0948703650250794,0.0350630189235791,-0.0097925720762049,0.0531235243738498,-0.0395431297064943,-0.0298041929406834,-0.0793944669097489,-0.0056472314039623,-0.0473962989968362,0.0575960721883726,0.0054605728489723,0.0132781206426432,0.0245844481408645,0.026771864467147,0.0018312768790017,-0.016676370347139,0.1031861050514188,./emotion-fmri-neu/cp026_beta_anger_congruent_c0.nii.gz,26,anger,congruent,anger,disgust,1
-0.0377094542491049,0.1228104065908075,0.1083335304930594,-0.0017893304301455,0.0659144164870134,-0.0657427663409106,-0.0562832639821713,-0.0208098260531775,0.0270283083548543,-0.0758560033377739,-0.0099358860393386,-0.1061778853462,-0.0198137216875315,0.0605051833780712,0.0786757047427017,0.0850897560958661,-0.0172432137874122,-0.0661458006450938,0.0390045242118085,0.0397546421347773,-0.0171378666466914,./emotion-fmri-neu/cp021_beta_disgust_incongruent_c0.nii.gz,21,disgust,incongruent,disgust,fear,1
-0.0373068457924937,0.0313133084759706,0.0166019928197051,-0.1727470072556692,0.0361185637904975,0.0172527092193331,0.056336466878973,0.0335127221076657,0.0715824349690188,-0.0281079699931949,-0.0188939254647391,-0.0057787924173815,-0.0277499619083334,-0.0604824114866528,0.0409467168011698,-0.0510021497030515,-0.0057744657233274,0.0018997367188856,-0.0070805885032309,-0.0844434124046152,0.053128589388091,./emotion-fmri-neu/cp014_beta_disgust_neutral_c0.nii.gz,14,disgust,neutral,disgust,fear,1
-0.0360788445252216,-0.0091048434771772,0.0565189557872315,0.0640054463236808,0.0561035858703799,-0.0274165010742073,-0.0754918279325118,-0.0290207027834566,-0.0005636937219921,-0.0057173330445128,-0.0259260873128333,-0.0294847074064757,-0.0896168838974732,-0.0128968119743115,0.0531007285044028,-0.0392497363421863,0.0441792135353764,0.0476495822911975,0.0312759323513466,-0.0537687016584,0.0034782536841094,./emotion-fmri-neu/cp001_beta_disgust_incongruent_c0.nii.gz,1,disgust,incongruent,disgust,anger,1
-0.0356361102397138,0.0187966268319994,-0.0837635785993431,0.0079999789600792,-0.0474340606465934,-0.2107181896945545,-0.0604071812378365,0.0540900065701708,-0.0288402843229057,0.0155594898849327,-0.0814096484319869,0.0168127442063172,0.065085666744841,-0.086408872061864,-0.0164256731247863,-0.029861112469901,0.037791811502614,-0.1059187299901341,0.0918394396529341,-0.0545928323760068,0.0192997630164291,./emotion-fmri-neu/cp030_beta_anger_incongruent_c0.nii.gz,30,anger,incongruent,anger,disgust,1
-0.0354988656500369,-0.024150953505334,-0.0345384385250424,-0.0624546668275482,0.021156407667397,-0.0124195255124167,0.0601265922804769,0.0035127437071249,0.0220306186034812,-0.0091243409888687,-0.0021850207158653,-0.0183956550482727,-0.0133252373945723,-0.0449237343169232,-0.0119833589323998,0.0371104832859508,-0.0028670337854867,0.07123205005077,-0.0072044300160068,0.0027897195388054,-0.0284157871762496,./emotion-fmri-neu/cp007_beta_anger_neutral_c0.nii.gz,7,anger,neutral,anger,disgust,1
-0.0353534721601296,-0.0351482452913347,-0.0226263850501488,-0.0340828505179852,0.012981969810481,0.0489228317724476,0.033952203214872,0.0030756089427741,0.0176516028503919,-0.0204218178377781,-0.0168741310880292,-0.0146687729297602,-0.0350982764466644,-0.020122139055757,-0.0411388535012792,-0.0331301250552768,-0.000966684431805,0.0314554790593524,0.0767827770631605,0.0220503816317288,-0.0561578545757893,./emotion-fmri-neu/cp015_beta_anger_incongruent_c0.nii.gz,15,anger,incongruent,anger,disgust,1
-0.0353000405307152,-0.0086132849087086,0.0052070418751133,-0.0693404702294279,-0.0414879482761863,-0.0134238983691585,0.0620782801488323,0.016326761317403,0.0049720523213145,-0.0048730838125215,0.0116651949949239,-0.0037712449323569,-0.0047714820534765,-0.0393898048443991,0.0386865302670635,0.0345554411573353,-0.0020624380991497,0.0228547842802263,-0.0262266581053162,0.0304771063456938,-0.0530751132642025,./emotion-fmri-neu/cp007_beta_fear_incongruent_c0.nii.gz,7,fear,incongruent,fear,disgust,1
-0.0318159088828617,0.1134697531180624,0.1412359036946103,0.0333939568544533,0.0308564640956252,-0.0104876225279473,-0.0646669815714127,0.0119472953210505,0.0412700641272751,-0.0413598227044734,0.0023779279291808,-0.0659111377604559,-0.0789309625000008,0.0128684936309452,0.1558588822195603,0.0726365148478638,0.00845008046347,-0.0888544791669767,0.0533440178064324,0.0590232233806835,-0.0460508231588022,./emotion-fmri-neu/cp021_beta_fear_incongruent_c0.nii.gz,21,fear,incongruent,fear,disgust,1
-0.0317957378827427,0.0180699528955917,0.0386159286767858,0.0394390260408958,0.0270028811283188,-0.0339877993057217,-0.0316182517688304,0.0085537605161561,-0.0124999405013452,0.0050103809154341,-0.0144606573204102,-0.0181581519795009,-0.0715784708573431,-0.0372383128867974,0.0438603434427652,-0.039164889137569,0.0212162051133008,0.0706490153548602,0.0258640945648021,0.0339584804838292,0.0995537148304293,./emotion-fmri-neu/cp008_beta_anger_incongruent_c0.nii.gz,8,anger,incongruent,anger,disgust,1
-0.0316453501355506,-0.0335808186785381,0.012242225597263,0.0099353929643027,-0.0409540958217378,-0.0186414609047872,0.0157823085790034,-0.0643263071982765,-0.0351653021040783,-0.0154274742256052,-0.0182130170373319,-0.0101875229595665,0.0377000695687037,0.0192793776908026,-0.0151640205712538,-0.0045092788448327,-0.0478979208474256,-0.006665373451884,-0.020271387445455,-0.0368209501658445,0.0388660058330346,./emotion-fmri-neu/cp019_beta_disgust_incongruent_c0.nii.gz,19,disgust,incongruent,disgust,fear,1
-0.0278595446012626,-0.0367713020041002,-0.0487050071324368,-0.0995943614083457,0.0109729446458028,-0.0009448107748692,-0.004190361518946,-0.0152968897169201,-0.0402233829382039,-0.0561913247335486,-0.0394047079219993,-0.0081260201214173,-0.0317318540382867,0.0417190447720609,-0.0645497547579759,-0.0492727938690493,-0.0240339662811968,0.0083912557142642,-0.0374449745362558,-0.0593075831692101,-0.0197728507083267,./emotion-fmri-neu/cp012_beta_disgust_congruent_c0.nii.gz,12,disgust,congruent,disgust,anger,1
-0.0273749886354521,-0.0072739400594745,-0.0187599205478595,-0.0553725952116721,-0.0691924178535516,-0.0185886493885329,0.0098357857822187,-0.0648167622202222,-0.0264659205879522,-0.0566603421137866,-0.0227470426600079,-0.0023600165297182,0.0439748862567705,-0.0085908245173765,0.0030191481722366,-0.1299992508781195,-0.0119514627680628,-0.0035660294817696,-0.0298189122040669,-0.0010925162383312,0.008170257205049,./emotion-fmri-neu/cp011_beta_fear_neutral_c0.nii.gz,11,fear,neutral,fear,anger,1
-0.0268614532439537,0.0327479763430152,-0.0378647815976721,0.0229303728418932,-0.0330501554494007,0.0812188078370692,0.0043277236282671,0.1224370172188187,-0.0737391302624306,-0.0227241681340674,-0.0801549397334076,0.0494957809855509,-0.111588203425045,0.0238484500923944,0.0557604533503512,0.0401854126400844,0.0535179269118656,0.0870410271670283,0.0446389836585915,-0.0382556813532161,0.0596926573674392,./emotion-fmri-neu/cp026_beta_disgust_congruent_c0.nii.gz,26,disgust,congruent,disgust,fear,1
-0.0261623996592981,0.0310764169470006,-0.0117633902435752,0.0477391793507303,-0.057815942678682,0.058198470009193,-0.0299075413701938,0.0702547913053786,-0.0188273699302698,-0.0211867877757796,-0.0644679612426021,0.0181404983622719,-0.083690030448818,0.0567638816601634,0.0444960957087984,0.0388478932546857,0.0239767950306738,0.0404226177764509,-0.0027858296433427,-0.0448441759772824,0.0938401241663619,./emotion-fmri-neu/cp026_beta_disgust_incongruent_c0.nii.gz,26,disgust,incongruent,disgust,fear,1
-0.026032809113932,-0.0506180845883175,0.0315613158505541,0.0252741285784252,-0.0283505055761294,0.0039663486437293,-0.0068666872216091,-0.0942352717737287,0.0205231192841752,0.0052581122660071,-0.0172478072054225,-0.0027844304645649,0.030943716607927,0.0292628467091879,-0.0147907704673073,-0.0228040846630109,-0.0198696141114506,0.0083913816563206,-0.0332085960591699,-0.0539775922426201,0.0032599841660374,./emotion-fmri-neu/cp019_beta_anger_neutral_c0.nii.gz,19,anger,neutral,anger,fear,1
-0.0250433902313023,0.0190560057481549,-0.0148186038535526,0.0322588083511979,-0.0815009873853585,0.0663561441138743,-0.0157793098797876,0.0659386937729928,-0.0232589844727306,-0.0247613803602511,-0.0611099908275938,0.013627727915535,-0.0961092578323613,0.033336014148949,0.0363271053670569,0.0526531761013834,0.0360334255748018,0.0483488358276434,-0.0108981245386631,-0.0493474781538397,0.097802717930327,./emotion-fmri-neu/cp026_beta_anger_incongruent_c0.nii.gz,26,anger,incongruent,anger,fear,1
-0.024507060351381,-0.0045008030314725,-0.0549546178596828,0.0437871303445502,-0.0916299585347135,0.0900247867715163,-0.0224921757821868,0.030123281337201,-0.0490577440009458,-0.0180173590322718,-0.0648259914193735,0.0167484978158743,-0.0733211984342777,0.0419421133605686,0.0220008447111744,-0.0145554058479661,-0.0091539692342726,0.0645677893099643,-0.0217535379284737,-0.0506720149381371,0.1218241516292865,./emotion-fmri-neu/cp026_beta_disgust_neutral_c0.nii.gz,26,disgust,neutral,disgust,fear,1
-0.0239953254992683,-0.07008624230435,0.0051863842554387,-0.0036354127487455,-0.0492778967861024,0.0009267762001355,0.0378379271622923,-0.0588819463578435,-0.0210256735200981,-0.0409172136891813,-0.0288881714811936,-0.0030380626366612,0.0378609707385917,0.0267213333064838,-0.0218985931832385,-0.0173589766442798,-0.0418842000650859,-0.0079159836822656,-0.0033597311037309,-0.0339467050002357,0.0047204164584266,./emotion-fmri-neu/cp019_beta_anger_congruent_c0.nii.gz,19,anger,congruent,anger,fear,1
-0.023846793446842,0.0402780656477831,0.0505979375214508,0.0190249929778288,-0.0069377722253271,-0.001202064329494,-0.0288919360060525,-0.0066658280583897,0.0222916104885271,-0.0209673988299012,-0.0473827165706656,-0.0077276229136907,0.0255068321612562,0.0529447170744998,0.0369067939690652,-0.0352835703526056,-0.0002223240164212,0.0990265865416977,-0.0442675251215298,-0.0375852626624242,0.0926992137572818,./emotion-fmri-neu/cp005_beta_disgust_incongruent_c0.nii.gz,5,disgust,incongruent,disgust,anger,1
-0.0224785338008011,0.0059452283326942,0.0068809122257062,-0.1644210566695651,0.0294159332821986,0.0323101576619916,0.0633208745621823,0.0665215372371056,0.0045106928135192,-0.0381704064869433,-0.0204174892908689,0.0156986023281675,-0.0247206024366066,-0.0462320520894652,0.0437309979617237,-0.0549770679995136,-0.0062091300730249,0.0309610767785057,0.0455834724162989,-0.0312123272145206,-0.061540227394836,./emotion-fmri-neu/cp014_beta_disgust_congruent_c0.nii.gz,14,disgust,congruent,disgust,fear,1
-0.0224185327348055,-0.0017785552207913,-0.0284629133480006,-0.0291958303113133,0.0890367730959947,-0.0483912739607047,0.036442338238434,-0.0307000389348836,-0.0105463420040994,0.0402726498658233,0.0203213070276161,-0.0318904377226166,-0.1300119224857897,-0.1092374057221814,0.0640444692372197,0.0401338327873168,-0.0351751655047937,0.0914158735701578,-0.0096955687223581,0.0133083228061466,0.0777366828027845,./emotion-fmri-neu/cp008_beta_fear_incongruent_c0.nii.gz,8,fear,incongruent,fear,disgust,1
-0.0221241711214121,-0.0026602908109812,-0.0483938189034386,0.0313013367485093,-0.115442896375205,0.0821915944959992,-0.0367683967259821,0.0434999648083514,-0.0121692502617249,-0.019441421758173,-0.0914340876720459,0.0011910840120867,-0.0803269421470449,0.0496254183357427,0.0507988453418324,-0.0133718884913812,-0.0240856421465538,0.0370649142681817,-0.0182690561933326,-0.045897668204659,0.1361344149083237,./emotion-fmri-neu/cp026_beta_anger_neutral_c0.nii.gz,26,anger,neutral,anger,fear,1
-0.0218290058678416,-0.0472760106431772,0.031973410931708,0.0388456934327378,-0.0246577225298791,-0.010276796528703,-0.0137936727594742,-0.1137486755491182,0.0298099895151228,-0.011662385443472,0.0079939618523675,-0.0087071496919878,0.0429137665473447,0.0317425193653608,-0.0130803450025756,-0.0260370199796609,-0.0245111867389257,-0.0040462172959208,-0.0090005776047266,-0.0174015009934482,0.0343953688380537,./emotion-fmri-neu/cp019_beta_disgust_neutral_c0.nii.gz,19,disgust,neutral,disgust,fear,1
-0.021636616204653,0.0497081189704417,0.0456822606019949,-0.0631780345954335,0.0687504263373676,0.1558618298647527,0.0391842254978729,-0.0387211281293037,-0.0855148798922677,0.0741081277082447,-0.1617409497923793,0.0818359348762648,0.0111621248900807,0.0541805674626006,-0.0799626715420791,-0.0608856798248315,0.0562959055367842,-0.0848775171560817,-0.1024350927015425,0.0061551404432878,-0.0079193276848742,./emotion-fmri-neu/cp002_beta_anger_congruent_c0.nii.gz,2,anger,congruent,anger,fear,1
-0.0202221917093903,-0.0350952411988234,0.0150954315645698,0.0593108716676857,0.0321111135327362,0.0044800059803078,-0.0765720820945991,-0.0478425217285685,-0.0022188912318083,5.3873886180586666e-05,-0.0014338513025005,0.0003969163231014,-0.0705892440888747,-0.005821101411831,0.0602368257707236,-0.0397531176736529,0.0351023629266746,0.025021798392021,0.0412380029022714,-0.0629150686708004,-0.0173452577621563,./emotion-fmri-neu/cp001_beta_fear_incongruent_c0.nii.gz,1,fear,incongruent,fear,disgust,1
-0.0195814420654435,-0.0719766026137756,-0.0264242256857463,-0.0003978547656835,-0.0241857470208276,0.0608979296189153,-0.0036950153153202,-0.0251593319225163,0.0956765875009151,-0.0325812621322526,-0.0041881278692361,-0.0151138916008534,0.0053740046595528,0.0275440670523611,0.0268660276663836,-0.0100020422158984,0.0107968973035377,0.0125987168421025,-0.0244637202141648,-0.1057532940602337,-0.037769249089038,./emotion-fmri-neu/cp006_beta_disgust_neutral_c0.nii.gz,6,disgust,neutral,disgust,fear,1
-0.0191722544938459,-0.0117440281243516,0.0137304547559489,-0.0192266651617571,0.0254512864104274,0.0128386552859523,-0.0011687776410127,-0.0320153262000211,0.0500044558487237,-0.0017759872327811,-0.0058934098758641,-0.0228063627818027,-0.0168264154558885,-0.0115870776386288,-0.0311898822262798,-0.0572287765391875,-0.0259909308138519,0.0561263653494039,0.0803896918005133,0.0245257381857826,-0.0374936599182689,./emotion-fmri-neu/cp015_beta_disgust_incongruent_c0.nii.gz,15,disgust,incongruent,disgust,anger,1
-0.0184328103304389,0.0541410215253995,-0.01375160702058,0.0014938964156378,0.0136052708813111,-0.0710337358360146,-0.0457464459071059,-0.0727547691469441,0.0100735445419533,0.0412432281930165,-0.0249144078634318,0.0945440025031108,-0.029414512251527,0.1106559800424889,-0.0034915833067378,0.1559156523395625,-0.0393405435914471,0.029320304070309,0.0694502473086116,-0.0661290844760297,-0.0016900355382782,./emotion-fmri-neu/cp028_beta_anger_incongruent_c0.nii.gz,28,anger,incongruent,anger,disgust,1
-0.0179128347198682,0.0391122377600068,0.0272705818544315,0.0182191928611927,0.106415187796726,0.0304641098961299,0.0299549799566689,-0.0711007643337691,-0.0817086947821655,0.1557404035988579,-0.1186223098606422,0.0489075252128437,-0.0308494261850843,-0.0445695604421744,0.0012855557481542,-0.011992649990588,0.0150319065086161,-0.0311238923854893,-0.1113572842498954,-0.0087388293409647,-0.0512525290980242,./emotion-fmri-neu/cp002_beta_anger_incongruent_c0.nii.gz,2,anger,incongruent,anger,fear,1
-0.0177756105296607,-0.030354657528648,-0.0372320955566124,0.0008064214205126,-0.0386755122463286,0.0512636110824398,-0.025882062829447,-0.0163640784570741,0.0464351363536434,-0.0578000432632477,-0.0414475299431088,-0.0169676461172155,0.0353964125409696,0.045905509185814,0.0342002060625398,0.0036195243050172,-0.0384581539559488,-0.0400377562772097,-0.0216904315068701,-0.0446081085699767,-0.0156054974436325,./emotion-fmri-neu/cp006_beta_anger_neutral_c0.nii.gz,6,anger,neutral,anger,fear,1
-0.0175657013053106,0.0265871917786945,0.0288505015197784,-0.0349370681017065,0.0632667248252701,0.087816770791017,0.0529390847841153,-0.0485850646188948,-0.0430550189382251,0.0860097897773563,-0.1320087427461205,0.0561803250813339,-0.0077114306834355,0.0038620194679163,-0.0516093110891415,-0.0156150486624433,0.0598908494221474,-0.0643969284701422,-0.0877929068222888,-0.0383264752973002,-0.0302152278606934,./emotion-fmri-neu/cp002_beta_disgust_congruent_c0.nii.gz,2,disgust,congruent,disgust,fear,1
-0.0162600139630356,-0.0110341500018805,-0.034118169130327,0.0522944773615802,-0.0686809354096491,0.0317933224380986,0.0344880242983709,0.0377832652206448,-0.0336363826893105,-0.0372710793729869,-0.0666503176427367,-0.016916688442856,-0.0282497990233505,0.0314986815587014,-0.0044630351489362,0.0552369547697849,0.0026394674442443,0.0282568812695782,0.022673920356109,-0.0428529624494048,0.0860665426925469,./emotion-fmri-neu/cp026_beta_fear_congruent_c0.nii.gz,26,fear,congruent,fear,disgust,1
-0.0160803954576991,-0.0270370381601322,0.0442355634460954,0.0591480040798307,-0.0046770138483446,-0.007558684132883,-0.0593169016643348,-0.0470166568364275,-0.0367914518623354,-0.0267085569091164,-0.020112435736958,-0.0047227591558362,-0.0459068870231856,0.0129935683202153,0.0555170700863751,-0.0647172751054842,0.0208542819050512,0.0168747153312908,0.03538674894233,-0.0015190239288214,-0.0328631637147961,./emotion-fmri-neu/cp001_beta_disgust_congruent_c0.nii.gz,1,disgust,congruent,disgust,anger,1
-0.0140430007082188,-0.0246935140111104,-0.0344211783417198,0.0369138706684935,0.0049159753224506,0.040149513996905,-0.005364052126485,0.0228805456823949,0.0262402612298978,0.0557055335527113,0.0145080922617023,-0.0525532276389993,-0.0162687788702992,-0.0324930433154808,-0.0595377647547486,0.1128424105892197,0.0645985432025949,0.0177718880576181,-0.0569205123643165,-0.0388751626928662,0.0670414914804921,./emotion-fmri-neu/cp027_beta_fear_incongruent_c0.nii.gz,27,fear,incongruent,fear,disgust,1
-0.0129247345025957,-0.0436227151272581,0.0197918173965022,-0.0404648000625316,0.0014251533499429,0.0229702177291439,0.0042169292234795,-0.0051469656462956,0.059227551481288,-0.0379947048101072,0.0345694766723164,-0.0263689972732775,0.0087563607723815,-0.0231102381962804,-0.0534232365343502,0.0260459432896815,0.0326366001326926,-0.0742468226309315,-0.0052829516662534,0.0095548515535966,-0.0694697363603504,./emotion-fmri-neu/cp003_beta_disgust_congruent_c0.nii.gz,3,disgust,congruent,disgust,fear,1
-0.0103092612363211,0.0562945588568524,0.0692268030678178,-0.023610505248728,-0.0962071324980471,0.0270460106207212,-0.0634072201199617,0.0837929508178287,0.0044912100654487,0.1864713969930718,0.1431071120882367,0.011633864432574,-0.0073678596878117,-0.0260352954699439,-0.0661105735268826,-0.0695264947519571,-0.0592380234392957,0.0339509269642141,-0.0509258653955289,-0.0592758281726761,-0.0531417788126044,./emotion-fmri-neu/cp013_beta_disgust_neutral_c0.nii.gz,13,disgust,neutral,disgust,fear,1
-0.0099966744144628,-0.0556431820951315,-0.0370279783705037,0.0275584882469632,0.0096856318781576,0.0659201255809429,-0.0115258338124666,-0.005323617802955,0.0147307406834698,0.0261972192133259,-0.0108708232800982,-0.0486904287219845,-0.0487873543441025,-0.0370028414657113,-0.1039199236995617,0.0076582056065138,-0.0498516458679421,0.0212723219119564,0.0364592930344214,-0.0251313277479917,-0.0215155394989023,./emotion-fmri-neu/cp015_beta_anger_neutral_c0.nii.gz,15,anger,neutral,anger,disgust,1
-0.0079896184101634,0.0690990287411348,0.0315489128102981,0.0028902190222148,0.0965280189598707,0.0349702589435293,-0.0773582474247848,0.0821306227944298,0.0860968167409116,-0.1184780280413444,-0.0114773894165509,0.0185686164824224,0.0924405621935891,-0.1308323685651054,-0.009313092668497,0.0559681787123742,-0.0670951789348497,-0.0002943797199897,-0.0762754208581737,-0.0508079946427208,-0.0184039009221854,./emotion-fmri-neu/cp024_beta_anger_incongruent_c0.nii.gz,24,anger,incongruent,anger,disgust,1
-0.0076503723799825,-0.0536666148411422,0.0387238995164176,0.0323226696968944,-0.0448392130682221,-0.0071867855378518,-0.0149384406848922,-0.0600109366789912,-0.0006593682318016,-0.0205357190274866,-0.0075493891365574,0.0049248007289313,0.0391394742163249,0.0598022662007217,0.0043710616851986,-0.0295237897744135,-0.0301846358336786,-0.0266760278980104,-0.028550076355216,-0.0303831329042561,-0.0122872152027847,./emotion-fmri-neu/cp019_beta_anger_incongruent_c0.nii.gz,19,anger,incongruent,anger,fear,1
-0.0059986682500517,-0.02421346189976,0.0209094896093192,0.038589767820676,-0.0516876282888758,-0.0153940953572349,0.0344076175259261,0.0357208155982725,-0.0835323765141547,-0.0032911093353138,-0.0125753366402035,-0.032916565465784,0.0131366938427201,0.0081214888792423,-0.1158359181064019,0.0338281143649163,-0.0299460099919964,0.053135126608027,0.1190359826571942,0.0197529091393849,-0.0248450540818403,./emotion-fmri-neu/cp029_beta_disgust_congruent_c0.nii.gz,29,disgust,congruent,disgust,fear,1
-0.0046617583130413,0.0209094981305549,0.1168044073660835,0.0045814106064485,0.0171323995753076,-0.0266235771470039,-0.0583670048854478,-0.0262451996133519,0.0493927807115159,-0.0580542203950661,-0.0075507192399867,-0.0516536239985181,-0.0568179457439292,0.0952600349573126,0.0408563223810599,0.1163855855922481,0.0377886587517749,-0.1245224550567983,0.0419291026775314,0.0346156021711517,-0.0948313154645433,./emotion-fmri-neu/cp021_beta_disgust_congruent_c0.nii.gz,21,disgust,congruent,disgust,fear,1
-0.0033582135371555,0.0077599102294071,0.0199058998940016,-0.0333258231785815,-0.039744881902955,-0.0627307869905241,-0.0045520133393724,-0.0439022875343933,-0.0524194652935592,-0.0198112020629705,0.026731153753477,0.0176693757909652,0.0183498806028438,-0.0177927600039457,0.0292696281217709,0.0078245630520811,0.0174675825718532,-0.0667205068180222,-0.0158565378688118,-0.0287708324559132,0.0686282088480478,./emotion-fmri-neu/cp022_beta_anger_incongruent_c0.nii.gz,22,anger,incongruent,anger,fear,1
-0.0021325709982569,-0.031429677492957,-0.0013597892608606,0.0043659830952182,-0.0576907155850332,-0.0182606139774774,0.0505290528211605,0.076171379701221,-0.095753994022333,-0.0196902492931967,0.0054793039496344,-0.0473722820156265,-0.0286546258666011,0.0016588421903342,-0.0774960453733117,0.035758129725228,-0.0375847163225315,0.0209340862370721,0.0804288569711541,0.0230774263129622,-0.0344828529619297,./emotion-fmri-neu/cp029_beta_anger_congruent_c0.nii.gz,29,anger,congruent,anger,fear,1
-0.0001938547198487,0.0210040280713404,0.0252902644128794,0.0164972201739956,0.0874675790583568,-0.0942694436806187,-0.0300123644979261,-0.0572802727812661,-0.1629331140978698,-0.0187692891933563,0.1506922863100846,0.0499787089034658,-0.0353549092685992,-0.0435354634489054,-0.0352958937431134,-0.0179434854554312,0.0513414256423924,0.1479226404655111,-0.0846097377945488,0.0803896996044303,-0.0084008884094262,./emotion-fmri-neu/cp025_beta_disgust_neutral_c0.nii.gz,25,disgust,neutral,disgust,anger,1
0.0006686327530385,-0.0109714130687255,0.0222388903313146,0.0438405513676694,0.0049747260692445,0.0116593044597141,0.0171832841341133,0.0377094839267828,0.0139558210719504,0.0422461889995493,-0.0015623387199394,-0.0654169334167095,-0.0337635097789707,-0.0644918723839695,-0.0413977013950749,0.0704071668514979,0.0444620944564587,0.0127954661568734,-0.0469973032323961,-0.0375825654379078,0.0831492995033202,./emotion-fmri-neu/cp027_beta_disgust_incongruent_c0.nii.gz,27,disgust,incongruent,disgust,fear,1
0.000853946310075,0.0976452196064014,0.1058204540541929,-0.0307581760688543,-0.0765078491831689,0.0073592537689311,-0.0698707781407585,0.1064357377148567,0.0254384158199011,0.1632601857444025,0.1154252363113339,-0.015942181316192,0.001428779108321,0.0287852487880848,-0.0592130877425856,-0.0289026396593751,-0.0780261085626039,-0.0073503094336741,-0.0351624061432522,-0.0504814166234905,-0.0268167150508292,./emotion-fmri-neu/cp013_beta_anger_incongruent_c0.nii.gz,13,anger,incongruent,anger,fear,1
0.0013692613804401,-0.0251171524065803,-0.0223071658748978,0.0413221729722408,0.0134620041387952,-0.0203598537243496,-0.027814720956823,-0.0641603080873444,0.0382286610556772,0.0945950291696392,0.0183449187177874,-0.0033736251458919,-0.0565572881381756,-0.0185361612271743,0.0631980835415983,0.012124172334625,0.0251942068085131,0.0946900006791034,-0.0516394321372837,-0.0429739215504402,0.0260217903032162,./emotion-fmri-neu/cp005_beta_fear_neutral_c0.nii.gz,5,fear,neutral,fear,disgust,1
0.0020707239495056,0.0743900247362158,0.0405573778468225,0.0127111816567513,0.0844717457908023,0.0104964790683415,-0.0633902233672204,0.0759126856936295,0.0888725205402083,-0.1085119668566572,-0.0249700416991361,0.0299932523751349,0.1116917805490625,-0.1381773861602699,0.0201730617135344,0.0756878186892899,-0.0847078565427064,-0.009898738298355,-0.0772082232247455,-0.0566253391537757,-0.0040580350640884,./emotion-fmri-neu/cp024_beta_fear_incongruent_c0.nii.gz,24,fear,incongruent,fear,disgust,1
0.0023578955629648,0.012635960244128,0.0031577705123849,0.0324820400615749,-0.0452910516750179,-0.0268113530739561,-0.0151647031955401,-0.0572367746822601,-0.019750809235212,0.0073712849401939,0.0559264728290259,0.0296553952171482,0.0383701422445925,-0.0380716408956705,0.0348861340250841,-0.0708115832229563,-0.0569354059239878,-0.0677506081522438,0.0132759703604502,0.1375546584512078,0.0908608259250808,./emotion-fmri-neu/cp010_beta_anger_neutral_c0.nii.gz,10,anger,neutral,anger,disgust,1
0.0025325237532457,-0.0592737351886578,-0.0060776025724185,0.0639284250354527,-0.0026191901097405,0.0443802788558866,-0.0855781079077044,-0.0460002853130787,0.0035232088162263,0.0083330223508651,-0.0316701270515728,-0.0050585845497324,-0.0342630065172598,-0.0478679881649581,0.0637532917759396,-0.1032633923219576,0.0064136555542469,0.0247361965745423,0.0230297329065168,-0.0425017506364794,-0.0168975864846648,./emotion-fmri-neu/cp001_beta_disgust_neutral_c0.nii.gz,1,disgust,neutral,disgust,anger,1
0.0031932217772935,0.0488139476753077,0.0119506256660281,0.0107930022181461,0.0235762302032667,0.0756609915385305,-0.0262130423088059,0.024857817686108,0.0145088346998528,0.0382828981448821,-0.0031569764429762,0.0356567719516111,-0.0279587822504708,-0.0519665524838118,0.0050139650960302,0.042221944140149,0.048411337075881,0.0286113555246842,0.1100708082271104,0.0952438127558955,0.0735509495573042,./emotion-fmri-neu/cp017_beta_fear_incongruent_c0.nii.gz,17,fear,incongruent,fear,disgust,1
0.0033601095802077,-0.0169564586980693,0.0002477791565934,-0.0219697037531531,-0.0296541559934907,0.0098309435551165,-0.0545300782495211,-0.0703574814042518,0.0567343807775593,-0.0622588197634275,-0.0014298302974175,0.0001347786149734,0.0316157588222995,-0.0077422809660788,-0.0110633147861336,-0.102464221458671,0.0586912452782857,-0.0154404228691742,-0.0229389502761073,-0.0176640635807517,0.0329169258437024,./emotion-fmri-neu/cp011_beta_disgust_neutral_c0.nii.gz,11,disgust,neutral,disgust,fear,1
0.0037016151106787,0.0697327370812419,0.032521262531251,-0.0513896851394603,0.0751837049389039,0.0324765665398943,0.0343684073890205,-0.0550742004601356,-0.0473631113790071,0.1118188228150734,-0.097524568001428,0.0595723503031518,-0.0177549490221049,0.0174567832673861,-0.0155771359788535,-0.0316775216280729,0.0088006768757328,-0.0427191304698489,-0.0888628482828709,0.0094786207260616,-0.0486769981979711,./emotion-fmri-neu/cp002_beta_disgust_incongruent_c0.nii.gz,2,disgust,incongruent,disgust,fear,1
0.0039934566306096,-0.0633007287009744,0.0098451791410986,-0.0222499569235345,-0.0549607460805286,-0.0233829827285265,0.0333646792206806,-0.0733458314166391,-0.0060348356455239,-0.0309688571503382,-0.0266479601859957,-0.0195902332756392,0.0462834511733068,0.0456543203279326,-0.0359404599486894,-0.0208698292798227,-0.0368813372129552,-0.0251901450108233,-0.0107629342483428,-0.0263196284772972,0.0055198380917439,./emotion-fmri-neu/cp019_beta_disgust_congruent_c0.nii.gz,19,disgust,congruent,disgust,fear,1
0.0050864776194065,0.0787924259400751,0.0718312753289701,-0.0215705702024933,0.0937914770667708,0.0275017672656678,0.0258666916055157,-0.0762253090007226,-0.0768545144668461,0.0886842226304218,-0.1601848137322319,0.0633953659270555,0.0300238277631795,0.0583413310962222,-0.0389946705518835,-0.0501978080422385,0.015289593673293,-0.0824479553194553,-0.0753589912535379,-0.0061952577577316,-0.0358201983319358,./emotion-fmri-neu/cp002_beta_fear_incongruent_c0.nii.gz,2,fear,incongruent,fear,anger,1
0.0070962797301022,-0.0631451675009992,-0.0238862980566246,-0.0003528487793387,0.0010110578851461,0.0549805147909862,0.00618293290582,0.0171987174824351,0.0660672449746959,0.0497923981005308,-0.0113693694007901,-0.0362691442143917,-0.0319281842980075,-0.009566510725941,-0.0979493630951811,0.0894611057317969,0.0613164708783871,0.0086247757586513,-0.0156503534554628,-0.0501965245054866,0.0131168976935278,./emotion-fmri-neu/cp027_beta_disgust_congruent_c0.nii.gz,27,disgust,congruent,disgust,fear,1
0.0076139971175148,-0.0162300605516427,-0.0470863366799618,-0.0584680897243599,-0.0780738139062756,0.0298025131211673,0.0204525750385512,0.053647229404727,-0.0116071537039333,-0.0432478864454472,0.0320025945789418,0.0384876944188306,0.0298566436875709,0.0237988688607549,0.0206372884011738,0.0259229912459076,0.055562871172018,-0.0293903504818364,0.0061709250793429,-0.03483032680355,-0.0411847600224432,./emotion-fmri-neu/cp023_beta_anger_congruent_c0.nii.gz,23,anger,congruent,anger,fear,1
0.0080125784946913,0.0299272768907922,-0.0005616131025967,-0.0312975671630583,0.0212931438291975,0.0868624665320473,0.0024474035321109,0.0001975519237555,0.036347517749058,0.0739542378981323,0.0026315745926433,0.0150257675452112,0.0055283159739889,-0.0561700098412196,-0.0579323740643947,0.0409592555530057,0.0536710240592498,0.0436252408694773,0.1227838390999697,0.133832495709448,0.0695715634821044,./emotion-fmri-neu/cp017_beta_anger_neutral_c0.nii.gz,17,anger,neutral,anger,disgust,1
0.0083610861780718,-0.0225112993506855,0.0272044517274145,0.0427887524919922,0.0218840051192506,-0.0003485761711409,-0.018046332948244,-0.004400645074158,-0.0370040120745636,-0.0160204150605491,-0.0150629631692067,-0.0099667066682832,-0.0104905789070236,-0.013940850057149,0.068463761917604,-0.0260196212743632,-0.011412771581511,0.1162250755696946,-0.0599366015285607,-0.0655808807274431,0.0490540167167476,./emotion-fmri-neu/cp005_beta_fear_congruent_c0.nii.gz,5,fear,congruent,fear,anger,1
0.0084506956190652,-0.0373830747684274,-0.0215120942922925,-0.0599995848260527,0.0444859325611104,0.0738749370559082,-0.0160028709193155,0.0323124088730035,0.0269540768668064,-0.0195662203277843,0.0035384568669818,-0.0475503892237628,-0.1060562065641551,-0.0027136616714564,-0.1048269593977043,-0.0830797794711044,0.022009083214527,0.0253935220962991,0.0205972382034886,-0.0128896382770309,-0.0637206226735294,./emotion-fmri-neu/cp015_beta_fear_neutral_c0.nii.gz,15,fear,neutral,fear,disgust,1
0.0090876421435938,-0.0015370174155029,0.009213422315814,0.0236536696802432,0.0405740935311151,0.0961431670675385,-0.0185690587569674,-0.0022330800672851,0.0335818192199014,0.0419105249089662,0.0051746214974039,0.019452025051264,-0.0186436408080858,-0.065477082537913,-0.0109864172968704,0.0483277910601184,0.0332378500894045,0.025947928860956,0.0909200566303865,0.0641572365099204,0.0693575549118693,./emotion-fmri-neu/cp017_beta_fear_congruent_c0.nii.gz,17,fear,congruent,fear,disgust,1
0.0097097209293034,0.0094213261143955,-0.0276741933440441,-0.1713133426765732,0.0375817193936193,-0.0217966395188994,0.060544980620382,0.0139603682847913,0.0596371588463713,-0.01638300984071,0.060447409506434,-0.0214122632730255,-0.0187229769613109,-0.063790198104178,0.067793701967934,-0.0985518059380249,-0.0748640228792391,0.0541215959015049,0.0111462761454311,-0.065022719540601,-0.046596665262026,./emotion-fmri-neu/cp014_beta_anger_neutral_c0.nii.gz,14,anger,neutral,anger,fear,1
0.0099155212104176,0.0436113362553874,0.0264926241151054,0.0328675274852273,0.1231204946925696,0.050672460965089,-0.0186239352904684,-0.0907183220998969,-0.0754435939420035,0.2645093203061083,-0.1351709752104415,0.0489448981752396,-0.0397105706086454,-0.1127729266203239,-0.0017924983713078,-0.0556178443811992,-0.0022840023638418,-0.0392340391476626,-0.1203731579971501,0.0234643758925452,-0.0660715938597633,./emotion-fmri-neu/cp002_beta_disgust_neutral_c0.nii.gz,2,disgust,neutral,disgust,fear,1
0.0102000516232972,0.09083967599396,0.1445856363169804,-0.0386537584316659,-0.0994940525045351,0.0095360151260346,-0.0700197294269128,0.0765971041694697,0.0511394761732761,0.1393169423590102,0.0907738351068512,-0.0351724251581704,0.0295422183047381,0.0544763945053633,-0.0530213489593097,-0.0434039184562859,-0.0500862528987258,-0.0151612738721759,-0.0344267883999455,-0.0352534933447917,-0.0182652058989822,./emotion-fmri-neu/cp013_beta_disgust_incongruent_c0.nii.gz,13,disgust,incongruent,disgust,fear,1
0.0117210817886354,-0.0302504528614804,0.1281676026831482,0.0548632304592686,0.0255116164050132,-0.0209877649526129,-0.0216971582179369,-0.0684764452859849,-0.0273488385483185,-0.077109493885101,0.0406271474378589,-0.0497725557601119,0.0334075583333706,0.0287550073576415,-0.0834022775748718,-0.0400952064144001,0.0196960134930674,-0.0783052718760875,0.0445810959155074,-0.0228592484888254,0.0175928928191869,./emotion-fmri-neu/cp011_beta_anger_congruent_c0.nii.gz,11,anger,congruent,anger,fear,1
0.0131165153555809,-0.0257903416434372,0.0317550012457674,0.0346127369085711,0.0502262687177344,-0.138893027935528,-0.0434885563469899,-0.0814832266849559,-0.0112996803635963,-0.0100338499070867,0.2112967043747552,0.0466440746381113,-0.0244156855394671,0.0433177381241355,-0.0886131753248008,0.0280934492652322,0.0763356984305588,0.1198195834264689,-0.2232177205190196,0.1273936549582201,0.0325618172841039,./emotion-fmri-neu/cp025_beta_fear_neutral_c0.nii.gz,25,fear,neutral,fear,anger,1
0.014020492914976,0.0520151814497815,-0.0272504828521499,0.0323682877018685,0.0788230124858904,0.022066791863746,-0.0943143586165372,0.0239902555020721,0.0691607824366403,-0.0003683898910899,-0.017580684324642,0.0615212614144257,0.0683720992728861,-0.1382198386157722,-0.0075513283512888,0.0443583348747489,-0.1217395764408664,0.0293128997343805,-0.0608523250240366,0.0104649287608376,-0.0001099542734904,./emotion-fmri-neu/cp024_beta_anger_neutral_c0.nii.gz,24,anger,neutral,anger,disgust,1
0.0146544739733676,-0.0404698897484736,0.008388104363207,-0.0725531847295182,-0.0488058151093465,-0.0285740191144923,0.035539638676782,-0.0306854995621389,-0.0470989353312285,-0.0425568778419311,0.0051904653461614,-0.0022097296515086,-0.0106871034217987,0.0431491850147851,-0.0070441270689069,-0.0639326579946783,0.0017501916874102,-0.0003789469751187,0.0094473356245767,0.0185755145865996,-0.0368578487064325,./emotion-fmri-neu/cp001_beta_anger_congruent_c0.nii.gz,1,anger,congruent,anger,fear,1
0.0148634086507973,-0.0502709997025894,0.0011822671796132,0.0406804067069012,-0.0080415490342963,0.0130440694026637,0.0068215576131996,-0.0055751673659541,0.0453930627092886,0.0573823007830933,0.026064549048087,-0.0759437546717159,0.0017123140331023,-0.0340135070974375,-0.1107069400357883,0.0940143486919805,0.0700363552203612,0.0176768421163607,-0.0533045775578599,-0.0531890988608257,0.0689362100626475,./emotion-fmri-neu/cp027_beta_anger_incongruent_c0.nii.gz,27,anger,incongruent,anger,fear,1
0.016449580167841,0.0771548998185627,0.0469528487985469,-0.0462805254325304,0.036617207157977,-0.0353492492592989,-0.0448077191132064,0.0299704125758455,-0.1512843989121049,-0.1006570111811517,0.0340293220045486,0.0944704753050076,-0.0147760257121224,0.0342342554262938,-0.0464823723338906,-0.026026740251854,0.1197280076962521,0.0315238117222241,0.0010592777320869,0.0427570936313517,-0.0149550496761969,./emotion-fmri-neu/cp025_beta_fear_incongruent_c0.nii.gz,25,fear,incongruent,fear,anger,1
0.0167984516406728,0.2756742384788789,-0.117373856674639,0.1118181906750833,-0.0591937096033635,-0.0064356506316031,0.1388526681391994,-0.0406120587164103,0.0103711592997749,-0.0264794264959562,0.0308524013177017,-0.0406478951854315,0.0234309510372603,0.0001538440288459,0.0590759998135431,-0.0348208351283941,-0.0165261478261469,-0.0147609456422121,0.044467970283207,-0.0061999536442595,-0.0710390185157446,./emotion-fmri-neu/cp018_beta_disgust_incongruent_c0.nii.gz,18,disgust,incongruent,disgust,fear,1
0.0185183320687924,0.0015585301630958,-0.0104760387749114,-0.0356888038685734,0.0994936770253745,-0.0042388905843549,0.0035310674406953,-0.0327271785767658,0.0105191368618064,0.0287996641123851,-0.0462743132927599,-0.0439916479705178,-0.1435087016577193,-0.0781162887605692,0.0438685953972284,-0.0352430795895415,-0.0175350018577924,0.0344328740162888,0.0003704223504573,-0.0177202512950199,0.1176368408970266,./emotion-fmri-neu/cp008_beta_disgust_neutral_c0.nii.gz,8,disgust,neutral,disgust,fear,1
0.01876149820603,-0.0005739406182847,-0.0360249262975817,-0.0376580618903743,-0.0473486528879024,-0.0039590570795791,0.002295073023113,0.0364488928423966,0.0143145937756597,-0.0278856131456053,0.0902922388915056,0.0471013243809058,0.0335963626266814,0.0187061536779932,0.0034013765750833,0.0511122663595103,0.0970720911342946,0.0071413372879264,-0.0174591064336893,-0.0441552148638539,-0.0382060529376333,./emotion-fmri-neu/cp023_beta_anger_incongruent_c0.nii.gz,23,anger,incongruent,anger,disgust,1
0.0193443314083315,0.0324639763449331,-0.0088589795200704,-0.0255240800600256,0.0551160881732479,0.1338902398791458,-0.0214541896895018,0.0216996250864493,0.0675700506050064,0.0319639130134935,-0.0397685339666242,0.0422116087755468,-0.0245914245925455,-0.0631288060451078,-0.0114272036814988,0.0265415958058861,0.0833455762470852,0.0437468653341877,0.1541897322805847,0.1162372208070178,0.072266318655183,./emotion-fmri-neu/cp017_beta_fear_neutral_c0.nii.gz,17,fear,neutral,fear,disgust,1
0.0195441447061747,0.0428908971568529,0.0307335564975256,-0.1226300226241293,-0.0038805921337342,-0.0828555475267079,0.0329303255715652,0.0292441419500542,-0.1359402186013992,-0.0827929855596948,0.0543037182138389,0.0440149032147033,-0.0153406324790037,0.0052721223005939,-0.0680071716389083,0.0058695992815978,0.1154216068219486,0.0083575155851847,-0.0459646911370623,0.0753249327781087,-0.0296914757254864,./emotion-fmri-neu/cp025_beta_fear_congruent_c0.nii.gz,25,fear,congruent,fear,anger,1
0.0197180120708508,0.0209272490044206,0.0019741982613656,-0.0197540176277691,0.0130056069447427,0.0486738678394126,0.0141076612744509,0.0269091712851983,0.0167576175022086,0.0110135150088824,-0.0229933807074387,0.0217074420766813,0.0102516528066462,-0.0259084300359192,-0.0538393516113886,0.0424820067419588,0.0376896464479493,0.0021595649961682,0.0970589038669314,0.0807428230511439,0.031706351964848,./emotion-fmri-neu/cp017_beta_anger_congruent_c0.nii.gz,17,anger,congruent,anger,fear,1
0.0197616065937883,0.0483903954612262,0.0267373315903909,-0.0799908575514189,0.0679784715550442,0.0308363075835511,0.1108213368164085,-0.0585569359186873,-0.0566729776924279,0.0678666802766403,-0.1401873354796116,0.0477932272393474,-0.0126460080091432,0.0088511436379228,-0.0691856358376665,-0.0423294626555259,0.0223416442604044,-0.0540656978152993,-0.0156996525460615,0.0229646105087087,-0.0654846083143828,./emotion-fmri-neu/cp002_beta_fear_congruent_c0.nii.gz,2,fear,congruent,fear,anger,1
0.0199629640609954,0.0092265289638559,-0.0175101841746512,-0.0282753285328494,-0.0681730264728894,-0.0239915268024696,0.0308706606846464,0.040514026569978,-0.0008774648604345,-0.0191683633861545,0.0900183576142267,0.0297538092133022,0.0214942740818758,0.0020436606256875,0.0041358230087958,0.0709920536981635,0.0741640903428123,-0.008034400057261,-0.0373340549262815,-0.0060269003867423,-0.02525324682053,./emotion-fmri-neu/cp023_beta_disgust_incongruent_c0.nii.gz,23,disgust,incongruent,disgust,fear,1
0.0201017507136416,-0.0219189076731436,-0.0077205742128271,-0.0342501224729622,0.0205964965306453,0.0224778336834764,0.0107336426703084,-0.0032024315443197,0.0115823438803393,-0.0261648823964077,0.0001984766305364,-0.0301651719932288,-0.0390903142069597,-0.0106508561315983,-0.0399555263200377,-0.033718976255208,-0.0009772060301112,0.0317255763609723,0.054816659560056,-0.000328704119757,-0.0343093344824109,./emotion-fmri-neu/cp015_beta_fear_incongruent_c0.nii.gz,15,fear,incongruent,fear,anger,1
0.0228528437649145,-0.0450033930725269,0.0010410895081194,0.0558252986508428,-0.0072623164729647,0.0369422942398502,-0.0306256440547497,0.051607594971898,-0.0798673313215824,0.0021970626450995,0.0061594993527498,-0.041236153272285,0.0316073768124156,-0.0235144133753548,-0.0894393100246939,-0.0341073138140798,-0.1000643549362492,0.0894450951410968,0.0909275154925608,0.0413164076223752,-0.0111825883510472,./emotion-fmri-neu/cp029_beta_fear_neutral_c0.nii.gz,29,fear,neutral,fear,anger,1
0.0249591961962202,-0.0172828049515696,-0.0002199091885256,-0.0286560904981117,-0.0471185325516633,0.007185628928936,0.005209200992549,-0.0280094277224661,-0.0082304761827786,0.0071491181729803,0.0742921479549481,0.0257144914663702,0.0121123864795848,-0.0030683681131263,0.0263605859484312,0.004479351471538,-0.0299250771881397,-0.0987342806329358,-0.0084830500929027,0.0657064768917557,0.0652607633616259,./emotion-fmri-neu/cp010_beta_anger_congruent_c0.nii.gz,10,anger,congruent,anger,fear,1
0.0260200172189856,-0.0914153524741047,-0.0148720707203316,0.1037609581457933,0.1659128127990412,-0.0621101880328988,0.1520184035957318,0.0882702344896454,0.075837267861408,-0.0292990225102552,0.0679939862644635,0.1093090565960145,0.0302181740992785,-0.0211509008860706,-0.0174548319399321,-0.0458017133850411,0.0768693310436491,0.0804333767973349,0.0459734392187078,-0.0412002215281178,-0.087016571080565,./emotion-fmri-neu/cp020_beta_anger_incongruent_c0.nii.gz,20,anger,incongruent,anger,disgust,1
0.026345578575998,-0.0315985127560574,-0.0483358001216508,-0.0016144897984154,-0.053163481345251,0.0011613539428869,-0.0414208943332943,-0.0207288019514315,-0.0417358696671516,-0.0398194917759434,0.0392563278185646,0.1017838116605183,-0.0246357569539656,-0.0128501554553703,0.0772001238839098,0.0080804992965156,0.0100140932948436,-0.0789274498343579,0.0344619451256453,0.0256921402843716,-0.0058572849267629,./emotion-fmri-neu/cp022_beta_disgust_neutral_c0.nii.gz,22,disgust,neutral,disgust,fear,1
0.02676674182804,0.2492328837843128,-0.1198264053944701,0.0888885291208927,-0.0450891081133989,-0.0024657521070714,0.1260431881110866,-0.0508868912894893,0.0120338387811142,-0.0595393007233073,0.0446348094392307,-0.0464133073638916,0.027415506924222,0.0348231103914924,0.0120392918481909,-0.0438192005246113,-0.0108549929422561,-0.0228966373358299,0.0093102510167766,-0.005138900373936,-0.0318738773512974,./emotion-fmri-neu/cp018_beta_anger_incongruent_c0.nii.gz,18,anger,incongruent,anger,fear,1
0.0281751669924914,-0.0518681192748299,0.025187489329695,0.1069447578838092,-0.0559143665802785,-0.0744333792949631,0.0286879397324734,0.004485386805597,-0.0048327934645583,-0.0020292229462912,-0.0690394669942193,-0.0353594169222968,-0.0391431257750818,-0.0039786326204767,0.0110732722026578,0.0435634600585448,-0.0494429041247926,0.0239655210553189,-0.0854373816688868,0.0509224879582834,-0.0838574984355672,./emotion-fmri-neu/cp009_beta_disgust_incongruent_c0.nii.gz,9,disgust,incongruent,disgust,anger,1
0.0299799550263423,0.0423401499562369,0.0583124131680807,-0.0306745069995724,0.0432185029258103,-0.1252635067293236,-0.015524973789852,-0.029796572685641,-0.1072293805752808,-0.0697527182022613,0.1251827212846156,0.0535198128021284,0.0067867559428513,0.0140516289434261,-0.0493922890954932,-0.00130262526445,0.1022961049077479,0.0703493820689549,-0.0681618398921675,0.0490923490209708,0.0065132627942582,./emotion-fmri-neu/cp025_beta_disgust_incongruent_c0.nii.gz,25,disgust,incongruent,disgust,anger,1
0.030611104672411,0.0461235947885447,0.0222276479215326,-0.010537559539391,0.008461056406865,0.0689250568011312,-0.0151034260846262,0.0335453772563025,0.0118454969817856,0.0272200982422389,0.0087971083628398,0.037503021729826,-0.0077147480169371,-0.0551466545230184,0.0016064706894907,0.0436087590498371,0.0507503238265703,0.0171523542039899,0.1130860930500249,0.1216255048795592,0.0719614482156952,./emotion-fmri-neu/cp017_beta_anger_incongruent_c0.nii.gz,17,anger,incongruent,anger,disgust,1
0.0316223779935127,0.0122958619598831,-0.0970056667705858,-0.0477180893438638,-0.000840593099547,0.0329007767832291,-0.1057493108910348,0.0371263454819366,0.0531094383443262,-0.034325928451077,-0.0488668784072594,0.0480807556636134,-0.040866538344141,0.0162992636407455,-0.016648915891662,0.0201722699282007,0.0010467721827898,0.0691369320699604,-0.0278507398108437,0.0671810784524697,-0.0247488666124029,./emotion-fmri-neu/cp012_beta_anger_neutral_c0.nii.gz,12,anger,neutral,anger,fear,1
0.0324789467082985,-0.0021703479849973,-0.0334368565610707,-0.0626717835025083,-0.0430387409321746,0.0253229088597199,-0.016832470023021,0.0563918230512481,0.0051524737083816,-0.0394449399184652,0.0747129973489889,0.051568378233069,0.0050632350987186,0.0139975821990258,0.0414576104209334,0.0278204165587374,0.0911866728211297,-0.0489257412808228,-0.0181761485576306,-0.0594049721117938,-0.0375089120452019,./emotion-fmri-neu/cp023_beta_fear_incongruent_c0.nii.gz,23,fear,incongruent,fear,disgust,1
0.033153845379754,0.0247530369582379,-0.0325335073552234,-0.1007098831742645,-0.07942089184156,0.0344023229819461,0.0038673721833691,0.0556677618383929,-0.0288444640670415,-0.0328060388420082,0.0499067225682318,0.0700521851719548,0.0037820884200421,-0.0040619293286588,0.0816227397003154,-0.0166022509688076,0.0332885326115611,-0.0489710190632391,-0.027333592694495,-0.000486880796101,-0.0584879743849229,./emotion-fmri-neu/cp023_beta_fear_neutral_c0.nii.gz,23,fear,neutral,fear,disgust,1
0.0337619987205652,0.0114929187825977,0.0106064427299671,0.0626185691865963,-0.0173989655919282,-0.003128144668151,-0.0519598035205531,-0.0260482364260331,-0.0460100857997445,0.0200689857175225,0.1185788391489585,0.0419121940721075,0.000938844652313,-0.0303372050961554,0.0644208351876383,-0.0136109157437214,-0.0630978988012317,-0.1111247201450513,-0.0134736223756626,0.0916584171182657,0.1011241005440684,./emotion-fmri-neu/cp010_beta_disgust_incongruent_c0.nii.gz,10,disgust,incongruent,disgust,fear,1
0.0355758074751506,0.015753057712217,0.0158397915601878,0.0087553799017825,-0.0001438836495196,-0.0877391235248244,-0.0057808354761029,-0.0439402128705706,0.0184095117065453,-0.0163962565484028,-0.0140223241730886,-0.0540351903565898,-0.0198994426879555,0.0333750242175097,0.0638556049931271,-0.0329710546703352,-0.0344061413429194,0.1072838294168788,-0.0472917238857126,-0.0321191816178217,0.0272172065538361,./emotion-fmri-neu/cp005_beta_fear_incongruent_c0.nii.gz,5,fear,incongruent,fear,anger,1
0.0373768430651382,0.044247381951429,0.0029328420872902,-0.0061633467184695,0.0369733390970457,-0.0276440057407248,-0.0148820886346723,-0.1008424348103263,0.0528568751258798,0.0079294526403206,-0.0392375759842416,0.1114441753888235,0.0226716912562921,0.1482445851693611,-0.0290325127581016,0.1461164013603269,-0.074013315433449,0.0778003365163038,0.0458933709854504,0.0468291764040646,-0.0199235294039549,./emotion-fmri-neu/cp028_beta_anger_congruent_c0.nii.gz,28,anger,congruent,anger,disgust,1
0.0375256137969541,-0.058540770098257,-0.0475396025508772,-0.0477992324552344,0.0393326362654437,0.0275006580429996,-0.0353846530066019,-0.0148692267323377,-0.0213740979415208,-0.0357844057151189,0.0114497610833757,0.0361923305899401,-0.0114010774853883,-0.0110359114801058,0.0112517275995111,0.0449014758774267,0.0505755088321035,-0.059104743039028,-0.0238529079452532,-0.0561621882770181,0.0493452478325366,./emotion-fmri-neu/cp022_beta_disgust_congruent_c0.nii.gz,22,disgust,congruent,disgust,fear,1
0.0384708351692009,-0.0855009136590511,-0.0408124352682327,0.0761631932322928,-0.0360784005378609,0.0925473808982707,-0.0334895508323756,-0.0248600927626257,0.0199387761978144,0.0725623401147187,0.0329480416677556,-0.0637996898964002,0.0125391366759093,-0.0050988860472009,-0.1758135632599225,0.1059072405433326,0.0425925484095191,-0.0333881755156537,-0.0581837376581402,-0.0581797393904707,0.1128894277042554,./emotion-fmri-neu/cp027_beta_disgust_neutral_c0.nii.gz,27,disgust,neutral,disgust,fear,1
0.0386161743599363,-0.0133261199952549,0.0418253115350371,0.0042799083044478,-0.0140955105987798,-0.0122615530043358,-0.0213141500137882,-0.0033852776294941,-0.0161750947541505,-0.037946818764677,-0.0399077606355487,-0.0225523531851249,0.0049862482186559,0.0084263025995118,0.0927259764716158,-0.0399001141317063,-0.0282733155810431,0.1285686248444143,-0.0333550276403603,-0.0476185706583097,0.0698365515301786,./emotion-fmri-neu/cp005_beta_disgust_congruent_c0.nii.gz,5,disgust,congruent,disgust,anger,1
0.0387525793002267,-0.0388298030842852,-0.017423595161815,0.0028132385874317,0.0027044866815542,0.0172736566245947,0.0166434810221503,0.0127861422324651,0.0192473742668669,0.0223884933206479,-0.0121380272965577,-0.0647343688930711,-0.0088657609636917,-0.0270309027194167,-0.0824987114382005,0.0538234548960254,0.0357259666915782,-0.0049772005873212,-0.0300407084144433,-0.045529416509126,0.0530924693855544,./emotion-fmri-neu/cp027_beta_anger_congruent_c0.nii.gz,27,anger,congruent,anger,fear,1
0.0390254844196855,-0.0356998120680001,-0.0643529199177236,-0.0658165648462542,0.150483621359991,0.0498143981995455,0.0571932799902725,0.0474106854521725,-0.1093769337896706,0.0482634339074431,0.0377594039397655,-0.1568613167757644,0.1345628815853097,0.0781609603153894,0.0998176458075491,0.0208109870684703,0.0877331238876457,-0.0299530173558974,0.059437914992402,0.000633468099368,0.0125825358558577,./emotion-fmri-neu/cp004_beta_fear_incongruent_c0.nii.gz,4,fear,incongruent,fear,anger,1
0.0394725625906634,0.1545567587723782,-0.1829468421560101,0.151352809162703,0.0535066506257749,0.0664086221935659,0.0613990329059121,-0.114278849737853,0.0591392210059582,-0.0327723504023587,0.0956232303524027,-0.1138437812966602,-0.0457150959945766,-0.0598020785046676,-0.0530049616250878,-0.0155674388660777,0.0104879953004065,0.0323607386397264,-0.0456596758230375,-0.0503444471486055,-0.0139440368343698,./emotion-fmri-neu/cp018_beta_anger_neutral_c0.nii.gz,18,anger,neutral,anger,disgust,1
0.0398562107530186,0.1178195803649995,-0.09894635966681,0.0739681802395567,-0.0404679721678491,0.016874578756126,0.0948536930447791,-0.0242574774410421,-0.0258532455036074,-0.0689707880792462,0.0657616713665188,-0.0368046010844067,0.0142050765405758,0.0176657557976539,-0.0396531406246418,-0.0435128354252421,0.0042460097682763,-0.0439255856907807,0.0251418850738363,-0.0228137674885953,-0.0408980484086819,./emotion-fmri-neu/cp018_beta_anger_congruent_c0.nii.gz,18,anger,congruent,anger,fear,1
0.0412578741600368,-0.0555563300481695,-0.0856559127071837,0.0594811752970579,-0.0288781789864397,0.0769340569997773,-0.0010413769137222,0.0359452127268416,-0.0317412543822984,0.0637238388655272,-0.0008304272058082,-0.0640534727688108,-0.0096883859364199,-0.1010126262545479,-0.1728937090118158,0.1167324691351719,0.065935734288905,0.0006013241457934,-0.0914655880813683,-0.0224877241150218,0.1250851102622201,./emotion-fmri-neu/cp027_beta_anger_neutral_c0.nii.gz,27,anger,neutral,anger,disgust,1
0.0433414182451206,0.0580781640161061,0.0726191233824341,-0.0586198262757485,-0.0644731493319367,-0.0048956661630829,-0.0300428195267023,0.0987470119675272,0.0288150491242941,0.1275989477941995,0.0962065978027314,-0.0435459170079682,0.0019930516812599,0.0315291243736486,-0.0523696022088446,-0.0695897981159412,-0.0483365636844274,0.0107091658998925,0.0026543735451622,-0.0462366936682708,-0.055556325249613,./emotion-fmri-neu/cp013_beta_disgust_congruent_c0.nii.gz,13,disgust,congruent,disgust,fear,1
0.0433725252513592,-0.0344602016750563,-0.0549069024799672,-0.0031838806787458,-0.0309856621384465,0.0376019965782144,-0.134055896256986,0.0419245374005774,0.0732989402233688,-0.00636045136943,-0.037076637857117,0.0686935260172058,-0.0161111912631388,0.031499322180358,0.0040413038192057,0.012104208657211,0.0557217853824447,0.0446965018538299,-0.0285112098765916,0.0353197609854492,-0.0181256650267429,./emotion-fmri-neu/cp012_beta_disgust_incongruent_c0.nii.gz,12,disgust,incongruent,disgust,fear,1
0.0451056058198004,0.0438675618082121,0.0272422584095287,-0.046719528074671,0.0654353712767425,0.0307407258458212,-0.0547563309011826,0.0832967619349477,0.0864518910356516,-0.1058135383839655,-0.0546846891003997,0.00680474413964,0.1265747466660194,-0.0909885239490361,-0.0505889119404488,0.0533496733517234,-0.069071232954299,-0.0520717183199045,-0.0719644467815133,-0.0313140896398474,-0.0182437102003703,./emotion-fmri-neu/cp024_beta_fear_congruent_c0.nii.gz,24,fear,congruent,fear,anger,1
0.0451527255881449,-0.0077632539877948,0.0196577117668927,-0.0225980296411777,0.0278915725992616,0.0312136114221836,-0.0961705902549099,-0.0171051761689795,0.0025888387713261,-0.0431730266647438,-0.0357820991493923,0.0140527190027294,-0.0822143201640583,0.0021116553041261,0.0910729425920192,-0.1285919998474328,0.0465148741865509,0.0208898887158294,0.0622515862315299,-0.0497472976845576,-0.0214838910893033,./emotion-fmri-neu/cp001_beta_fear_neutral_c0.nii.gz,1,fear,neutral,fear,disgust,1
0.0456076735440586,-0.0325712696368551,0.0418039300162827,0.0477836955123082,-0.0407606326612731,-0.0796028970302511,0.0616018732964391,0.0711802689697902,-0.0339043750389564,-0.0486092050653337,-0.093488025949032,-0.0566340802562706,-0.0880095304595527,-0.0173936382556966,0.0274197063855873,0.0423285370244938,-0.0855195039097856,0.0003512123976726,-0.0805112998233048,0.0513231391403601,-0.0834751677964501,./emotion-fmri-neu/cp009_beta_disgust_congruent_c0.nii.gz,9,disgust,congruent,disgust,anger,1
0.0456088061337447,0.0823415607210878,0.0994932433596243,-0.1009422892814347,-0.1138858326277055,-0.006342809959903,-0.0429400149907292,0.1001099604936501,0.0187152118218667,0.0779483097763623,0.0671335050429061,-0.0362825517114793,0.0400109366842792,0.0858867971579766,-0.0519377592269574,-0.121029611494259,-0.0354189654508569,0.0015135694527427,0.0107472276886401,-0.046836928593788,-0.0460387064584382,./emotion-fmri-neu/cp013_beta_anger_congruent_c0.nii.gz,13,anger,congruent,anger,fear,1
0.0466616699709415,-0.0453587276269326,-0.0379674670785622,-0.0228562729790117,-0.006435294126235,0.0091077472706344,-0.0359062738819988,-0.0466600053227526,0.0115129064183731,-0.0081521927571598,0.1007346379826238,0.0463482221474133,-0.0042778008919614,0.0130172839704406,0.0194385450795364,-0.0530162325167643,-0.0770318920709683,-0.0913723156744566,0.010119500099362,0.0682457799829618,0.0577827054019459,./emotion-fmri-neu/cp010_beta_disgust_congruent_c0.nii.gz,10,disgust,congruent,disgust,fear,1
0.0470469087966544,0.0781326221002725,0.0550779402167907,-0.037430416593232,0.1455087809162592,0.0563745210637559,0.0295151121498415,-0.1340913600804468,-0.0593767808253578,0.163010683998067,-0.1510660484496472,0.0810731440370279,0.0019757433270717,0.0170991325700856,-0.0210572257523366,-0.0670546815259106,-0.0045629520926869,-0.0873015810588871,-0.096826963269027,0.0478099964436128,-0.020243323647275,./emotion-fmri-neu/cp002_beta_anger_neutral_c0.nii.gz,2,anger,neutral,anger,fear,1
0.0485139606386957,-0.0545740364131209,-0.0492000227792092,-0.0193398590153094,0.1708696897117467,-0.0086465162550437,0.0033982318694634,0.0555007162607363,-0.0719849997496785,0.0818782253650095,0.0406206613892926,-0.1047910866578469,0.1059720194643745,0.0677085478166226,0.1260064575058215,0.0183774260088986,0.0213291239566363,0.0189829248222392,0.0646633747650287,0.015706044933535,-0.0468332811656105,./emotion-fmri-neu/cp004_beta_anger_incongruent_c0.nii.gz,4,anger,incongruent,anger,disgust,1
0.0489388858864847,-0.0355002175778143,0.0092943256956235,0.0650448372377824,-0.0333329952011413,-0.0153666148884847,-0.0510600066052378,-0.0543228271858739,-0.0136738532543348,0.0517072619797931,0.1508507550621519,0.03951746040546,-0.0124507696963835,-0.0337211512499635,0.0601688693434233,-0.0068464025071793,-0.0553069528537112,-0.1039465245214341,-0.0236097438097778,0.0884949362572049,0.081289874776806,./emotion-fmri-neu/cp010_beta_anger_incongruent_c0.nii.gz,10,anger,incongruent,anger,fear,1
0.0489587275468916,-0.0081087282294629,-0.03899485739667,-0.0791232638310185,-0.0488564586097314,0.0514162909294588,-0.0113689322232902,0.0482497893783813,-0.0032289346055208,-0.0291185129245419,0.0705240349078265,0.0552857248220443,0.013494072245154,0.0345422757517849,-0.0185452721241365,-0.0036404679372455,0.1166471441532307,-0.0228905385560722,-0.0175867056916449,-0.0508461894312043,-0.0659533096547833,./emotion-fmri-neu/cp023_beta_anger_neutral_c0.nii.gz,23,anger,neutral,anger,disgust,1
0.0493317787627752,-0.0109329253770452,-0.0868018152829258,-0.0498017121579733,-0.014416435958599,0.0369043093018229,-0.1150388136100616,0.0696720635632054,0.0083888386477125,-0.0375554768421085,-0.024621345209333,0.0707158656458872,-0.0441484613236128,0.0685720275172391,0.0234804219629787,-0.012768861826005,0.0357320150715222,0.0155999274107105,-0.030851129761652,0.0206232248781415,-0.05321286641272,./emotion-fmri-neu/cp012_beta_anger_incongruent_c0.nii.gz,12,anger,incongruent,anger,fear,1
0.0508182087620338,-0.036692315331211,-0.0224862456720405,0.0499432422544519,-0.0453831371276877,0.0016838611941522,-0.0292180051012344,-0.113944280748133,-0.0030995976529772,0.032829548853112,0.115254213813255,0.0023866065282632,0.0568413717112089,-0.0221617660462587,0.0451489705348306,-0.1029295736342984,-0.0923712969205566,-0.0930648148431165,-0.0021226495841002,0.1047938569624908,0.1410887253829572,./emotion-fmri-neu/cp010_beta_fear_neutral_c0.nii.gz,10,fear,neutral,fear,disgust,1
0.0512900668484164,-0.0335527401012435,-0.0973857607801658,0.0083522506547698,-0.0458316859983164,-0.0655985338267161,-0.0184192489670769,0.0631367162938926,0.0147404389251649,0.0069552399287407,-0.1400478411643831,0.0814375468210529,0.0890066766868073,-0.1038815780004264,-0.0246425430746774,-0.1152823581860582,0.0598122175673343,-0.0402886823716952,0.1376429491990359,0.0497044443445289,-0.0326142081726392,./emotion-fmri-neu/cp030_beta_disgust_neutral_c0.nii.gz,30,disgust,neutral,disgust,fear,1
0.052909157373813,0.0068482856855768,0.0062510694999876,-0.0101000754516302,0.0429015731975295,-0.0143127625705078,-0.0686050684277539,-0.0216117017618826,0.0469428599683691,0.0367652335202001,-0.0239154189906768,-0.0281779260741536,-0.011513665702582,0.0085324099292767,0.1041180033498581,-0.1432032080525614,-0.0025146684282082,0.1454648893056629,-0.0363303578389731,-0.0316103142377678,0.0737334291705597,./emotion-fmri-neu/cp005_beta_disgust_neutral_c0.nii.gz,5,disgust,neutral,disgust,anger,1
0.0562497208036386,0.0557871612268547,0.0425417146296562,0.038016840774372,0.0067726985386915,-0.0067538501093533,-0.0183589404829915,0.1151275013579798,-0.0814815703835057,0.0048955636234343,0.0171720463121091,-0.0280280463277878,-0.0412487336840222,-0.0028302131211578,-0.0480524894669871,0.046106431771585,-0.0208410924763449,0.0579561175640784,0.1284666396069412,0.0258880565301657,-0.0359141309808968,./emotion-fmri-neu/cp029_beta_fear_incongruent_c0.nii.gz,29,fear,incongruent,fear,disgust,1
0.0578065447815566,-0.041375919729105,-0.0192544290420814,0.0695933265655301,0.043973990360663,0.0300875836492198,-0.0712710323338533,0.0699399357880715,-0.0989197358238164,0.0140721353688344,-0.0124009724442067,-0.0433080473517028,0.027044587453511,0.0347565124221522,-0.1145621247626058,-0.0108290310745426,-0.0906492858603886,0.0644922155930815,0.1651228315449858,0.0731647319852108,-0.0587749056042085,./emotion-fmri-neu/cp029_beta_disgust_neutral_c0.nii.gz,29,disgust,neutral,disgust,anger,1
0.0632960459847467,-0.0150840647939351,-0.0062151209265641,0.0096855011528746,-0.036645426305711,-0.0298098624969735,-0.0246381115057655,-0.0580170682471241,-0.008307083628363,0.0211471219072709,-0.0059981822177706,0.0200040455876702,-0.0147581309392592,-0.0384736292758907,0.0363349371847427,0.0585250262966161,0.0592576173149015,-0.0581558622346191,-0.00856340730077,0.006465632426706,0.0969759897450991,./emotion-fmri-neu/cp022_beta_anger_neutral_c0.nii.gz,22,anger,neutral,anger,fear,1
0.0650106967746347,0.0064053637971939,-0.0087982342596872,-0.0915472398006426,0.0126695374503159,-0.0075487357727489,-0.0082196259566496,0.0338881416958629,-0.0881998906246702,-0.0921593072086735,-0.0194191715584989,0.0536208050060728,-0.017461526179327,-0.0091157709099103,-0.0347462891897623,-0.0498356832060664,0.1147789113621187,0.005668109119637,0.0373934910525732,-0.0078350679347572,-0.0621407660374059,./emotion-fmri-neu/cp025_beta_disgust_congruent_c0.nii.gz,25,disgust,congruent,disgust,anger,1
0.0650247515954579,0.0259112892909049,-0.0489075456219954,-0.0356692542743144,-0.075352930008385,-0.0297733400725131,-0.0315172191655967,-0.0007590039951005,-0.051766021716101,0.038244716355743,0.0081946848131327,0.0648406680030095,-0.0336051983267879,-0.0123450694259282,0.0937910279808254,0.0178047239220745,0.0374660486693992,-0.047330630872769,-0.0298613379383226,0.0312225199870059,0.0893196685713061,./emotion-fmri-neu/cp022_beta_disgust_incongruent_c0.nii.gz,22,disgust,incongruent,disgust,fear,1
0.0650308343087406,0.038875483470347,0.0584322295317965,0.0513421748408687,0.0339919411059548,-0.0312920237439937,-0.0194621636358483,0.0924946192134087,-0.0817485524915932,-0.0054490440807261,-0.0111306603503981,-0.0455974922996901,-0.0029897152381667,0.0046575888955239,-0.0711130906120319,0.0188872431769835,-0.0517813819565805,0.051796687051789,0.1438897085984685,0.0039826011718516,-0.0079412422142487,./emotion-fmri-neu/cp029_beta_disgust_incongruent_c0.nii.gz,29,disgust,incongruent,disgust,anger,1
0.071001625689292,0.2020671200370158,-0.1936708892548838,0.1104889575872259,0.023545323311798,0.0677140795724811,0.0881971331779753,-0.075706898913614,0.0609932123563127,-0.0632795879651023,0.0541488123588494,-0.0726908002765425,-0.0080915711551478,-0.0252620407880329,-0.0513248224647079,-0.0617959542180583,0.0307473282962667,0.0128038685529885,-0.0399040418352473,-0.0289378867662595,-0.0324785571462731,./emotion-fmri-neu/cp018_beta_disgust_neutral_c0.nii.gz,18,disgust,neutral,disgust,fear,1
0.0731585917768527,-0.0550250332632872,0.0131531305969621,0.076563712915969,-0.0565303419631843,-0.0505080899362147,0.0123760920682851,0.014091987821698,0.0292110221870025,-0.0292565435896427,-0.0889934748361573,-0.0475227152659761,-0.0386471533379271,0.0411521742801122,0.0105058887585871,0.0277400882307058,-0.0364441146641362,0.0287746432918133,-0.0746953831725452,0.0515207398414345,-0.0891177326785153,./emotion-fmri-neu/cp009_beta_fear_incongruent_c0.nii.gz,9,fear,incongruent,fear,anger,1
0.0768291304341974,0.0080835486346515,0.0709401826525314,0.0208779762714292,-0.068630273683432,-0.0051849499164948,-0.0332773189822887,0.0120806901586398,0.1349246768503154,0.1922938893657557,0.0956076484509185,-0.0164225825388031,-0.0021347925124225,-0.0412815750881894,-0.0348851925314811,-0.041974802040873,-0.0579271639069244,0.0343550620980709,-0.008007327248845,-0.0655424216608217,-0.0900511866658696,./emotion-fmri-neu/cp013_beta_fear_neutral_c0.nii.gz,13,fear,neutral,fear,disgust,1
0.0827929980480671,-0.069087556737814,-0.0162288659306197,0.0807629859182349,-0.1096866385759562,-0.0554996540402751,0.0160893078782539,0.0441543951465268,0.0401177690581192,-0.0327451582901478,-0.1164070770575136,-0.0101064853443423,-0.0499711881573135,0.0235782113328949,0.0568376191907317,0.0121011442861245,-0.0806644016757542,0.0531055328982708,-0.0772110449323016,0.1231098156287371,-0.1112535304907892,./emotion-fmri-neu/cp009_beta_disgust_neutral_c0.nii.gz,9,disgust,neutral,disgust,anger,1
0.0844912833596924,-0.0868559890898187,-0.0267575596333052,0.0816157754199356,-0.0386699981848383,0.0220158231712244,-0.0990203701922519,-0.0885915771339645,-0.0120790887937375,-0.0185742481050773,0.1565726946601451,0.0575757888918456,-0.0267200241317952,-0.0631003270612293,0.0612886136408513,-0.09169734649646,-0.0825871155265574,-0.1275586249183749,-0.0063034236048659,0.1135808688302521,0.104169851711457,./emotion-fmri-neu/cp010_beta_disgust_neutral_c0.nii.gz,10,disgust,neutral,disgust,fear,1
0.0910331086263338,0.2003585912136243,-0.0950673632249863,0.0639376452792022,-0.0165119019450443,0.0184504135094696,0.1214780780405683,-0.0551665933100932,0.0218011790998568,-0.0635697310316034,0.043583194185173,-0.043452799733064,0.0105616856881367,0.0385456594295753,-0.0472645821132835,-0.0744531035801101,0.0072930284462261,-0.0312666221246059,0.0082407371535253,-0.0080668981533836,0.0021565840862281,./emotion-fmri-neu/cp018_beta_disgust_congruent_c0.nii.gz,18,disgust,congruent,disgust,anger,1
0.0952576635131826,-0.0407882180850142,0.0550285265261495,0.0611468110509029,-0.0484099775002327,-0.0684010865837142,0.0806014505896048,0.0994523582204451,-0.1021331029689642,-0.0331482090293616,-0.0841534688444393,-0.0945886323914319,-0.1180473393240013,-0.0518924677485953,0.0271499371920407,0.0277781536018674,-0.0519321044466096,-0.0522947009879826,-0.1091916481154382,0.0728123608682748,-0.1013589566527641,./emotion-fmri-neu/cp009_beta_fear_congruent_c0.nii.gz,9,fear,congruent,fear,anger,1
0.0973168328594647,0.0847719459774482,0.1145459491924239,-0.041647998815253,-0.1165469363452358,0.0209234073644084,-0.0917577487173605,0.0910165826065872,0.0765682700499321,0.1904065404620682,0.0496195951948053,-0.0787379093036488,0.0784254146445216,0.0585893784414788,-0.1504089661273419,-0.1396742021252644,-0.0685850494126012,0.0343255968361775,0.0087959022902876,-0.0574331526311809,-0.0177766757597264,./emotion-fmri-neu/cp013_beta_anger_neutral_c0.nii.gz,13,anger,neutral,anger,fear,1
0.1012929320932217,-0.0674134594974429,0.1432764194929359,0.0157965698759178,-0.0226418716991763,-0.013813025519156,0.2387607599872239,-0.0360961165661381,-0.0100719291672589,-0.0148026554674113,0.052305388880874,0.1122818782925013,0.0812881070614079,-0.0061976523810862,0.0359370720167441,0.0576098954956082,-0.080468555022262,0.0002434794214979,0.0672025029986705,-0.1364823992067511,0.0304298919940122,./emotion-fmri-neu/cp020_beta_anger_congruent_c0.nii.gz,20,anger,congruent,anger,fear,1
0.1017886478161599,-0.0169811267099304,0.0138013410056152,-0.0260279885303539,0.0931650097514374,-0.0927482988141024,0.0136096099577406,-0.0654518539446972,0.0317957871132793,0.0130964016326294,0.0201947487652487,-0.041957301353879,-0.0837321344617597,-0.0241148816138799,0.0033860373259978,0.0111530836853597,-0.0407302844119702,0.0198696525685746,0.071810678462681,-0.0104572687573982,0.0624699949706594,./emotion-fmri-neu/cp008_beta_disgust_incongruent_c0.nii.gz,8,disgust,incongruent,disgust,anger,1
0.1116198800140702,0.0027065363568335,-0.1413928120131672,-0.1680121941486716,-0.0575064371337463,-0.0448918527799188,-0.0125692744126267,0.0135267014036737,-0.0113760861915362,0.0120731409247469,-0.0048354918323231,0.0447360474754355,-0.0196851575402665,-0.0014751069114956,0.0586805962613168,0.0473174615393725,0.0456119215533999,-0.0638179304621867,-0.0809502011775837,0.0126343175385548,0.0952750728979438,./emotion-fmri-neu/cp022_beta_anger_congruent_c0.nii.gz,22,anger,congruent,anger,fear,1
0.1136833396121022,-0.0636535237590993,0.0184270151387112,0.0594128275646261,-0.0783570645728244,-0.0343376452471475,0.0184796213675323,0.0472795849830327,-0.0379202803516677,-0.008304586013194,-0.1208603035012702,-0.0433015235329095,-0.0705768967326429,0.0248448937671076,0.0154149038413115,-0.0500197092801941,-0.0836665026600194,0.0015363088057731,-0.062598492773316,0.0797653248487922,-0.1037550958716465,./emotion-fmri-neu/cp009_beta_fear_neutral_c0.nii.gz,9,fear,neutral,fear,anger,1
0.1196477442695741,-0.1478975921535653,-0.1388405117595814,0.097826495411591,0.1958984588263206,-0.0472012210502994,0.0740711871322244,0.0697065932922915,0.1624465939189023,0.0839343376075471,0.0719932394575474,0.1693475089675225,-0.0307472555691305,0.0367968664625876,-0.0333138491815068,0.1154153011597516,-0.0461539151491465,-0.0555288686091752,-0.0612339965182704,0.0419250553459673,-0.0792396087291065,./emotion-fmri-neu/cp020_beta_disgust_neutral_c0.nii.gz,20,disgust,neutral,disgust,fear,1
0.1312683811657783,-0.1187889697664809,-0.0667339652396527,0.0872916804057621,0.0895255284805962,-0.0399521120866124,-0.0312259273992508,0.0133961429589787,0.0614116770827012,0.0766311725548844,-0.0502724283105943,-0.079358245969535,0.0877315132565019,0.0986686762863604,0.1934147871816191,-0.0574471216110654,0.1684583679355042,0.0635963734955273,0.0152761755582939,-0.034424558482398,-0.118795906358405,./emotion-fmri-neu/cp004_beta_anger_neutral_c0.nii.gz,4,anger,neutral,anger,fear,1
0.1390557517173576,-0.0260290489556932,-0.0143365939657541,0.0659771186423677,0.0561560563476731,0.0406385063428415,-0.053916219355345,0.115751398640774,-0.0919350449157255,-0.0237717101605874,-0.0016777361829292,-0.0174904884966084,-0.0446603532226771,-0.0159383738652692,-0.088072765728769,0.0305156929940268,-0.0977318267748658,0.0541717676813632,0.1668458037058048,-0.0069567215282858,-0.0450832161689661,./emotion-fmri-neu/cp029_beta_anger_neutral_c0.nii.gz,29,anger,neutral,anger,disgust,1
0.2436880409563791,-0.0518368100366916,0.0363672721851532,-0.0489314210608252,0.0573746705794364,-0.121315931913043,0.0379978344728339,-0.0779746983824312,-0.0032147678149367,-0.0216357999188928,0.0075990246392921,-0.0485046446202454,-0.1199344258104714,-0.0247552688708423,-0.0322567064431221,0.0537068326650055,-0.0082309883640358,-0.1562123946025033,0.0670518846397489,-0.0791301187276159,0.0899662684833804,./emotion-fmri-neu/cp008_beta_disgust_congruent_c0.nii.gz,8,disgust,congruent,disgust,fear,1
