Feat 1,Feat 2,Feat 3,Feat 4,Feat 5,filename,subject,emotion,priming,true_label,predicted_label,error_count
-506.01360870799897,-177.7488831464148,-306.77165584786576,54.150384739114,-83.0242796859397,./emotion-fmri-neu/cp025_beta_anger_neutral_c0.nii.gz,25,anger,neutral,anger,fear,1
-337.8555472252643,-46.11302845622163,17.503521810975993,222.8566465760665,215.3725804316826,./emotion-fmri-neu/cp023_beta_fear_neutral_c0.nii.gz,23,fear,neutral,fear,disgust,1
-337.44007760632235,-201.3512552355824,-94.9648645334063,217.89577878865185,83.9332582074004,./emotion-fmri-neu/cp025_beta_fear_congruent_c0.nii.gz,25,fear,congruent,fear,disgust,1
-331.72958450212207,273.40643135648804,18.557813269983065,7.207302541551568,-37.49691336751199,./emotion-fmri-neu/cp026_beta_anger_neutral_c0.nii.gz,26,anger,neutral,anger,fear,1
-318.4888864617674,-266.8223506347896,4.297720971776333,-40.690580757101095,-6.140493506751159,./emotion-fmri-neu/cp025_beta_disgust_incongruent_c0.nii.gz,25,disgust,incongruent,disgust,anger,1
-300.6622531768781,261.51012756203096,-403.3760411520065,-59.11099243946623,-287.9622887134962,./emotion-fmri-neu/cp030_beta_fear_congruent_c0.nii.gz,30,fear,congruent,fear,disgust,1
-296.1307153815176,182.9875784139548,114.6469073736878,135.45450055793995,-179.2135558681633,./emotion-fmri-neu/cp026_beta_disgust_congruent_c0.nii.gz,26,disgust,congruent,disgust,fear,1
-287.7995487314748,150.50639323555166,-40.185189253725085,-7.506409368048397,-191.6793634329622,./emotion-fmri-neu/cp026_beta_anger_congruent_c0.nii.gz,26,anger,congruent,anger,disgust,1
-286.44517289068534,-137.18364659775483,35.409072026633766,-87.34468444569015,416.3834714417034,./emotion-fmri-neu/cp022_beta_fear_neutral_c0.nii.gz,22,fear,neutral,fear,anger,1
-270.5508594689756,1.111812255104511,418.4833956928232,-207.41551652594316,220.88014069868,./emotion-fmri-neu/cp009_beta_fear_congruent_c0.nii.gz,9,fear,congruent,fear,anger,1
-259.39802948291174,55.910909785439,254.02642724060811,-180.5609764621236,97.00998436500667,./emotion-fmri-neu/cp009_beta_disgust_congruent_c0.nii.gz,9,disgust,congruent,disgust,anger,1
-255.53130368009585,48.42646986845748,-94.51107400187882,173.5332842696033,-178.31484080039928,./emotion-fmri-neu/cp007_beta_fear_congruent_c0.nii.gz,7,fear,congruent,fear,anger,1
-247.1076124421862,319.222835586269,67.4499853808833,-24.47981671022833,-61.66232584390498,./emotion-fmri-neu/cp026_beta_disgust_neutral_c0.nii.gz,26,disgust,neutral,disgust,fear,1
-246.9864183207065,66.84752206709662,-297.27545305528963,-255.03401637043297,-212.04567969600907,./emotion-fmri-neu/cp030_beta_disgust_incongruent_c0.nii.gz,30,disgust,incongruent,disgust,anger,1
-241.93764010787712,-121.58019912402094,286.67966264643314,121.10283718801988,-202.86369450760017,./emotion-fmri-neu/cp013_beta_disgust_incongruent_c0.nii.gz,13,disgust,incongruent,disgust,anger,1
-240.80664873526192,156.05701862297994,78.84611188788811,22.795802204662326,-162.5389407570384,./emotion-fmri-neu/cp026_beta_anger_incongruent_c0.nii.gz,26,anger,incongruent,anger,fear,1
-231.78949861016451,-61.71224899479296,175.56397158927302,250.18491211642163,-123.81952882441472,./emotion-fmri-neu/cp013_beta_fear_congruent_c0.nii.gz,13,fear,congruent,fear,anger,1
-227.5955920572315,138.87622073415392,218.9377659881738,-282.71210259607454,347.6154965729872,./emotion-fmri-neu/cp009_beta_disgust_neutral_c0.nii.gz,9,disgust,neutral,disgust,anger,1
-224.3552090846548,-134.2711999631191,51.62485190212859,-182.9624348391121,47.76616740173082,./emotion-fmri-neu/cp005_beta_fear_incongruent_c0.nii.gz,5,fear,incongruent,fear,anger,1
-223.93756627333528,-58.937255587839765,89.59396661525324,-244.01315879202923,74.60351873059429,./emotion-fmri-neu/cp005_beta_disgust_congruent_c0.nii.gz,5,disgust,congruent,disgust,anger,1
-221.66687557722727,-195.0839734227432,0.9871850255783692,-43.23423849122831,300.24769163722783,./emotion-fmri-neu/cp022_beta_disgust_incongruent_c0.nii.gz,22,disgust,incongruent,disgust,anger,1
-218.109439582248,99.90177484978716,-104.59989293734698,-103.14279068899968,286.08768375192494,./emotion-fmri-neu/cp022_beta_disgust_neutral_c0.nii.gz,22,disgust,neutral,disgust,anger,1
-217.23426413007897,-514.5104499944166,-111.446093509615,-176.10237347314288,-297.23102382221066,./emotion-fmri-neu/cp018_beta_disgust_incongruent_c0.nii.gz,18,disgust,incongruent,disgust,anger,1
-216.48422693110496,7.733436765687199,365.4165247835785,-195.9363460877567,393.2412917248328,./emotion-fmri-neu/cp009_beta_fear_neutral_c0.nii.gz,9,fear,neutral,fear,anger,1
-209.1579932424116,-249.94326737569656,30.24696901625772,-114.82514650986552,293.428411833162,./emotion-fmri-neu/cp022_beta_fear_incongruent_c0.nii.gz,22,fear,incongruent,fear,anger,1
-205.35516844110555,-239.46737396063588,421.22777057116207,24.04719507578205,114.97896949125132,./emotion-fmri-neu/cp013_beta_fear_incongruent_c0.nii.gz,13,fear,incongruent,fear,anger,1
-203.51545120349545,-150.66694686782833,284.93066381331863,145.99427717560616,15.326044504280226,./emotion-fmri-neu/cp013_beta_disgust_congruent_c0.nii.gz,13,disgust,congruent,disgust,anger,1
-203.03311053856095,184.11646103977083,-1.4903020886259837,-138.87910308586947,-83.36114577606831,./emotion-fmri-neu/cp026_beta_fear_congruent_c0.nii.gz,26,fear,congruent,fear,anger,1
-198.4274508724673,78.27535785654807,-78.94275812835843,102.12403851764503,177.87023787197288,./emotion-fmri-neu/cp023_beta_anger_congruent_c0.nii.gz,23,anger,congruent,anger,disgust,1
-197.4628429629946,-195.77355288144,-110.10931599050672,75.22751944834822,159.64086160801304,./emotion-fmri-neu/cp025_beta_anger_congruent_c0.nii.gz,25,anger,congruent,anger,disgust,1
-184.0804309450613,277.75659311713,-251.1859008306116,282.48990427783264,-454.0342838245291,./emotion-fmri-neu/cp007_beta_disgust_congruent_c0.nii.gz,7,disgust,congruent,disgust,fear,1
-182.95466070600105,86.30651184173955,-177.56950168680774,-196.83947090596095,434.86268610743497,./emotion-fmri-neu/cp030_beta_disgust_neutral_c0.nii.gz,30,disgust,neutral,disgust,anger,1
-178.98299783725352,-31.56309905634556,41.84464069777351,145.57056282831294,226.87536120580097,./emotion-fmri-neu/cp023_beta_fear_incongruent_c0.nii.gz,23,fear,incongruent,fear,disgust,1
-170.8696418730744,50.29135442328664,317.4384996882961,208.1756334761996,-213.95135468920373,./emotion-fmri-neu/cp013_beta_disgust_neutral_c0.nii.gz,13,disgust,neutral,disgust,anger,1
-162.0618320691034,134.48247222752042,-214.10820392999383,120.0103765693116,-264.6872757764113,./emotion-fmri-neu/cp012_beta_fear_incongruent_c0.nii.gz,12,fear,incongruent,fear,disgust,1
-159.5202833168968,-558.7396722835801,54.13270360212636,-169.3533151538674,67.32117973913869,./emotion-fmri-neu/cp018_beta_disgust_congruent_c0.nii.gz,18,disgust,congruent,disgust,anger,1
-157.12518238360818,184.40130915147063,138.2163066950475,236.38915909175145,112.98343068761896,./emotion-fmri-neu/cp011_beta_disgust_neutral_c0.nii.gz,11,disgust,neutral,disgust,anger,1
-151.0948532320969,-198.18242792886525,2.24296792298884,60.540046094420376,-449.6854159224652,./emotion-fmri-neu/cp021_beta_disgust_incongruent_c0.nii.gz,21,disgust,incongruent,disgust,anger,1
-150.06348395788805,302.0397826896031,-290.00489785651183,178.99740614627643,68.44074753987246,./emotion-fmri-neu/cp012_beta_anger_congruent_c0.nii.gz,12,anger,congruent,anger,fear,1
-145.10135795242317,-49.99630670149229,-15.307786153290303,-88.99126131382508,-243.1240502141648,./emotion-fmri-neu/cp005_beta_disgust_incongruent_c0.nii.gz,5,disgust,incongruent,disgust,anger,1
-144.0981214526101,61.55822378214125,-113.125046187808,72.81696273820396,230.6066332232717,./emotion-fmri-neu/cp001_beta_anger_congruent_c0.nii.gz,1,anger,congruent,anger,fear,1
-143.8254466033422,169.72345477217578,-504.1218303249824,-152.84905703176335,-296.844130793641,./emotion-fmri-neu/cp030_beta_fear_incongruent_c0.nii.gz,30,fear,incongruent,fear,disgust,1
-132.28343567556522,-327.277475895498,-162.1308362531593,-156.37109074564466,-138.72527151494253,./emotion-fmri-neu/cp018_beta_fear_congruent_c0.nii.gz,18,fear,congruent,fear,anger,1
-127.56081044001937,-376.3325903986341,-185.75113854588625,238.54052763392343,70.94059022177984,./emotion-fmri-neu/cp028_beta_disgust_congruent_c0.nii.gz,28,disgust,congruent,disgust,anger,1
-126.70357104001252,169.42230033896277,160.79088004875632,-173.63317793195242,-101.9869796407945,./emotion-fmri-neu/cp029_beta_disgust_congruent_c0.nii.gz,29,disgust,congruent,disgust,anger,1
-125.90555727185458,-496.04899336185343,449.39110899940624,-161.24237010337816,773.7644493933907,./emotion-fmri-neu/cp008_beta_disgust_congruent_c0.nii.gz,8,disgust,congruent,disgust,anger,1
-124.3282166337634,-222.01836931513571,275.0968946355396,-160.89436112265204,-24.63220138736647,./emotion-fmri-neu/cp029_beta_fear_incongruent_c0.nii.gz,29,fear,incongruent,fear,anger,1
-123.25484433784295,290.2298419288049,235.1432276966249,90.16773071933576,67.82505979354112,./emotion-fmri-neu/cp005_beta_fear_neutral_c0.nii.gz,5,fear,neutral,fear,anger,1
-121.31372250625442,5.954636262990704,264.38251455128346,282.10187567797186,59.45272612634701,./emotion-fmri-neu/cp008_beta_anger_congruent_c0.nii.gz,8,anger,congruent,anger,fear,1
-119.2369777800574,29.55849068407945,61.12825480326718,-295.724662605209,-75.35083923332967,./emotion-fmri-neu/cp005_beta_fear_congruent_c0.nii.gz,5,fear,congruent,fear,anger,1
-103.98656771829096,-43.08218642931832,-267.5889180476657,345.4997433039361,-99.77449774238131,./emotion-fmri-neu/cp014_beta_fear_neutral_c0.nii.gz,14,fear,neutral,fear,anger,1
-100.2476497419343,-31.909211586762563,263.50800515415705,-47.03335674638736,-296.47258396649545,./emotion-fmri-neu/cp021_beta_disgust_congruent_c0.nii.gz,21,disgust,congruent,disgust,anger,1
-100.18773026131434,-484.701123427992,-185.9214574311934,-231.85139385216803,-319.2089498704812,./emotion-fmri-neu/cp018_beta_fear_incongruent_c0.nii.gz,18,fear,incongruent,fear,anger,1
-98.19966000980712,38.43614677905092,260.4472188873722,-194.73751595183225,255.06754039291027,./emotion-fmri-neu/cp009_beta_fear_incongruent_c0.nii.gz,9,fear,incongruent,fear,anger,1
-96.88182567510738,-130.2594614148793,140.3208098306546,18.58887890468559,-451.7615582546772,./emotion-fmri-neu/cp021_beta_fear_incongruent_c0.nii.gz,21,fear,incongruent,fear,anger,1
-94.02229391938916,19.92454290723973,-68.02322191420423,282.636719266593,-179.5932003676076,./emotion-fmri-neu/cp014_beta_anger_incongruent_c0.nii.gz,14,anger,incongruent,anger,fear,1
-93.70377201456904,150.97132975434863,187.81221118762804,-107.49147037474788,-142.06535156048636,./emotion-fmri-neu/cp029_beta_fear_congruent_c0.nii.gz,29,fear,congruent,fear,anger,1
-90.16394569035178,134.2252309738836,-34.17963888011353,117.03158368356088,258.02984524834966,./emotion-fmri-neu/cp023_beta_fear_congruent_c0.nii.gz,23,fear,congruent,fear,disgust,1
-88.96781932165797,136.86880417266167,166.9858848454756,-282.07488549036907,75.71566024952921,./emotion-fmri-neu/cp009_beta_disgust_incongruent_c0.nii.gz,9,disgust,incongruent,disgust,anger,1
-77.99581365514265,48.55270852368859,-275.6703070295029,105.7287142720099,-47.32357882433768,./emotion-fmri-neu/cp007_beta_disgust_incongruent_c0.nii.gz,7,disgust,incongruent,disgust,fear,1
-73.89234899802686,-36.744468873132,-111.66327595766306,477.5364139057755,-75.6671971039636,./emotion-fmri-neu/cp014_beta_disgust_neutral_c0.nii.gz,14,disgust,neutral,disgust,fear,1
-69.14753037971386,-61.49396560229907,-23.770544175715745,165.2743502492938,388.73309586648094,./emotion-fmri-neu/cp012_beta_anger_incongruent_c0.nii.gz,12,anger,incongruent,anger,fear,1
-66.47381736123981,266.1433136923678,-19.82972167321936,51.53060306532761,-525.5394518977212,./emotion-fmri-neu/cp011_beta_disgust_congruent_c0.nii.gz,11,disgust,congruent,disgust,anger,1
-63.20515838885762,261.6887174556775,-30.859949520792156,53.443330367548015,-144.85009797975147,./emotion-fmri-neu/cp006_beta_anger_incongruent_c0.nii.gz,6,anger,incongruent,anger,fear,1
-61.99585694867722,-89.99629243065185,-177.45161238041226,-16.823639028638894,190.29969255427255,./emotion-fmri-neu/cp023_beta_anger_incongruent_c0.nii.gz,23,anger,incongruent,anger,disgust,1
-61.190169070694,111.63492866637952,-274.30973549963375,251.3289191983764,149.92602830921246,./emotion-fmri-neu/cp012_beta_disgust_congruent_c0.nii.gz,12,disgust,congruent,disgust,anger,1
-56.26828639698802,120.16739771276217,124.27953522058174,117.75442082892312,383.88184729364383,./emotion-fmri-neu/cp012_beta_disgust_incongruent_c0.nii.gz,12,disgust,incongruent,disgust,fear,1
-55.13670497044479,-101.474611416663,-120.16466296587146,424.370348050492,190.2834757748519,./emotion-fmri-neu/cp014_beta_anger_neutral_c0.nii.gz,14,anger,neutral,anger,fear,1
-54.786127926765246,-224.49330236015743,291.7309168531852,-197.18729455267265,17.231496877124524,./emotion-fmri-neu/cp029_beta_disgust_incongruent_c0.nii.gz,29,disgust,incongruent,disgust,anger,1
-43.23820279151411,-4.544359556699352,213.95511500385228,274.2204858921877,-187.88209638168888,./emotion-fmri-neu/cp021_beta_fear_congruent_c0.nii.gz,21,fear,congruent,fear,anger,1
-43.18029037649557,-151.2223266092104,-357.2010704842246,65.86490916969137,-281.4032836227842,./emotion-fmri-neu/cp028_beta_fear_incongruent_c0.nii.gz,28,fear,incongruent,fear,disgust,1
-41.96071424540225,-34.92914940697469,-129.99985362561227,383.8633846816293,23.43014981136296,./emotion-fmri-neu/cp014_beta_disgust_congruent_c0.nii.gz,14,disgust,congruent,disgust,fear,1
-39.28984578706326,-431.1244487826481,321.7475185698235,52.75444151402156,577.3580661258658,./emotion-fmri-neu/cp008_beta_fear_congruent_c0.nii.gz,8,fear,congruent,fear,anger,1
-38.01788699067603,62.06597779365064,658.7756018396927,87.16404545276143,277.0713502381963,./emotion-fmri-neu/cp020_beta_anger_congruent_c0.nii.gz,20,anger,congruent,anger,fear,1
-34.7921593217316,-80.2134958756906,-480.8012347151417,-46.97789643968935,-58.38778417646554,./emotion-fmri-neu/cp028_beta_fear_neutral_c0.nii.gz,28,fear,neutral,fear,anger,1
-30.368975690682674,-113.03801847067456,503.49350181302657,55.53558364528624,112.37421424125516,./emotion-fmri-neu/cp013_beta_fear_neutral_c0.nii.gz,13,fear,neutral,fear,anger,1
-21.01557991283109,39.79957547073516,-29.34335767173675,173.03335889132973,-440.4539976386693,./emotion-fmri-neu/cp021_beta_anger_congruent_c0.nii.gz,21,anger,congruent,anger,fear,1
-13.896957009722788,-35.46119655945665,-187.2687993272297,16.26561473056717,565.2405473384192,./emotion-fmri-neu/cp012_beta_fear_neutral_c0.nii.gz,12,fear,neutral,fear,anger,1
-8.366452965678173,156.74156226656316,-272.91780990652296,151.33889368721506,-214.470490593045,./emotion-fmri-neu/cp007_beta_anger_incongruent_c0.nii.gz,7,anger,incongruent,anger,fear,1
-4.393274985033612,27.830164700107805,-30.620040119920137,343.4129809193805,-201.85756999784576,./emotion-fmri-neu/cp014_beta_anger_congruent_c0.nii.gz,14,anger,congruent,anger,fear,1
-0.0494563620280999,15.303323726041224,199.81000552849363,-127.31649480440156,821.7273011786231,./emotion-fmri-neu/cp004_beta_disgust_neutral_c0.nii.gz,4,disgust,neutral,disgust,fear,1
2.436756253633644,268.2971091810253,-17.58039169763832,111.77466860378932,-212.42642090204532,./emotion-fmri-neu/cp006_beta_anger_congruent_c0.nii.gz,6,anger,congruent,anger,fear,1
2.537142666555112,-286.04336883224306,78.76996768262687,-12.226266202793806,-248.93158573086075,./emotion-fmri-neu/cp024_beta_fear_incongruent_c0.nii.gz,24,fear,incongruent,fear,disgust,1
3.4035544083481044,114.82655711065696,-99.82670285602448,-110.14684751959244,-47.34416270641818,./emotion-fmri-neu/cp019_beta_fear_incongruent_c0.nii.gz,19,fear,incongruent,fear,anger,1
8.864491711030665,264.9318944560485,132.8378448554216,129.42476137518412,188.5605734776139,./emotion-fmri-neu/cp027_beta_fear_congruent_c0.nii.gz,27,fear,congruent,fear,disgust,1
9.962213746089718,125.09041455870356,-147.92948736277933,-134.34344264878052,-62.30626597190015,./emotion-fmri-neu/cp019_beta_disgust_incongruent_c0.nii.gz,19,disgust,incongruent,disgust,anger,1
11.985633242147184,8.476452540292604,66.79923690846007,248.4394260818028,104.19331529015732,./emotion-fmri-neu/cp015_beta_fear_congruent_c0.nii.gz,15,fear,congruent,fear,disgust,1
12.381951204909637,-439.2196750146927,122.64421417648444,-201.93639302602904,266.65185203687787,./emotion-fmri-neu/cp028_beta_fear_congruent_c0.nii.gz,28,fear,congruent,fear,anger,1
14.564908327529066,359.09697974825343,-499.05844973478776,-241.4100509788696,62.244943019913855,./emotion-fmri-neu/cp030_beta_fear_neutral_c0.nii.gz,30,fear,neutral,fear,anger,1
15.21210864183723,211.29098306546712,-11.61369020837691,-180.1614046177748,157.06706670990624,./emotion-fmri-neu/cp019_beta_fear_congruent_c0.nii.gz,19,fear,congruent,fear,anger,1
17.62960608932188,306.55377103785173,-236.36585861732885,99.6485824891416,152.41534641374045,./emotion-fmri-neu/cp016_beta_anger_neutral_c0.nii.gz,16,anger,neutral,anger,fear,1
28.815869475479097,-492.5406452924052,352.6806242552491,-14.918675097151722,223.23345110977112,./emotion-fmri-neu/cp024_beta_disgust_neutral_c0.nii.gz,24,disgust,neutral,disgust,anger,1
32.752702369794946,-190.18601010132735,-40.72208054852703,174.09690959236588,350.0337302987698,./emotion-fmri-neu/cp023_beta_anger_neutral_c0.nii.gz,23,anger,neutral,anger,disgust,1
32.7939111040493,477.9085459967233,-211.01528791936911,-478.2210656085834,-349.4087186377981,./emotion-fmri-neu/cp004_beta_fear_congruent_c0.nii.gz,4,fear,congruent,fear,disgust,1
33.72884496987299,98.0730937317374,38.3687871238016,-201.5719567057651,-372.1155577283069,./emotion-fmri-neu/cp011_beta_disgust_incongruent_c0.nii.gz,11,disgust,incongruent,disgust,anger,1
34.9531664829898,339.97649423427407,20.40349415065896,46.899871380149534,97.5486548037296,./emotion-fmri-neu/cp006_beta_disgust_neutral_c0.nii.gz,6,disgust,neutral,disgust,fear,1
40.58372367745567,-140.03793598515898,20.28510841800302,-331.100305241092,40.17866847264164,./emotion-fmri-neu/cp010_beta_disgust_incongruent_c0.nii.gz,10,disgust,incongruent,disgust,anger,1
40.89760804385905,302.0319592167192,1.1620247590438963,282.01172578882154,-75.14578163590413,./emotion-fmri-neu/cp003_beta_anger_congruent_c0.nii.gz,3,anger,congruent,anger,fear,1
42.55072199898155,80.96907852905379,45.01169273065949,-240.1628089021233,-153.0317911802886,./emotion-fmri-neu/cp001_beta_disgust_congruent_c0.nii.gz,1,disgust,congruent,disgust,anger,1
47.30789907274427,245.421563131902,314.4410795577041,26.7906939950616,32.46770655496577,./emotion-fmri-neu/cp003_beta_fear_neutral_c0.nii.gz,3,fear,neutral,fear,anger,1
48.346006823704776,-261.43085343952094,102.91582898510018,10.9108908929438,-121.19822264739338,./emotion-fmri-neu/cp017_beta_disgust_incongruent_c0.nii.gz,17,disgust,incongruent,disgust,anger,1
52.087270506146886,-8.801080530674264,-22.9878388458911,-473.86221356304026,430.92234002434014,./emotion-fmri-neu/cp010_beta_disgust_neutral_c0.nii.gz,10,disgust,neutral,disgust,anger,1
54.30886037916434,-38.42846666351352,-79.52450321785044,-394.1872228820709,252.60375859439617,./emotion-fmri-neu/cp010_beta_fear_neutral_c0.nii.gz,10,fear,neutral,fear,anger,1
57.11886526738503,172.3989498428898,144.66141662184637,221.63861897571323,2.9222161345799083,./emotion-fmri-neu/cp003_beta_disgust_congruent_c0.nii.gz,3,disgust,congruent,disgust,anger,1
58.30605510210284,170.47287273602203,-40.60881947169343,-181.05135519981476,-381.3104373188176,./emotion-fmri-neu/cp011_beta_fear_incongruent_c0.nii.gz,11,fear,incongruent,fear,anger,1
60.91028171094719,-54.48734179855113,-78.73652321077364,-216.5345573519714,-279.1353260618276,./emotion-fmri-neu/cp008_beta_anger_incongruent_c0.nii.gz,8,anger,incongruent,anger,disgust,1
61.45176776852529,23.543796285657045,-264.83418464868595,163.9495539886674,10.909577323142583,./emotion-fmri-neu/cp007_beta_anger_neutral_c0.nii.gz,7,anger,neutral,anger,fear,1
61.50205319778501,-45.41232599872806,322.6742497556042,220.1976872382739,183.6050286054757,./emotion-fmri-neu/cp001_beta_fear_neutral_c0.nii.gz,1,fear,neutral,fear,anger,1
62.82407181293525,-617.7327913532858,-144.77794450172357,-157.22681813533143,80.69178976047249,./emotion-fmri-neu/cp018_beta_disgust_neutral_c0.nii.gz,18,disgust,neutral,disgust,anger,1
63.96860778401311,-101.6739728701397,-365.9386591977005,-75.29733835072608,-251.986973851168,./emotion-fmri-neu/cp028_beta_anger_neutral_c0.nii.gz,28,anger,neutral,anger,disgust,1
68.39597771463497,-574.0220267501795,-47.35576028313711,-241.70421591058715,-58.51075914856617,./emotion-fmri-neu/cp018_beta_fear_neutral_c0.nii.gz,18,fear,neutral,fear,anger,1
69.55831991484347,-108.02510399343151,225.8260649334096,148.1657359925197,-330.3926226565431,./emotion-fmri-neu/cp021_beta_fear_neutral_c0.nii.gz,21,fear,neutral,fear,anger,1
76.70185890233627,-43.00758305472062,-42.32405988983006,-128.63764157791493,323.7179486535356,./emotion-fmri-neu/cp010_beta_disgust_congruent_c0.nii.gz,10,disgust,congruent,disgust,anger,1
77.89395530898632,344.4034790741568,-130.93872473770512,12.234392264902151,-546.3608766852841,./emotion-fmri-neu/cp011_beta_fear_congruent_c0.nii.gz,11,fear,congruent,fear,anger,1
78.1445877289434,-154.66649127558932,-31.94555571813521,-202.2958096178581,156.24248235880478,./emotion-fmri-neu/cp010_beta_fear_incongruent_c0.nii.gz,10,fear,incongruent,fear,anger,1
80.73339501805027,31.10018591154504,184.716506464239,-8.73050305691559,197.48087806461444,./emotion-fmri-neu/cp027_beta_anger_congruent_c0.nii.gz,27,anger,congruent,anger,disgust,1
81.08176934163369,-171.44645808280532,34.55072615417116,30.332931304894316,46.13629041220005,./emotion-fmri-neu/cp017_beta_anger_congruent_c0.nii.gz,17,anger,congruent,anger,disgust,1
81.38598706515586,-23.96234257938824,62.123545635904605,102.96078651173852,140.5226573309757,./emotion-fmri-neu/cp015_beta_fear_incongruent_c0.nii.gz,15,fear,incongruent,fear,disgust,1
82.27885606474688,-189.97021690006332,450.6271650243124,-504.5674003184717,-2.5777871278747995,./emotion-fmri-neu/cp030_beta_anger_neutral_c0.nii.gz,30,anger,neutral,anger,disgust,1
83.96064489350218,207.21360474594616,-159.0592213333449,80.09430103558287,24.739834963997907,./emotion-fmri-neu/cp016_beta_fear_incongruent_c0.nii.gz,16,fear,incongruent,fear,disgust,1
85.13482009052228,31.43644117049484,-188.30991443491007,147.21518778918693,-501.8283801037231,./emotion-fmri-neu/cp021_beta_disgust_neutral_c0.nii.gz,21,disgust,neutral,disgust,fear,1
88.03846961424743,-296.2826753925728,94.56089873287068,213.63120368982752,-176.39869911288213,./emotion-fmri-neu/cp002_beta_fear_incongruent_c0.nii.gz,2,fear,incongruent,fear,disgust,1
97.82964582034109,350.31909597517256,-213.17584149464815,58.1967133364442,-16.430422539201707,./emotion-fmri-neu/cp016_beta_fear_congruent_c0.nii.gz,16,fear,congruent,fear,disgust,1
100.5004556401477,-251.6618563422816,44.49537850533845,-23.70309960058518,-272.8856186029654,./emotion-fmri-neu/cp024_beta_anger_incongruent_c0.nii.gz,24,anger,incongruent,anger,disgust,1
100.56709499203072,112.09532864818628,271.9188083940582,-236.70683520864551,10.620277405844526,./emotion-fmri-neu/cp029_beta_fear_neutral_c0.nii.gz,29,fear,neutral,fear,anger,1
102.25926136913375,-284.0947239610225,212.90442935295144,-45.65672466785686,363.9853623418532,./emotion-fmri-neu/cp008_beta_disgust_incongruent_c0.nii.gz,8,disgust,incongruent,disgust,anger,1
102.99454102922996,39.7498489447125,-85.67107974463741,164.78179548261008,98.28090675358422,./emotion-fmri-neu/cp015_beta_anger_congruent_c0.nii.gz,15,anger,congruent,anger,disgust,1
104.36816835920784,214.84625513420468,67.13067341278179,34.81593199237509,-239.6580861294584,./emotion-fmri-neu/cp003_beta_fear_incongruent_c0.nii.gz,3,fear,incongruent,fear,anger,1
104.83469308891029,-179.98017534727057,-277.72242472263207,-366.1065879605005,-31.4016895761937,./emotion-fmri-neu/cp025_beta_disgust_neutral_c0.nii.gz,25,disgust,neutral,disgust,anger,1
109.68143991854257,172.1078472466502,117.14607980109275,267.50450876271447,152.6203688054303,./emotion-fmri-neu/cp003_beta_fear_congruent_c0.nii.gz,3,fear,congruent,fear,disgust,1
111.59022790109536,52.389885143002,-36.66395045540697,72.42460066874413,377.4534663862425,./emotion-fmri-neu/cp022_beta_disgust_congruent_c0.nii.gz,22,disgust,congruent,disgust,fear,1
128.22919039689023,74.42689019099957,233.5904976769098,-3.0497017190637727,-77.99737795936632,./emotion-fmri-neu/cp027_beta_disgust_incongruent_c0.nii.gz,27,disgust,incongruent,disgust,anger,1
129.95718352127182,-6.696739150465173,-279.202242519113,221.1332241975702,-126.86338199253956,./emotion-fmri-neu/cp007_beta_disgust_neutral_c0.nii.gz,7,disgust,neutral,disgust,fear,1
130.1062480197467,430.3095333023626,-247.45818688463893,382.7002812140084,-400.4594599256599,./emotion-fmri-neu/cp008_beta_anger_neutral_c0.nii.gz,8,anger,neutral,anger,fear,1
134.15828247003688,125.50542568824464,-116.69626273537897,-245.97651553966145,-43.64967838950278,./emotion-fmri-neu/cp019_beta_disgust_neutral_c0.nii.gz,19,disgust,neutral,disgust,anger,1
137.2827374875823,106.51057030648428,-97.33706413094345,150.01406795315486,-22.44344197422471,./emotion-fmri-neu/cp015_beta_anger_incongruent_c0.nii.gz,15,anger,incongruent,anger,disgust,1
140.29523184581694,-178.3777137136498,25.75759275052897,-28.74160788723084,-100.98090840671604,./emotion-fmri-neu/cp017_beta_fear_incongruent_c0.nii.gz,17,fear,incongruent,fear,anger,1
140.84151624469865,257.18238318185274,-54.16928585561804,-206.8063485562394,73.73098539706349,./emotion-fmri-neu/cp019_beta_fear_neutral_c0.nii.gz,19,fear,neutral,fear,anger,1
158.04295966997714,-96.2964979451216,212.17515131250005,-394.0505090019672,114.84608821892628,./emotion-fmri-neu/cp029_beta_disgust_neutral_c0.nii.gz,29,disgust,neutral,disgust,anger,1
160.7444322807822,67.8530629065452,100.18437143906073,-116.9521491034165,-279.92238543228683,./emotion-fmri-neu/cp001_beta_disgust_incongruent_c0.nii.gz,1,disgust,incongruent,disgust,anger,1
165.77949602285872,205.8935263768749,86.44682847012561,-264.74033545270674,38.55464268735407,./emotion-fmri-neu/cp001_beta_disgust_neutral_c0.nii.gz,1,disgust,neutral,disgust,anger,1
166.14603683372292,295.4366007688066,-207.0788553619532,46.32121922552504,-62.125258643125214,./emotion-fmri-neu/cp016_beta_anger_incongruent_c0.nii.gz,16,anger,incongruent,anger,disgust,1
168.8748847707917,124.74543107358409,184.47973662100736,-56.13086375312483,87.27608988136697,./emotion-fmri-neu/cp027_beta_anger_incongruent_c0.nii.gz,27,anger,incongruent,anger,disgust,1
174.11332577440788,113.7665617815846,367.9248614388652,-157.96033997835067,636.9296683675514,./emotion-fmri-neu/cp004_beta_anger_neutral_c0.nii.gz,4,anger,neutral,anger,fear,1
178.90814266767498,133.84250993104752,196.3976491862317,-71.28584179959037,253.16903756361992,./emotion-fmri-neu/cp027_beta_fear_neutral_c0.nii.gz,27,fear,neutral,fear,disgust,1
179.66727160428775,191.26385180215783,-44.98580438971771,6.309416444743504,-193.188425001716,./emotion-fmri-neu/cp003_beta_disgust_incongruent_c0.nii.gz,3,disgust,incongruent,disgust,anger,1
190.61626358987468,-33.62766812330928,133.9567304876145,285.92525319043995,-135.5190811893555,./emotion-fmri-neu/cp002_beta_disgust_congruent_c0.nii.gz,2,disgust,congruent,disgust,fear,1
199.75498883706277,259.5215652201473,285.9171202207252,-46.54643563150572,266.2943414681258,./emotion-fmri-neu/cp027_beta_anger_neutral_c0.nii.gz,27,anger,neutral,anger,disgust,1
202.11259024633583,309.6279324373161,-201.5086489757876,186.8149305465621,28.324409865149157,./emotion-fmri-neu/cp016_beta_disgust_neutral_c0.nii.gz,16,disgust,neutral,disgust,fear,1
203.10385003104125,324.6190729176982,-69.51387312707496,62.18612437990413,-135.95939830425067,./emotion-fmri-neu/cp003_beta_disgust_neutral_c0.nii.gz,3,disgust,neutral,disgust,fear,1
204.54900731842756,71.26454687853264,2.764049642601063,-183.87856363797945,-115.5252343692934,./emotion-fmri-neu/cp001_beta_fear_incongruent_c0.nii.gz,1,fear,incongruent,fear,anger,1
205.1570757040128,-135.57248965421724,66.90385440986384,379.17027527362137,-168.75759464672095,./emotion-fmri-neu/cp002_beta_anger_congruent_c0.nii.gz,2,anger,congruent,anger,fear,1
213.13655514994548,-220.45660657061765,-69.67118138476143,60.36315091647886,7.741024070936473,./emotion-fmri-neu/cp017_beta_anger_neutral_c0.nii.gz,17,anger,neutral,anger,disgust,1
214.90694531632383,-242.4862539733072,-203.6271393438535,152.3603149872429,166.70184248320209,./emotion-fmri-neu/cp008_beta_disgust_neutral_c0.nii.gz,8,disgust,neutral,disgust,anger,1
227.1223446630896,130.55886529435412,83.24552266364434,-14.948148220399428,-20.351337798808,./emotion-fmri-neu/cp027_beta_fear_incongruent_c0.nii.gz,27,fear,incongruent,fear,disgust,1
229.69235347785528,58.538849833268216,43.4558384388331,277.7845631606762,184.43766793405692,./emotion-fmri-neu/cp015_beta_fear_neutral_c0.nii.gz,15,fear,neutral,fear,disgust,1
231.06543420896747,-72.33840433322213,8.487506225225818,-46.31899021056995,-94.83246015463264,./emotion-fmri-neu/cp017_beta_disgust_congruent_c0.nii.gz,17,disgust,congruent,disgust,anger,1
239.33696072807783,-391.9086530010191,237.85042264314075,204.7712591569781,-9.25578356001367,./emotion-fmri-neu/cp002_beta_anger_neutral_c0.nii.gz,2,anger,neutral,anger,fear,1
249.39069618975716,143.82565584182026,-425.9395332068879,60.200362316952365,9.387354085039412,./emotion-fmri-neu/cp012_beta_fear_congruent_c0.nii.gz,12,fear,congruent,fear,disgust,1
250.28618738322055,-202.60811626145707,-0.7375851481667437,203.97226371387416,412.616266971472,./emotion-fmri-neu/cp008_beta_fear_neutral_c0.nii.gz,8,fear,neutral,fear,anger,1
251.3915719624772,-81.95819501760525,87.55436703161318,-39.45463215719887,-12.847567431078854,./emotion-fmri-neu/cp017_beta_fear_congruent_c0.nii.gz,17,fear,congruent,fear,disgust,1
252.5050176212906,-297.05731210877497,84.79271471617268,265.5856516498031,-94.95470030494714,./emotion-fmri-neu/cp002_beta_fear_neutral_c0.nii.gz,2,fear,neutral,fear,disgust,1
262.7543223465355,38.01009224948698,486.3876073835687,-65.3843523404904,-172.03475671214275,./emotion-fmri-neu/cp025_beta_fear_neutral_c0.nii.gz,25,fear,neutral,fear,anger,1
269.23631456763155,-106.77128989998944,17.723461580449186,-97.25919225766854,-373.4984807044776,./emotion-fmri-neu/cp024_beta_fear_neutral_c0.nii.gz,24,fear,neutral,fear,disgust,1
269.33095116746307,47.92491296734013,-66.1608710121845,35.44575431784933,-440.80622553109794,./emotion-fmri-neu/cp021_beta_anger_neutral_c0.nii.gz,21,anger,neutral,anger,fear,1
280.1447291914247,-180.2138386220495,-234.89088769841132,-85.02053915407585,195.5993636357668,./emotion-fmri-neu/cp004_beta_disgust_incongruent_c0.nii.gz,4,disgust,incongruent,disgust,anger,1
282.2343890774561,-101.71182354308394,73.8778768106235,117.92910324644828,-194.51711907769368,./emotion-fmri-neu/cp002_beta_anger_incongruent_c0.nii.gz,2,anger,incongruent,anger,disgust,1
282.9479572408501,176.5587697077523,46.67113673481516,54.686451389832754,74.72379146000266,./emotion-fmri-neu/cp015_beta_anger_neutral_c0.nii.gz,15,anger,neutral,anger,disgust,1
290.4555611367092,-81.52751971685113,-212.9869025520383,121.1729654667142,-15.058303261475311,./emotion-fmri-neu/cp008_beta_fear_incongruent_c0.nii.gz,8,fear,incongruent,fear,disgust,1
291.3931718001258,-237.39763332542717,16.187405147586915,108.81476475670388,49.03374872976028,./emotion-fmri-neu/cp017_beta_fear_neutral_c0.nii.gz,17,fear,neutral,fear,disgust,1
310.4081094593667,-298.70770946155204,655.6080654797528,-417.6824123787815,719.415538758668,./emotion-fmri-neu/cp020_beta_fear_congruent_c0.nii.gz,20,fear,congruent,fear,anger,1
335.71471986349053,-167.24307688071826,-197.59455710283763,-12.748535848977015,318.0425187609855,./emotion-fmri-neu/cp004_beta_fear_incongruent_c0.nii.gz,4,fear,incongruent,fear,anger,1
408.8547154919824,-171.69528735030468,269.0854062498424,156.36397255047564,-129.1973711666307,./emotion-fmri-neu/cp002_beta_disgust_neutral_c0.nii.gz,2,disgust,neutral,disgust,fear,1
454.2236481829544,152.66095621734115,-116.4201805725131,-372.7497769908204,-299.2941219643617,./emotion-fmri-neu/cp004_beta_fear_neutral_c0.nii.gz,4,fear,neutral,fear,disgust,1
535.2037053098376,331.23001253706866,402.6007350702434,31.134672878381256,-238.2090381172752,./emotion-fmri-neu/cp020_beta_disgust_congruent_c0.nii.gz,20,disgust,congruent,disgust,fear,1
542.3364079574152,71.23868961519817,70.24345774233933,-240.9584138535,144.54543228141165,./emotion-fmri-neu/cp020_beta_anger_incongruent_c0.nii.gz,20,anger,incongruent,anger,disgust,1
586.8051879148023,2.144100604436143,243.598988965671,-77.06100721304989,622.9309864532667,./emotion-fmri-neu/cp020_beta_disgust_neutral_c0.nii.gz,20,disgust,neutral,disgust,fear,1
825.0342768017996,318.34003786291834,-681.6002060478239,5.841109810718287,-926.9982107823444,./emotion-fmri-neu/cp020_beta_anger_neutral_c0.nii.gz,20,anger,neutral,anger,disgust,1
