Left Cerebellum,Right Cerebellum,Left Brainstem,Right Brainstem,Left Cerebrum,Right Cerebrum,Inter-Hemispheric,filename,subject,emotion,priming,Posterior Lobe,Medulla,Temporal Lobe,Limbic Lobe,Frontal Lobe,Sub-lobar,Pons,Anterior Lobe,Occipital Lobe,Midbrain,Frontal-Temporal Space,Parietal Lobe,Gray Matter,White Matter,Cerebro-Spinal Fluid,true_label,predicted_label,error_count
-1.3078834320544366,-1.4016197131938473,-1.127221869510976,-0.7925632816178518,-0.6480958222036571,-0.7581044308727937,0.2041938254264852,./emotion-fmri-neu/cp020_beta_disgust_incongruent_c0.nii.gz,20,disgust,incongruent,-1.0530966541056903,-1.5038106851081716,-2.34222627928632,-0.6050872170115119,-0.1040504943116775,-1.497300169019803,0.1365642470332447,-1.9912623920192507,1.1041425977754349,-1.8551680876928616,-1.1127949070377796,-1.1345514586705263,-0.7328565851580023,-0.7941824185372621,-3.555764741109434,disgust,anger,1
-1.132934889715689,-1.1162993027342047,-1.7277201244565596,-2.0898863212207286,-0.2307555469937287,-0.4671203166881894,-0.6564291644553791,./emotion-fmri-neu/cp030_beta_fear_incongruent_c0.nii.gz,30,fear,incongruent,-1.0093150995811933,-1.1001339833011017,-1.3163882604113617,-1.172706883583874,-0.6285471686543971,-0.9799298254301626,-0.9885201763914996,-1.4089361208467392,5.396889994818372,-2.8978389380099183,-1.3298935440166868,-1.902277220378064,-0.5680761513006525,-0.2819641930790975,-1.4982927603380685,fear,anger,1
-1.1076366017357422,-1.1521630929569342,-1.5812536340898904,-1.4174190933055475,0.0707621337950325,0.3286080888556266,0.8559290438124897,./emotion-fmri-neu/cp030_beta_fear_neutral_c0.nii.gz,30,fear,neutral,-1.145075363266339,-4.666113496220691,-0.1861208861337927,-0.2375184069527393,-0.0323755122871561,-0.8526578178309402,-0.7727345045888362,-1.1244088918380617,3.636636525880076,-1.5317634555105926,-0.4750806553825377,-0.2036605619886276,-0.0036804273506617,0.0861378519958343,-2.0387904481011296,fear,anger,1
-0.7548465570003563,-0.8245045699755617,-1.877768676489305,-2.1069507963722303,-1.1226685214643164,-1.6374668349996968,-3.1843941516660355,./emotion-fmri-neu/cp008_beta_anger_neutral_c0.nii.gz,8,anger,neutral,-0.0293062043752519,-2.7831332626348053,-1.324112465984395,-2.171653093020704,-1.7930985847050291,-0.500833163009649,-2.556088011073182,-2.5179630850893555,-0.2272161353108685,-1.307753936507346,-0.2951928451349763,-1.5689257150819018,-1.4358169533634626,-1.149640763604633,-0.6445681002637121,anger,disgust,1
-0.5887220774995279,0.1178111392809965,-0.1160212223323161,-0.1188936008626293,-0.3506579666057854,-0.442282452918223,-0.2827713919096471,./emotion-fmri-neu/cp016_beta_fear_congruent_c0.nii.gz,16,fear,congruent,-0.0148529835817094,1.0057875165377956,-0.4397479889992161,-0.3417909418956419,-0.3278519797408047,-0.2613467245868336,-0.2435607612212998,-0.740160609831833,-0.1088550384712446,-0.2272785445134555,-0.353676111404492,-0.9197171983060496,-0.4087249567893479,-0.3427964055288332,0.1671684807690602,fear,disgust,1
-0.5194038219364724,-0.5388326800318908,-0.9663782775777128,-1.254319490837278,-0.5471316396665792,-0.4343203313767825,-1.3795646310212737,./emotion-fmri-neu/cp030_beta_fear_congruent_c0.nii.gz,30,fear,congruent,-0.2649484906849764,-1.624238038334726,-0.7942754605640308,-1.561540962155615,-0.7643199661340687,-1.4662910320000135,-0.7577222836743822,-1.11974684745523,4.255637564297375,-1.3228581298017648,-0.0962121632863709,-1.5832690426377998,-0.4545498995906267,-0.4897274524287905,-2.597285300230721,fear,disgust,1
-0.490496018105746,-0.5380452704280122,0.0034001670217491,-0.1239292987853769,-0.5490551541475884,-0.7194476908801534,-1.1748302606230636,./emotion-fmri-neu/cp016_beta_disgust_congruent_c0.nii.gz,16,disgust,congruent,-0.7042406791748554,-0.4498373997229579,-0.4247903086477527,-0.3461296976730399,-0.8456627846370535,-0.3503392306168035,-0.1899018990657686,-0.0924672128974533,0.0482545285704379,0.1385122228730721,0.2764264300224948,-1.3323504797135066,-0.7027369294328975,-0.5598485312197893,-0.1972558429642795,disgust,fear,1
-0.4411815416559681,-0.215449214473178,-0.8769457594666065,-1.0510142305540555,-0.5663946083907515,-0.229516167846813,-1.6300892089592414,./emotion-fmri-neu/cp030_beta_disgust_congruent_c0.nii.gz,30,disgust,congruent,-0.1227899715307949,-3.795322189945854,-0.6874965496078467,-1.4675220831211786,-0.3976325091895645,-1.483973811539144,-0.0748808163523511,-0.7987434496543853,2.7687952205562363,-1.2081323010296805,0.2609583499078693,-0.878148960914566,-0.2905776661675676,-0.4302833747021338,-2.657896664745304,disgust,anger,1
-0.0987684782575836,0.8529612129472743,-0.5844634922782801,-1.2015473463390145,-1.832624156812366,-1.188397069228016,-3.3625012452081804,./emotion-fmri-neu/cp004_beta_disgust_congruent_c0.nii.gz,4,disgust,congruent,0.4036349147052788,-4.854854594303845,-1.8397052004805865,-1.7293382098604957,-0.7023925956628407,-2.4156508734662654,-0.7738766062188027,0.3744942689362166,-1.0589775973770714,-0.1998267676278391,-2.383935049949315,-2.619290645741951,-0.9628663926505832,-1.4876503688452651,-4.500780784445634,disgust,fear,1
-0.0819020336649175,0.1936650250213641,-1.1948359298587985,-1.5530909640866,-0.1171965921125083,-0.1697378146120575,0.1879964226152694,./emotion-fmri-neu/cp012_beta_fear_incongruent_c0.nii.gz,12,fear,incongruent,0.3044146882305459,-1.5866432698197288,-0.7918436718295633,-1.1584927742486284,-0.4460852641565407,-1.046750718878152,-1.269760366477379,-0.4652559314873285,4.188163763861944,-1.4174506623262837,0.1163641826785252,-0.5325104580763097,0.1186488420990919,-0.3417133123481978,-1.9902301851533664,fear,disgust,1
-0.0389449318995899,-0.0732116938363595,-0.0828930190496837,-0.5764284695649117,-0.4663955878503271,-0.3342516315156356,-0.2777660341278951,./emotion-fmri-neu/cp016_beta_anger_incongruent_c0.nii.gz,16,anger,incongruent,0.0889289282179745,-0.257605681939137,-0.3104969252388107,-0.3532297716176942,-0.3548755425508638,-0.3909492239677995,-0.3160703626058357,-0.3822089433063551,-0.2879364817581508,-0.347879241869382,-0.3947535161701121,-0.7570043310049246,-0.3671586173466192,-0.3397863136133949,-0.2052600588182096,anger,fear,1
0.00561891677994,0.7191078132616443,-1.21595046818571,-1.3012604451265122,-0.3944526490317334,-0.1822567141919479,-0.3450838114056583,./emotion-fmri-neu/cp003_beta_disgust_neutral_c0.nii.gz,3,disgust,neutral,0.4161112528808472,-2.312377946408019,-0.2263064613706331,-0.5472814881403237,-0.4918000589668038,-0.9039148459881472,-1.6021036814350187,0.2722453768726871,1.5110374128027182,-0.7294576632983403,-1.3762377653652562,-0.5323317457431913,0.0049141384032411,-0.3765317299247551,-1.8714969078615016,disgust,fear,1
0.0736091462552831,0.6779475456547353,0.202803236472112,0.3063221363675605,0.3877007323095513,0.438309218436545,-0.1441584747775856,./emotion-fmri-neu/cp007_beta_disgust_incongruent_c0.nii.gz,7,disgust,incongruent,0.4593522949890169,-0.3414698752907166,-0.1294149127895442,-0.2615955087380031,0.0235074937561599,0.2592475086002564,0.1258148506255966,0.234547068549872,3.3685512522315864,0.4905817093285246,-0.6896376003440341,0.3479795756941628,0.4748536455664577,0.3805627067525877,0.0571406996325673,disgust,anger,1
0.0953331080033857,0.486014108427608,-1.0993812525804822,-1.293800599000562,0.4908273157283843,0.5044228940741486,0.2746610705692112,./emotion-fmri-neu/cp012_beta_disgust_congruent_c0.nii.gz,12,disgust,congruent,0.5506456044193866,-1.5857226112276903,-0.0034646610376482,-0.5095486495742496,0.5456802819636011,-0.0483696329222924,-2.2298588846094893,-0.2952017973047496,1.8225514810512025,-0.1718198894162972,0.21956662860175,1.0886050417644495,0.4812856442443865,0.47011159966009,0.9581365816678163,disgust,anger,1
0.1364187683292588,0.0345090027066538,-0.5370701885595548,-0.8620785150436004,0.3178905915483535,0.1249445794701556,0.8360765977697587,./emotion-fmri-neu/cp012_beta_disgust_neutral_c0.nii.gz,12,disgust,neutral,-0.16372081826797,-1.669886185867995,0.2357802973626645,-0.2276550607111909,0.2822469046160911,-0.9930179129719278,-0.1776300727825731,0.6771396131486573,2.940475579936061,-0.9744038660440908,1.2179446927185464,-0.7378035062535134,0.5261315943732088,-0.1335436675588157,-2.281715141423581,disgust,fear,1
0.1562123614270781,-0.3156897571283566,-0.2420145279548549,-0.8519330735632672,0.6449616621803992,0.2375096862263688,0.0252062219994614,./emotion-fmri-neu/cp028_beta_fear_neutral_c0.nii.gz,28,fear,neutral,-0.2782161995828109,-1.992803791340588,-0.1345715826682869,-0.0767477776225354,-0.0196770659525513,-0.1743065438701919,-1.0718931890006416,0.4063129507222307,4.763735223479672,0.2354133258461995,-1.6509465882319132,-0.1854513496178577,0.3170739849293544,0.4618514307777684,-0.356166642527787,fear,disgust,1
0.1664593922087957,0.817874197244879,0.0816408422489271,-0.1890972699330289,0.5523599741750679,0.2230842627860656,-0.8723862746799269,./emotion-fmri-neu/cp007_beta_anger_neutral_c0.nii.gz,7,anger,neutral,0.7610549938501763,-0.8018339869393315,-0.0405921563342001,-0.5013222253686485,0.344180603999379,-0.00488353726435,0.0691147057646509,-0.0560732193896221,2.490362584806391,-0.0073000515234433,0.4173010653502065,0.2973271435656446,0.5504212332439727,0.3075090582915315,-0.5428384476746139,anger,disgust,1
0.1794320300622305,-0.1393631204269068,-0.3104566635590732,-0.6855219822239991,0.7774956963353563,0.741813128219848,0.9783015583124656,./emotion-fmri-neu/cp030_beta_anger_incongruent_c0.nii.gz,30,anger,incongruent,0.1587306916086199,-1.0645636781613312,-0.1939748887181443,-0.2679525093233537,0.3108502336414523,-0.5350160552466849,-0.8309471732640156,-0.3007802082655291,6.238649408918852,-0.0750512172134734,0.3122511538030337,0.5835924087339496,0.7355173868248215,0.6352379436211526,-1.238372007560552,anger,disgust,1
0.2074490907203354,-0.1544533007347674,-0.2152766329139758,-0.3513048698390529,-0.547965144120859,-0.6565868687747309,-0.9233006845857328,./emotion-fmri-neu/cp016_beta_disgust_incongruent_c0.nii.gz,16,disgust,incongruent,0.0887490309376865,-0.8906199441249526,-0.8380643723218782,-0.6451708071698671,-0.5412567459301809,-0.5891485695335401,0.0125337289372471,-0.1218323632245119,0.1406258645287686,-0.429446630037105,-0.3463479452325969,-1.0647849428505292,-0.4901985750098465,-0.5460722445804035,-0.6056087665302604,disgust,fear,1
0.2590607843740253,0.0764563622840414,0.3352384457818342,0.1761045287439719,0.2210475238660355,0.0044637131573817,0.5285415972678001,./emotion-fmri-neu/cp016_beta_anger_neutral_c0.nii.gz,16,anger,neutral,0.3977093864767536,2.326364283014897,0.1693605958422595,0.5100447667193067,0.0561757459840118,0.3893788885419645,0.0263727294820726,-0.3408213592186253,0.0668311001632388,0.0530168218461394,1.6710630219339333,-0.3099336440228331,0.1422243907757279,0.0789944903297161,0.301838680864227,anger,disgust,1
0.2692461109265985,0.0260910375188922,-0.055914484391996,-0.3333064328931623,0.7528232117993932,0.4180503984398734,-0.6580121250483222,./emotion-fmri-neu/cp008_beta_fear_incongruent_c0.nii.gz,8,fear,incongruent,0.7388140824590372,-2.710622332031882,-0.0910741783567118,-0.3753239179063453,0.7520340081517831,-0.0379788803197039,0.061340288277599,-1.1690971895046816,3.2147272720510065,0.0820580728477769,1.7904859310645238,0.0545684357887023,0.6362899408569583,0.4626396242465401,-1.0656447781657372,fear,disgust,1
0.3190355015368947,0.8991022494889308,-0.2214186880158078,0.2983193592248617,-0.7647977336131572,-0.4661339592194464,-0.6468460803316861,./emotion-fmri-neu/cp007_beta_fear_neutral_c0.nii.gz,7,fear,neutral,0.3938461643726821,-0.8556388162963815,-0.5852242310526382,-0.9888142374617988,-1.3090984619419126,-0.6247374243472879,-0.916463841473718,1.1108544179067343,2.3410925466654304,1.077680471257522,-0.2513511245751698,-0.9152252325717652,-0.2267160253425512,-0.6856805800658121,-1.571925628250766,fear,disgust,1
0.4115548961802477,0.4109554566130134,-1.7189489211657745,-1.9488811784518212,0.1675151067020202,-0.1429981651468266,0.4706361225027544,./emotion-fmri-neu/cp012_beta_anger_congruent_c0.nii.gz,12,anger,congruent,0.7995271938350006,0.5068694312253164,-0.5021149927598021,-1.216733126554976,0.2928459347793957,-1.937551110320964,-0.833837600048906,-0.4847226700779978,2.4812563861412347,-3.204273447507358,0.0842097737801119,0.5005807680773656,0.3207698983041144,-0.1639820481884279,-3.0866858604346232,anger,disgust,1
0.4167132669448983,1.294364514863308,0.3347143192914028,0.2370197419908395,-1.3047870029380182,-1.3598252947847995,-3.9531264492775375,./emotion-fmri-neu/cp007_beta_disgust_congruent_c0.nii.gz,7,disgust,congruent,0.9783401999014188,0.4288897751931551,-0.886111854938788,-2.0603272817258818,-2.311655205188182,-0.9706681890551696,0.2774916084536627,0.6091022168229628,1.915462629492976,0.2628366813352113,0.0669817180315451,-1.7279577945094593,-0.915381995777244,-1.1346370288030965,-2.125409993907477,disgust,fear,1
0.4237003589307292,0.4527492786230773,0.0832797459368186,0.014367311729687,0.1453061599703737,-0.0134544460975418,0.1758389089809569,./emotion-fmri-neu/cp016_beta_fear_incongruent_c0.nii.gz,16,fear,incongruent,0.6025875857326728,-0.1105371036944754,0.0532902639748338,-0.059102274740891,0.0276517394888969,-0.0990888573992676,-0.2364056523420054,0.0470774687479734,0.6337814501695942,0.3390160724904559,0.0131799093122407,-0.0407727056542498,0.2040855701649354,0.025054503453062,-0.0992908376196285,fear,disgust,1
0.4520209763560891,0.8343135804050357,0.5405866280767798,0.6101405804783318,0.0734810370373049,0.1480083908180486,1.0644538561771633,./emotion-fmri-neu/cp016_beta_anger_congruent_c0.nii.gz,16,anger,congruent,0.5627798474267582,0.3306290822624796,0.1307653219497945,-0.031084485972034,0.0248018975855769,-0.0627294709141215,1.0156519465004712,0.8146760598792949,1.111941910650568,0.2197273058903498,1.3752344961186271,-0.2435115775178573,0.3751844657957213,-0.0376656491426627,-0.4096318140510668,anger,fear,1
0.4991085984848042,0.6014587162473184,-2.181631311443044,-2.311746709310352,0.1827324844423552,0.155638995128928,-0.9064116983283268,./emotion-fmri-neu/cp014_beta_fear_neutral_c0.nii.gz,14,fear,neutral,1.397596614101582,-3.985203172759606,-0.2157178564572739,-0.6606776990755443,-0.0014079589715086,-0.4788920087684996,-1.1860549353668803,-1.3304418259775728,3.007402560325478,-2.857821366476242,2.030909536720698,-0.056091666985158,0.3360681983151383,0.1284901647475331,-1.7618380232231996,fear,anger,1
0.5574744932238739,-0.1322690915655584,0.1980026192398859,-0.01355842993501,0.1569365394646523,0.1354864492193945,-1.2776609113628454,./emotion-fmri-neu/cp028_beta_fear_incongruent_c0.nii.gz,28,fear,incongruent,0.2694468419159903,-0.1556664065771191,-0.5519810693049891,-0.578193427884019,-0.5481663913856057,-0.7389358828914933,-0.7970380833571439,0.1132900104824735,5.5753750404608615,0.9573117374181904,-0.9670437328659738,-0.2197677695195383,0.1677220158348686,0.2016769554817778,-1.546442356950621,fear,disgust,1
0.6164705197817149,0.4531417108073802,-0.1204645933018555,-0.4777233313540583,0.4264323536025551,0.0933226485187044,0.1442530337316781,./emotion-fmri-neu/cp015_beta_disgust_neutral_c0.nii.gz,15,disgust,neutral,0.6927043220217267,-0.8596543084077221,0.2670233055018058,-0.4388639143351973,0.0999381230072894,-0.1080637162952232,-0.8375824175115826,0.228028626337329,1.612049716276708,0.3129838883304996,0.225590069435903,0.3735354491961825,0.5563823432427155,0.0526553228086722,-0.6171701675456164,disgust,fear,1
0.6955404510315362,0.3924516737607998,0.285174675616697,-0.3871831240353529,1.4305362572167133,1.7586953939976555,2.399432040248576,./emotion-fmri-neu/cp012_beta_anger_neutral_c0.nii.gz,12,anger,neutral,0.562859818597242,-2.076592575125922,0.952363629732784,0.6698484117743364,1.3923673320199517,-0.1953674400796446,-0.5584309406493245,0.5091081887907523,4.6685012401770525,0.8286135022651051,1.3005662523345645,2.689418047353255,1.7328030095641784,1.2041932896446912,-1.7799815141970587,anger,disgust,1
0.6996326574555433,0.9126216381938496,-1.00306105214281,-1.552544275009051,-0.7351650033089557,-0.6428853592181836,-1.2949081623188838,./emotion-fmri-neu/cp021_beta_disgust_neutral_c0.nii.gz,21,disgust,neutral,1.1283280425349664,-2.0866993170083306,-0.943145701506996,-1.8686801856832624,-1.3615023468115703,-1.2034583829139045,-1.614927815329652,0.0894998691116382,3.865583663980423,-0.7943770796375705,-1.5053089883832682,-0.9872982802231952,-0.2365396636671952,-0.7090018618887357,-1.621814333786463,disgust,fear,1
0.7182776050040316,2.0035752614271143,1.1304702517837018,1.2954203196588605,0.8418649327303489,0.2560615997079791,0.8357607098314064,./emotion-fmri-neu/cp026_beta_anger_neutral_c0.nii.gz,26,anger,neutral,1.073964794859203,0.3666489234948644,0.9575519396639626,-0.1534365173612454,-0.1805277209228749,-1.128902940036702,0.5802989162125929,2.021078198296493,4.519896400659666,1.9494108772829537,-0.2383234764584159,0.7871089559793105,1.0993555530825043,0.224626576237779,-2.1530564657878646,anger,disgust,1
0.7721876335547007,0.8543800878468444,-0.5927309999279384,-0.50979819384231,0.8621085153486446,0.6477633955884053,0.9445912792518256,./emotion-fmri-neu/cp015_beta_anger_neutral_c0.nii.gz,15,anger,neutral,1.2462756172961695,1.0784146444339149,0.7742460260429188,0.3490480760438681,0.6090169461820266,-0.2328069479363867,-0.7844933801107452,-0.1691048213202093,2.85162186232642,-0.667073439999788,0.0416930507803441,0.5931742823981491,1.02438717586489,0.5111556148931083,-0.6950547619487418,anger,disgust,1
0.8196667518661285,1.1949989611358376,-0.5371991602861186,-0.6484416558695681,0.8938542981021438,0.8823413844925517,0.3107275729849471,./emotion-fmri-neu/cp022_beta_fear_congruent_c0.nii.gz,22,fear,congruent,1.0760498580416469,-2.675432349857304,1.271113919564255,-0.0120649524628749,0.6733029487147997,0.6742093243855806,-0.980250142158658,0.8943688823887425,2.648944013003087,0.1791971712293849,1.9670186638451892,0.373142295388747,1.0687782652857991,0.7409942717274203,0.4394315289335155,fear,anger,1
0.8261350345077392,1.7011852051319245,-0.453795255407707,-0.388575111807466,0.3712616970525521,0.2043228503466747,0.6722192723002959,./emotion-fmri-neu/cp003_beta_anger_incongruent_c0.nii.gz,3,anger,incongruent,1.497095085743406,-1.0400187602289328,-0.3267405474839962,-0.1505445155712476,0.0407071118315987,-0.1108866802598332,-0.5479681122413368,0.7135933285384991,3.3658423191592357,-0.1824449808972267,-0.3824685638591989,-0.1413263165578233,0.7359937640725939,0.1130780214930994,-1.0109269200000532,anger,fear,1
0.8572249399318287,1.1487539996812182,0.9950559194639332,1.509405603011588,-0.0150359509264063,-0.1366270237365848,0.4425041182173101,./emotion-fmri-neu/cp006_beta_disgust_congruent_c0.nii.gz,6,disgust,congruent,0.7433161428676379,-1.617385902880545,-0.4003047947043009,-0.3149234521911883,-0.4293072890930386,-0.7203191636983572,1.2743661121822345,1.6045080693874865,2.6329266468960757,1.78939045152328,-0.1046468426611546,-0.1952852190237596,0.3325081230838567,-0.2216870885513731,-1.1724856598354632,disgust,fear,1
0.9134751733440748,1.5327804374197012,-0.4412874913984511,-0.5818922084281833,0.2390286608515797,0.189439843053877,-0.1440945799285325,./emotion-fmri-neu/cp006_beta_fear_neutral_c0.nii.gz,6,fear,neutral,1.1961245405804637,-0.5716197841538888,0.1192621177601765,-0.3717138177899587,-0.0158377638329696,-0.752668618624807,0.4081159910121366,1.289081460301588,2.487719729777312,-1.331000775911921,-0.2692953848374058,0.3849808857354027,0.6357909340882407,0.0591727375371161,-1.328387965699512,fear,anger,1
0.9722622997407112,1.3984410105727896,0.2284988300682238,0.2222748808961085,0.5373641214552951,0.2205057073927665,-0.2813772624862756,./emotion-fmri-neu/cp007_beta_fear_incongruent_c0.nii.gz,7,fear,incongruent,1.2940500196864626,-0.0850945393412422,-0.079387193059912,-0.450069902329791,0.066021806341768,0.2538899245804138,-0.161772293643669,0.9673752715225624,3.0741290012547573,0.6424053555979453,0.9547789555325265,0.2767243899463368,0.7346767318092814,0.2690022411472495,-0.8097374987293382,fear,disgust,1
0.9757268539158154,1.9834983734689544,1.492310687266312,1.0214272247977794,-0.5440920920815561,-0.4461228408926465,-0.4828720303864704,./emotion-fmri-neu/cp021_beta_anger_neutral_c0.nii.gz,21,anger,neutral,1.2536833015488484,-0.3878939277687121,-0.8568080705249214,-1.0771700174333014,-0.7942981164080515,-1.3393136220099084,1.81076570860562,1.9968596257416933,2.9578286547556805,1.083553593045794,-0.5447442288935852,-0.8863514878133693,0.1595533709639554,-0.591821167992759,-2.0727615037308604,anger,fear,1
1.014477451319334,1.6078135591440323,-1.0980391202454327,-0.6048676490732201,0.7038254822001998,0.316487584329637,0.8472504398241217,./emotion-fmri-neu/cp011_beta_fear_neutral_c0.nii.gz,11,fear,neutral,1.2629346262905,-2.6458241157481983,0.2626307320920662,-0.0962848265263485,0.403306089701872,-0.0234992549499512,-0.7479795505501183,1.4555769021241574,3.2234912468532406,-0.5978646635802317,0.4530624301485623,-0.197792690593416,0.7611673654217003,0.441438501308813,0.2193187908937604,fear,anger,1
1.017440190837387,1.5271203896537116,0.0424075445042965,-0.4728950323280665,1.1797498792180334,0.9723087485664126,0.9287980082720404,./emotion-fmri-neu/cp014_beta_anger_neutral_c0.nii.gz,14,anger,neutral,1.3272254554180305,-7.353827119696413,0.1742079722690568,0.4155672658457456,1.0781438745370415,1.2110838155240011,-1.6894923639024302,1.179638092040859,1.9635178488157856,2.560408361474737,1.5662053281559714,1.771365653700081,1.268587010501547,0.942391186719561,1.2211451662554895,anger,disgust,1
1.020385750826602,1.3094114269818795,-0.410860525903339,-0.2743004088089338,-0.0048250567241078,-0.3140876407728274,-0.4905940571367953,./emotion-fmri-neu/cp006_beta_fear_congruent_c0.nii.gz,6,fear,congruent,1.3984256361482263,-0.3531944624065202,-1.0008507443857888,-0.8315581616803905,-0.0011932577202114,-0.8908014892220417,-0.4583203731320181,0.6372935176090356,1.8791326512163635,-0.2404327106213788,-0.2084109756318347,-0.0926129855984838,0.3266077888255835,-0.2907564094786442,-1.4996114973515138,fear,disgust,1
1.0219331354717385,1.7284994035184262,-0.1382358991654536,-0.3329372371473922,0.9656394340159098,0.967662437174847,-0.0383568886174657,./emotion-fmri-neu/cp027_beta_fear_congruent_c0.nii.gz,27,fear,congruent,1.2508239152389058,0.0075839302245979,1.1266902447799605,0.9223576559981214,0.453732682977752,0.5229690178023262,1.0126733007510311,1.6779551718136916,2.735650827025529,-1.4173031288009554,1.869525756892112,1.1353854276368618,1.2280273082334563,0.8236066113230663,0.1964644502138598,fear,anger,1
1.0292135479755262,1.7094028995655888,-0.1920278972952299,0.1498690065425829,0.2217752226092514,0.0272170380790462,0.8180856529378396,./emotion-fmri-neu/cp003_beta_anger_neutral_c0.nii.gz,3,anger,neutral,1.3192635174030378,0.410854089475112,-0.0521330024937458,0.0506446680820682,-0.0184056745172597,-0.5602702628565259,-0.1406170497557266,1.46578596566464,2.6709759551939944,-0.0057858240298261,-0.3675020938670386,-0.6759004445142769,0.6975373280917861,-0.1110055512770323,-1.657068062378798,anger,fear,1
1.0892340282839224,1.579951949265017,-1.049695983329302,-0.7370566725744755,-0.0423254744259943,-0.047736610839728,0.1015242212654655,./emotion-fmri-neu/cp003_beta_disgust_incongruent_c0.nii.gz,3,disgust,incongruent,1.5559515089820322,-1.4127345557737558,-0.7795082473459686,-0.4568054487371613,-0.133272658493957,-0.3479362409469237,-1.2845823238224137,0.8132846398561857,2.654642040589253,-0.4371101544017175,-0.6692717932024497,-0.5493203027774664,0.4650610102380094,-0.1629927243032624,-1.30532636555282,disgust,fear,1
1.1074586448953971,0.3734338074036817,-0.0495561039483895,-0.4384224004605903,1.1013539352377013,0.906391344628023,1.4385286903980714,./emotion-fmri-neu/cp005_beta_fear_neutral_c0.nii.gz,5,fear,neutral,0.7115069777418563,-0.9791787147345452,0.8563219301890644,0.4418850977523629,0.7562520848199062,0.2467527028295762,0.2065031600231718,0.8371533916949673,4.342810536128517,-0.4992637801293552,1.6172821970417066,0.230344090656342,1.1670968999473053,0.8012227610415265,-0.5370832361779786,fear,disgust,1
1.1470700418407007,1.858799780164376,-1.2840605255488786,-0.6842228502944405,0.9389889270910308,0.6794731532976556,1.2999101935080335,./emotion-fmri-neu/cp023_beta_disgust_neutral_c0.nii.gz,23,disgust,neutral,1.8409557506133127,-0.5764431640254257,0.3896644465704758,-0.1916546237120972,0.5825814099213892,0.0877140041012566,-0.2062867916127587,0.7369496755340471,3.7254286814451127,-1.783340897536167,0.6106489458996216,0.9062260679205868,1.2979516115849143,0.5063031943247542,-0.5455108733329149,disgust,anger,1
1.1650725418252423,2.0870512345652434,0.1782475573355293,0.5439702862534467,0.8379298092591344,0.8061456024916049,0.9978647210836316,./emotion-fmri-neu/cp029_beta_anger_congruent_c0.nii.gz,29,anger,congruent,1.7985089545645967,0.3545293383456785,0.6458694502560118,-0.0509663631449124,0.3741187101754186,0.3451250425848176,1.0563416128978054,1.2145695590647718,4.086955413427491,-0.2771102508204097,0.6573227272000708,0.6350147683814684,1.2575187966291757,0.6316967451342489,-0.573836551667661,anger,fear,1
1.1950512633836925,1.5153657113802117,-0.425231857179964,-0.0658314803433671,0.8492369871577562,1.0232010433840872,1.070505078651096,./emotion-fmri-neu/cp003_beta_fear_congruent_c0.nii.gz,3,fear,congruent,1.886422096864188,-0.220817805612691,0.2695111190988019,0.4407257894250604,0.6785908913828711,1.2980497282801062,-0.4384234811949868,0.1174717680781273,1.840143066227337,-0.0796559924859394,0.412075233491932,1.694786168788665,1.2143471143393492,0.7867617012566447,0.5236187885220955,fear,anger,1
1.2225558887809842,1.0636639942432622,0.3102633658882291,0.8519847983734565,0.1989211162618888,0.369331166058883,0.0809809141521716,./emotion-fmri-neu/cp026_beta_anger_congruent_c0.nii.gz,26,anger,congruent,1.0801640136471036,2.109284468894314,0.3897092809057771,-0.3025577592152689,-0.5475569595992961,-0.8813561116380163,0.0281021933285006,1.3073241495080403,4.648101362915655,0.766480839946891,-0.299783962662198,0.3112171715426445,0.7470592655479761,0.0700725213106864,-1.7110964017373305,anger,disgust,1
1.2576728434257232,1.5304568911993737,1.224317738509473,1.3150112600743442,0.2613224185496975,0.563660008688122,-0.6694859664752133,./emotion-fmri-neu/cp014_beta_disgust_congruent_c0.nii.gz,14,disgust,congruent,1.5850096842342718,5.412450649622209,-0.3934738435255127,-0.7161925529586032,0.3829148214877468,0.4336690548528637,1.0537236460482156,0.9645111842298352,1.4173931225670162,0.6352892829841156,0.74181368413681,1.4095411561740143,0.8026715763935935,0.3179339360906348,-0.032124074276782,disgust,fear,1
1.259769881530673,2.1780684941533077,0.4718423062128221,0.4880599026223594,0.8268190877023165,1.0350725756135322,0.0624628025690571,./emotion-fmri-neu/cp027_beta_disgust_congruent_c0.nii.gz,27,disgust,congruent,1.7582074661310376,-0.7621507233414767,0.7064554020331784,0.3467143855055591,0.6961519646756585,0.0126257155985578,1.1421794008023094,1.6579343774284256,2.801581298343337,0.1259043911752918,2.120437131158319,1.5383171447232753,1.3652297867303085,0.7573404018075807,-1.453794948132617,disgust,fear,1
1.2922534205084908,1.594551682735036,0.8703171461057075,0.9230220402752678,1.359154013675304,1.4168308396555374,2.885800036083095,./emotion-fmri-neu/cp022_beta_disgust_neutral_c0.nii.gz,22,disgust,neutral,1.6675000647283902,-1.6296985618547408,0.762415934346017,0.951112321703229,1.017122790088307,0.1223539896712856,1.2684900094901166,0.9396695351316257,5.737189133893302,1.0619749014528483,1.5769380105886213,1.078534481566824,1.7268818593007411,1.055049359074766,-0.7215471268644595,disgust,anger,1
1.299533391056662,1.0230855041826916,1.1489311100607376,1.10603203784365,1.962651745139217,1.9962396548280688,3.005751321475717,./emotion-fmri-neu/cp030_beta_disgust_neutral_c0.nii.gz,30,disgust,neutral,1.1297551835513635,0.6379105611540871,1.3479228030238413,1.010558476167828,1.7701120455717525,0.0030549104304049,1.4253531154013246,1.2284027023405013,5.742426735683115,0.9491442313445226,1.4738710583597474,2.7344727528209183,2.1393946368631425,1.6296967867573025,-1.0343791041655392,disgust,anger,1
1.3292173368130666,0.8158323133292819,-1.373254506701308,-1.1909826987864691,2.8195655065787326,3.051731031989873,4.693526884982534,./emotion-fmri-neu/cp020_beta_disgust_neutral_c0.nii.gz,20,disgust,neutral,1.555945501488674,-2.8241112730981563,1.4690156595005333,2.5988611222693083,3.95702503202354,0.9269739767397752,-1.854556874171772,0.0483525207503218,3.948353218647589,-0.4522755501683967,0.3006059645182348,3.24300031790026,2.8260865459307656,2.644526757751783,-0.2734934435880727,disgust,fear,1
1.357360827239679,1.917401948842324,-0.0640945741452262,0.0165395503746832,0.7295286718316756,0.4386351892227068,0.9226778878086352,./emotion-fmri-neu/cp006_beta_disgust_neutral_c0.nii.gz,6,disgust,neutral,1.8501789877451291,-1.4085985855062215,0.3497510414405189,-0.0765894000242729,0.4105086787868962,-0.1567330150388866,0.5693006260584597,1.1277371723810394,2.575332316909261,-0.288881478706714,1.1101062477104249,0.8258734328046348,1.044318497990772,0.4022240188395489,-0.9881651947894896,disgust,fear,1
1.3842896588837357,2.26060671867742,-1.359670305435456,-1.8516541130940036,-1.4127608544453862,-0.3928749059207212,-1.2285021534681415,./emotion-fmri-neu/cp004_beta_fear_congruent_c0.nii.gz,4,fear,congruent,2.1061676772548843,-7.215108294760939,-0.6380885891988733,-1.7062495740332335,-0.9026967168763906,-1.7672448805321077,-1.964661751670572,1.2464501214904204,1.465609257626423,-0.1434915165641035,-2.238809719222172,-1.7737567683746371,-0.0695873429102928,-1.0262037526826255,-1.9179819303533292,fear,anger,1
1.3974214278877544,1.5304821790847465,0.5596424192232891,0.5832451207354569,0.5773636863224887,0.4467249353522964,0.2542536980782093,./emotion-fmri-neu/cp026_beta_anger_incongruent_c0.nii.gz,26,anger,incongruent,1.537122124503111,1.6584657889814671,0.4733092486352241,-0.579051243873224,-0.2457693325075863,-0.3542438113243114,0.5445146731731523,1.306873070678863,5.112052183323852,0.3781910557804387,-0.2406535362187157,0.39856100456981,1.1254016436908891,0.1687577606595242,-1.103321059067382,anger,fear,1
1.4015912475317087,1.892589724345551,-1.5094479945167354,-1.2553969330546917,1.542297567005598,1.4311436587427544,1.903329036060222,./emotion-fmri-neu/cp027_beta_anger_neutral_c0.nii.gz,27,anger,neutral,1.940576479258456,-0.924693928203305,1.6360928761640494,0.8329061836034374,1.547430270090629,0.0750794250549539,-0.3987089537457666,1.007587545809313,3.52979151506732,-2.3703352997824365,1.8333748664841885,1.2161587766093176,1.9392435254366416,1.1257501675495836,-1.6534728242632586,anger,fear,1
1.4194637229981113,0.5363176925102243,0.1198728341416687,0.3336195620102243,0.8995342872121492,0.8013468997182492,0.2580421104807481,./emotion-fmri-neu/cp028_beta_anger_incongruent_c0.nii.gz,28,anger,incongruent,1.135207826898781,-1.2908147932036729,0.006872455527287,-0.0329163287463682,0.3518679050559331,-0.0315999930356686,-0.3454549566363817,0.6362753394883474,6.1643480570721945,1.0468680877629062,-1.2861858182429435,0.3494281003891634,1.034874151934255,0.745134463059875,-0.4244143645615864,anger,disgust,1
1.4243727906226114,2.265917415636184,0.7701168918265611,0.6377807224336106,0.964883436795219,0.3266569407544629,0.7911982790692978,./emotion-fmri-neu/cp001_beta_fear_incongruent_c0.nii.gz,1,fear,incongruent,1.837201562493798,0.055281213382629,-0.2175344354353433,0.1453875153662439,0.6030507269544212,-0.3974476799838126,0.5683795316926683,1.8308870372062007,4.697656082438065,0.9580830323193714,-0.3393381210135833,-0.1674650977410729,1.142427944634285,0.4834458692659357,-0.821872278270107,fear,anger,1
1.43285717638983,1.41037740915475,0.7132734008558071,0.1705149530105889,-0.3861012243880724,-0.1212005923724667,-1.0636244718864996,./emotion-fmri-neu/cp021_beta_anger_congruent_c0.nii.gz,21,anger,congruent,1.5683413515635665,-1.7918869164177458,-1.1883684561482537,-1.0601649897723011,-1.2365291406443593,0.1265762062732305,-0.3505480527262082,1.087875652338003,4.266014123624622,1.6195632035806846,-1.7363928002343132,0.0700419602816715,0.183698039721228,-0.2044341191711255,-0.0907641894234051,anger,fear,1
1.437854318946821,1.4282443764203845,0.0612882759304463,0.1100551796207478,-0.3953025437909432,-0.0823676262453939,0.1895263372074995,./emotion-fmri-neu/cp012_beta_fear_congruent_c0.nii.gz,12,fear,congruent,1.9947817826921077,4.6066529605721165,-1.406496389597204,-0.6928285596697112,0.0278436093523687,-0.3971845121799217,0.1293861577501332,0.0533849629636575,1.8166919149307077,-0.8595718046344809,-0.5243346364723067,-0.7099002573828577,0.055965990764617,-0.0942498506828608,0.4587294544213044,fear,disgust,1
1.4461138402260991,1.4048496314940977,1.8272938892638089,1.6439251854217798,-0.0393379016084131,-0.0924690526900199,-1.428467852528395,./emotion-fmri-neu/cp014_beta_anger_congruent_c0.nii.gz,14,anger,congruent,1.2391871252670823,1.3205148870743677,-0.6466357938495374,-0.9218300905474716,-0.4116441956962182,0.2368823245678276,1.3718699641417027,1.8476774246494292,1.7935091532770235,2.147948142350524,-0.8027876702172418,0.3794761173096103,0.4115152267398062,-0.0917428916088584,-0.5641445383694826,anger,fear,1
1.4572412554211598,1.566540702625431,0.1636269583915329,-0.053714416662353,0.4849791247305585,0.2914763291704476,0.3025211713238383,./emotion-fmri-neu/cp019_beta_disgust_incongruent_c0.nii.gz,19,disgust,incongruent,1.6603579587928097,0.0441937157507404,0.2324631173346764,-0.0896980517948509,0.1374441850852643,-0.0277543223167003,0.0545967474022499,1.1867956063990643,3.994843835526191,0.0641687476011119,0.4944028742331868,-0.957191752653919,0.7420549273417468,0.3324534956346415,-0.0895022209031484,disgust,anger,1
1.512473830856892,1.463866254744472,0.648171109683311,1.1422512555186028,0.6052896942746868,0.6312295369316874,0.8132493968628121,./emotion-fmri-neu/cp026_beta_fear_congruent_c0.nii.gz,26,fear,congruent,1.426080107520086,2.034168712023655,0.4732092028223706,0.1276780080921398,0.0927553418814155,-0.2547712842452094,1.0059390090127964,1.6271391042040009,4.637298419811763,0.5549370737944119,-0.893717382526597,0.0947771098678768,1.1227663533390977,0.35424311685604,-0.6842703957598066,fear,anger,1
1.5285661628820364,1.9191908772074988,0.9067456594916412,1.09982255078583,0.8439221704312064,0.589541713629147,0.4054437678981835,./emotion-fmri-neu/cp001_beta_fear_congruent_c0.nii.gz,1,fear,congruent,1.7960712816352653,-0.0333244282372299,0.5483903773102994,0.268169382264925,0.3760993068553564,0.2510040582126577,1.8454745051322117,1.5132846591240712,3.1840405208768576,0.4376819080513047,0.304987676806641,0.5727841575018942,1.0810999797803018,0.6247944700777822,-0.2478315872973886,fear,anger,1
1.5667734007973586,1.8255749469306004,0.4442689374417793,0.1613827926718153,2.087071011770448,2.064202548994849,2.224205339362601,./emotion-fmri-neu/cp022_beta_disgust_incongruent_c0.nii.gz,22,disgust,incongruent,1.652718251516911,-1.840274265780238,2.120842650314844,1.2077013782530417,1.464568920149004,0.579705076730278,0.0857991872812176,1.851148717385588,6.554698620382519,0.9335281893578008,2.6603720704875347,1.9867144246303807,2.265291978532116,1.819223451929952,-0.4435718535654753,disgust,anger,1
1.5741394579539203,1.9071873360937952,-0.0372163093603779,-0.000619791054527,0.6009444588900222,0.7001706081573361,1.086780972147051,./emotion-fmri-neu/cp003_beta_disgust_congruent_c0.nii.gz,3,disgust,congruent,2.3349705072045843,0.6746782678478663,-0.260641727613623,0.2980867164834551,0.347278574951661,0.8762620191794096,-0.6945793488384829,0.3749386516342007,2.695164148779762,0.4580605182584649,0.2282394741975313,0.9314482915911094,1.1404722652792936,0.4549041710545729,0.1564122093214356,disgust,fear,1
1.5899364456855225,1.6636840262383197,-0.4627753701842176,-0.969114317219558,1.7685677655401622,1.7872116718055882,3.169086711667452,./emotion-fmri-neu/cp012_beta_anger_incongruent_c0.nii.gz,12,anger,incongruent,1.8046756697787207,-2.0909912706646447,1.0436122611720884,0.748969447872945,1.5392398976891537,-0.4048254911862367,-0.154596348015954,1.2597792876255751,5.340502879464246,-0.9390753783989784,1.0045049387157396,3.1091051009977173,2.163630971049758,1.3661490211267555,-1.687480748446469,anger,fear,1
1.5955777505142543,2.0435316926429987,-0.2424291930177028,0.4515165398767374,0.5877017309334989,0.9397490425807292,0.8759848285312195,./emotion-fmri-neu/cp029_beta_disgust_congruent_c0.nii.gz,29,disgust,congruent,2.0154825123240467,0.4240983338370453,0.8769223521164725,0.1380181536076932,0.2126145350606865,0.1709537552136661,0.5131922411980071,1.3684638332682602,4.710061767324961,-0.3421461807476506,0.6221276335677812,-0.102006973576998,1.1811097032029596,0.6549795988670574,-0.6716113044220284,disgust,anger,1
1.610937668031828,2.003245041856848,0.373704016584273,0.4931330600324295,-0.0726423080709104,-0.0366074465274659,0.3430643919336679,./emotion-fmri-neu/cp006_beta_disgust_incongruent_c0.nii.gz,6,disgust,incongruent,1.7952586080171034,-1.1663603317758866,-0.8212766176035464,-0.2154618767897055,-0.3546590338583378,-0.8037538422160673,0.9602954940606784,1.825271186949762,3.048995353586445,0.2668173761565706,-0.7167620112647798,-0.0454870330574355,0.5902435712073187,-0.2509032147475915,-0.7971120201952874,disgust,anger,1
1.6299993840966929,1.6314809510292785,0.8331815523881084,0.6343327164160778,0.192603737577094,0.0775818494379019,-0.5783148039525012,./emotion-fmri-neu/cp014_beta_anger_incongruent_c0.nii.gz,14,anger,incongruent,1.7258790446060974,-3.2148377171572435,-0.1330233196811597,-0.5511401065888167,-0.2400886725101756,-0.137879083550857,-0.0059719292392622,1.4603862340875369,2.747325767290284,2.1975305370458718,1.049539896337567,0.0468974981920714,0.6307246016498956,0.0666635236979152,-1.3968140870151418,anger,disgust,1
1.6512075247243465,1.776303327213972,0.1689281304932506,-0.4001334556443438,0.7548048573275405,0.1606691246992592,0.722810996925918,./emotion-fmri-neu/cp026_beta_disgust_neutral_c0.nii.gz,26,disgust,neutral,1.6854529686269817,1.6478822877294212,0.8343629829633037,-0.4898384919073092,0.1057831700606461,-1.1615256630747708,0.9871672090305552,1.7919576869391085,4.246396942272225,-1.4581206995297913,0.0138743981776187,-0.0034690262336824,1.1034011291281718,0.1500037272601898,-2.261206187060473,disgust,fear,1
1.6515206209853155,1.5848052448520973,0.7167865712299857,0.6522474402833679,0.4626137080673834,0.5682304010200764,-0.7812727558200167,./emotion-fmri-neu/cp002_beta_anger_incongruent_c0.nii.gz,2,anger,incongruent,1.6174038926064962,-0.3460957848346509,0.0559469313460937,-0.7539582420008032,0.5392020054626278,-0.0997611420049412,0.6695057912578356,1.596378940340555,3.995878951875699,0.9045335978594384,0.3596147747262778,-0.3574235625850671,0.925260482137386,0.4545107262420508,-0.5807377152399459,anger,disgust,1
1.6840740458576569,2.343771690354959,-0.3177012942495581,-0.6329249990282289,1.554146245149616,1.605352140308936,2.0353987303104057,./emotion-fmri-neu/cp027_beta_fear_neutral_c0.nii.gz,27,fear,neutral,2.228975187033165,-1.333917310965163,1.599558625021572,1.1414007832954791,1.197156539266887,0.7546825313505753,-0.2057092864039319,1.5718515099615888,4.2136501405940106,-0.5407588393545294,2.543972306997443,1.4750799809060924,1.890902448228011,1.4204120008277872,-0.2803959120656157,fear,anger,1
1.6881969651070214,1.9918674492886328,0.5608127050315299,0.6978972728522376,0.5950581243864485,0.3180060774259354,0.1521005116849925,./emotion-fmri-neu/cp026_beta_disgust_incongruent_c0.nii.gz,26,disgust,incongruent,1.661207780178945,2.520159119954924,0.1919345715114046,-0.5855737796031675,-0.2310349909697132,-0.7349834449286489,0.9165037978798228,2.253033826424595,5.321264377216567,-0.0117100031816278,-0.232513854244778,0.4782964087394409,1.141921252012421,0.149925792017158,-1.272472481392975,disgust,anger,1
1.6897927493868925,1.7515523837409743,2.000123747055561,1.3924210334221006,1.8491880790645312,1.788531457400257,2.0164161707654342,./emotion-fmri-neu/cp008_beta_fear_neutral_c0.nii.gz,8,fear,neutral,2.0004011198614435,1.0914868619854992,1.4825704613388555,1.061644153284608,2.264293414819804,1.8243841532240144,2.6096292626863846,1.0627240163007672,2.5237476040037303,1.0013654819533695,3.0139982422884057,0.9929917064199818,1.9286654045992573,1.6934641451701855,1.4496987853396568,fear,anger,1
1.715400156099436,2.129880243322417,0.4979003569077207,0.2252417975337575,0.6442068445808664,0.4588527157926194,0.8755490493991279,./emotion-fmri-neu/cp019_beta_disgust_neutral_c0.nii.gz,19,disgust,neutral,2.0297125782868,-0.0957279546745267,0.1638327971418021,0.5590550044078154,0.2311903067529264,0.2450908841639964,-0.5180591169853199,1.701563494608702,3.895514898283504,1.2621003872297971,-0.4030296704763557,-0.5479138641987094,0.925022506035339,0.5571196509927766,0.2830640799130474,disgust,fear,1
1.7226002652817367,2.0687894964755245,0.6453378516827853,0.7215778375799922,0.9016605138966558,1.0512953131296028,1.7295428394414862,./emotion-fmri-neu/cp023_beta_anger_congruent_c0.nii.gz,23,anger,congruent,1.7805572590824958,-0.0685961247593403,0.3695672178266325,0.2241964325911259,0.6315592765086877,0.1781221923981082,1.1563568952414034,2.1559818609903694,4.185081701094705,0.4006279920081138,1.4097166644428771,1.2853993911234636,1.561193499162651,0.6117465211735835,-0.8220589126179312,anger,fear,1
1.7394600800119977,2.323990765719148,1.0511834729473963,1.39802194846213,-0.8673302277084635,-1.0057655049636878,-1.1269671480402434,./emotion-fmri-neu/cp011_beta_disgust_congruent_c0.nii.gz,11,disgust,congruent,2.505119716078144,0.2240101016925231,-1.7796945077188395,-1.437815719548393,-1.8570551961894377,-0.7549977298093258,1.2803119658832158,0.9067514428922272,3.295302105388702,1.3639052771241291,-1.664265463629354,-0.7220919505031888,-0.1473575910729476,-0.908852329412728,-1.473301019788234,disgust,fear,1
1.7534654684610258,1.5416616523416005,0.3562458407653179,0.4712541197552518,0.5052414498857261,0.6043276884061266,0.9013285489121317,./emotion-fmri-neu/cp015_beta_disgust_incongruent_c0.nii.gz,15,disgust,incongruent,1.5823465065067657,0.2490121306201277,-0.0362021997725602,0.722043894604437,0.398709540858538,-0.001816771946051,0.1452406892738799,1.804834215696439,2.788003776461231,0.6879651073583245,1.2699876011654925,0.2722457123204625,0.9773578658779504,0.422532524337473,-0.729585809218035,disgust,fear,1
1.767970020646728,1.970334793195414,1.277616310820903,1.7983640746979577,1.1622783687552165,1.0847009834143646,0.0392589249300365,./emotion-fmri-neu/cp002_beta_fear_congruent_c0.nii.gz,2,fear,congruent,1.6823901199449092,2.0171422726732247,0.7390499589638013,0.6487765661867251,0.7688389887483096,0.7904060520173417,1.869079673805878,2.2688153131164825,3.5600655933762546,1.1256306875139117,1.8033545071982453,1.1952241947169933,1.380962835289377,1.0832353691780976,0.7245783135470297,fear,anger,1
1.7731927241724668,1.664306682702065,0.1341995396202729,-0.1275783106942799,0.5434896459290663,0.4796709740373959,0.4112478531437233,./emotion-fmri-neu/cp019_beta_fear_incongruent_c0.nii.gz,19,fear,incongruent,1.7739843362443943,-0.7707510301697015,0.0962891792083744,0.0921676262644448,0.2038341378701511,0.1343214199171086,-0.1664442819650222,1.6029499758005086,3.968968391766841,0.3163139818841946,0.4588211038151265,-0.3250623142734244,0.8701662314469455,0.4705671906367845,0.1327407522666001,fear,anger,1
1.774522845404875,2.060282954615073,0.6291100757098458,0.6622503719790671,1.009956471634453,0.7618285863745529,0.7670724810920662,./emotion-fmri-neu/cp026_beta_fear_incongruent_c0.nii.gz,26,fear,incongruent,1.705300789298419,1.535282022133576,0.8620985897867693,0.0621661179553326,0.0072957481306933,-0.3897461083517273,0.0349279331648488,2.3931341750682824,5.80028920902321,1.0235417152226745,-0.2120754416782352,1.0148534402751672,1.5165833406853757,0.5460132203265322,-1.1941304654929794,fear,disgust,1
1.7994635450629493,1.9866645185337424,0.3944147550494744,0.1034372514249921,1.0205811128032105,0.9492308258793136,1.0877018470692834,./emotion-fmri-neu/cp019_beta_disgust_congruent_c0.nii.gz,19,disgust,congruent,2.103611596937802,-0.8597622369433358,0.9228214955523628,0.3843752514879346,0.7002946178931674,0.6875384105829171,0.367425776587177,1.385465090839485,3.558985247249407,0.3676991784735571,0.7157139871439648,0.4239229341892591,1.2852563513589317,0.9118041669946816,1.1460058631237595,disgust,anger,1
1.8061954522403645,2.182190720115657,-0.5112118094583067,-0.4378761506493491,1.1305674742430447,1.3924009380744768,2.0901091156424525,./emotion-fmri-neu/cp023_beta_disgust_incongruent_c0.nii.gz,23,disgust,incongruent,2.378364534300073,-0.2290641081566415,0.6162270225092891,0.6692041233666505,0.5350892412046686,1.2435125531101774,-0.3330648108524355,1.136320112560685,5.5796190454212775,-0.6504058803264658,1.6605568355287923,0.923723280581716,1.7889615903248075,0.9249755200492406,0.2991802923403269,disgust,fear,1
1.8232218968324865,2.3123982207613896,0.3330192780759542,0.9360936804832172,0.8092556718688986,1.078078359895636,1.5189251175527343,./emotion-fmri-neu/cp010_beta_anger_neutral_c0.nii.gz,10,anger,neutral,2.370367583272168,1.5721930925133698,0.640119312181911,0.6762489075308376,0.4303612459576262,0.3819203990607008,-0.0949929840218173,1.3793059922952533,4.667519929344064,1.1015058996170652,1.2400442764840442,0.3810649503895421,1.393914215124551,0.7896204390685662,-0.1960926795175,anger,disgust,1
1.8296803524754377,1.6421423101291628,-1.5582533689097608,-2.451144977962353,1.3114935481855394,1.1142325320363906,3.149207002452316,./emotion-fmri-neu/cp025_beta_fear_neutral_c0.nii.gz,25,fear,neutral,2.4153081040821425,-5.699348090617384,0.0938891102803582,0.8715640574638371,0.7025361578972181,1.6012611578435103,-3.923424930842347,0.2523227442220138,5.759905480029414,0.5040495344327673,0.3617861660766469,0.1390950291028608,1.5766990159319174,0.96773545656293,2.2660484102354395,fear,anger,1
1.8814845466727887,2.4095043025333878,0.7047829150708097,0.7244781954686539,0.5491378848193339,0.2462844507688374,-0.0218529464641027,./emotion-fmri-neu/cp001_beta_disgust_incongruent_c0.nii.gz,1,disgust,incongruent,2.0619660488322533,-0.7928984081983346,-0.3935820684289058,-0.1977530100683503,0.1762749283538701,-0.5211629708511171,0.8345596463300969,2.308217435064196,5.112640927561448,0.9035486034791615,0.0945039677354032,-0.6160265429482971,0.9827372665670022,0.2942991216054214,-0.9640738239786076,disgust,anger,1
1.8926726691807865,1.9065178719722764,-0.2407251950378918,-0.6867365985952872,1.936960151190829,1.2834898100974088,2.363858692499591,./emotion-fmri-neu/cp018_beta_anger_neutral_c0.nii.gz,18,anger,neutral,2.1311128507664825,-0.9194988450978082,0.7884017274727265,0.4462458349163956,1.619434417808278,0.070420172500147,-1.673967914333384,1.4292686563572554,6.40605444312511,0.739942293355165,0.5989213976537935,0.8954537955376982,2.1325812484998017,1.192695582910727,-0.7502438125992684,anger,disgust,1
1.9109668120916328,2.733781190290132,1.0084149863499237,0.6290652794984103,1.098314784335002,0.7510353381437536,1.7255480347024792,./emotion-fmri-neu/cp001_beta_disgust_neutral_c0.nii.gz,1,disgust,neutral,2.331303480668747,0.6195633720948528,0.5956156634801868,0.2029583585861576,0.9120509928785075,-0.2299017971293467,1.0015566522407116,2.262363846539571,4.038788526949572,0.6992716568091896,0.1385615617120851,0.3866327217821949,1.5267015497304453,0.6993655359041706,-0.7669038526750303,disgust,fear,1
1.912523347641212,2.433215282590194,0.7697635730180402,1.5633603666817748,0.7362376676906182,1.1202807025649573,0.5895129116602447,./emotion-fmri-neu/cp017_beta_anger_neutral_c0.nii.gz,17,anger,neutral,2.266421462122034,2.615708580717579,0.5879305262127764,0.2582012655343755,0.5905969355902915,0.3650302631808182,0.8654101248262502,1.9602169545723045,3.4769784671082213,1.1344965467172996,1.0500580204283314,1.1707470584876942,1.4936096659544116,0.7294740908677131,-0.5695623293036267,anger,disgust,1
1.9290614985631516,3.436539710797605,0.1008834865641814,-0.4806880974819079,-0.8464475400621722,0.1068207716071712,-0.5022768646399414,./emotion-fmri-neu/cp004_beta_fear_neutral_c0.nii.gz,4,fear,neutral,2.5587986341655387,-2.842595875711014,-0.0900392158747436,-0.9058177581187232,-0.9524491877665856,-2.3467136076398267,0.4641538936541369,3.006805386704455,2.41497414166694,-0.2550757672598809,-1.0877061642914732,0.7708372060089693,0.4853168683575347,-0.4052948628507173,-3.602877646946531,fear,anger,1
1.957445677788541,2.0042801956194074,1.6387499049102852,1.965937172122998,0.9181559572533952,0.9614778685872196,0.4262544249936141,./emotion-fmri-neu/cp002_beta_disgust_neutral_c0.nii.gz,2,disgust,neutral,1.840575551404135,0.0385086871524567,0.9797435454181914,-0.6827814779162372,1.0268783755161452,0.2782188116980689,1.995392960893892,2.27185481906035,3.719850655674274,1.9686358504530617,1.1186569903054182,0.1299832353319515,1.411077739269534,0.7979959495971323,-0.6196204335354649,disgust,fear,1
1.9658459378066584,2.698795440820485,-0.3961907766362063,-0.2646512259888093,1.0961137721658931,1.109694697559945,1.0203710068876994,./emotion-fmri-neu/cp027_beta_anger_incongruent_c0.nii.gz,27,anger,incongruent,2.593600135580626,-1.411368662700662,0.6398969371787797,0.7471006225098845,0.8133396450588369,0.6581405065502312,-0.0954956444469921,1.7715319546205108,3.9060462465323535,-0.3259042578467265,1.837184160886941,0.8100186910690533,1.6526056839609646,0.9156931376550352,-0.8307800209194959,anger,fear,1
1.9659351931299536,2.742259323259964,0.6744360844792574,0.7710970802771255,-0.1827272581484258,-0.2178396122510228,0.7566773057134818,./emotion-fmri-neu/cp011_beta_fear_incongruent_c0.nii.gz,11,fear,incongruent,2.776875461077288,-1.7476442595222978,-1.096699569069642,-0.2531300536851991,-0.7656894952599015,-0.3498101496479376,0.5273860397742843,1.3561639605595175,4.757192958366228,1.392038556098002,-1.2755085932657833,-1.422946953486328,0.5298143565089878,-0.2576110034767144,-0.2048836408328418,fear,anger,1
1.971475028506228,2.058740962429222,1.0586463257851388,1.577711527651949,0.8947203267599926,0.9531477057322814,-0.37397667316189,./emotion-fmri-neu/cp002_beta_fear_neutral_c0.nii.gz,2,fear,neutral,1.9347331544148116,0.7786181099053749,0.5382607767247779,-0.4056100232919148,0.6145982489859428,-0.131122652743908,1.2493040127020003,2.1780808080333167,4.161142394808471,1.4755783298392484,-0.0928841621388676,1.4787997430203563,1.3154658498538256,0.8897809639876691,-0.5255911112122301,fear,disgust,1
1.975537964389568,2.646021236427873,1.5127527761328552,0.6769547211390784,1.30754218171659,1.6544720421807984,1.7512730775711065,./emotion-fmri-neu/cp009_beta_disgust_incongruent_c0.nii.gz,9,disgust,incongruent,2.5876675593517677,3.4932706800011792,1.283711833588765,0.8007063214480535,0.8816004088080586,0.7240220110239612,1.361327100425695,1.6640022174044056,6.509288580938792,0.390704267404216,1.4751735065419869,0.4244388747968192,1.9346538478744189,1.266693641733893,0.4706261213771656,disgust,anger,1
1.9795994214589672,2.778415539087809,0.2213074997448644,0.1349066508268485,1.3111826263899955,1.5224561548588855,1.787642207454294,./emotion-fmri-neu/cp004_beta_anger_incongruent_c0.nii.gz,4,anger,incongruent,2.472542068159677,-2.680376484664265,0.024880195147516,0.7707623985388963,2.3222583934387333,-0.2773856784562392,0.4497105535240439,2.221273640390136,2.854470435124316,0.5002782268140754,2.0621400339279248,1.5104204360234563,1.912688789364952,1.2279153946231305,-2.0434066961437387,anger,disgust,1
1.991666939703865,2.8841964453296525,0.7232594024679719,0.7668995465719285,0.7577585495873957,0.4723535376957354,1.4645640733349596,./emotion-fmri-neu/cp001_beta_disgust_congruent_c0.nii.gz,1,disgust,congruent,2.4944514389845915,0.9159155841130882,0.0951394130609997,-0.0400773599726953,0.1763740273113566,0.103963860034274,0.4506046166299946,2.271156916744512,4.974481607498411,0.9774480865515114,-0.867032819812147,-0.1815500681020518,1.24951575252968,0.4766883075276739,-0.0792924249987181,disgust,anger,1
1.9968275275624892,3.3461474388780355,-1.1008466295421,-0.777591941363325,3.220718856184756,3.801177485732616,4.843838844424004,./emotion-fmri-neu/cp004_beta_disgust_neutral_c0.nii.gz,4,disgust,neutral,2.7879453593496657,-4.9035116727715,2.558553678309256,1.9978310755521556,3.852341244152617,1.788094456445103,-1.7615819812362208,2.476174329041848,6.181091904267386,0.5963659229694227,4.432484465100163,4.2098428176734295,3.611601285439651,3.2781221388905437,0.731800142217595,disgust,anger,1
2.0606273400271347,2.235670110310377,1.491447669439043,1.0264459625225022,1.8484932597862915,2.1983308039849674,2.555795279268045,./emotion-fmri-neu/cp022_beta_anger_neutral_c0.nii.gz,22,anger,neutral,2.048833461742796,0.3495154143149834,1.7319062981855768,1.6550264092509213,1.516500065341791,1.2399082986765528,2.113632028438083,2.373608021057449,6.075370333115575,0.6688572153883403,1.896940593509544,1.4532354783013457,2.327099459061255,1.779350975480503,0.4413037276712351,anger,fear,1
2.063635132896203,1.278781910110539,-0.8721143905037199,-0.9559752214431904,1.2752589008327466,2.31600096500821,1.520063881736608,./emotion-fmri-neu/cp030_beta_anger_congruent_c0.nii.gz,30,anger,congruent,1.9555636440617403,-2.512891037344012,1.07663668886535,0.4769301639819668,1.3758741737072218,0.2385259866921832,-1.1389392615687657,1.0035277995417078,7.406500491944891,-0.3848510586025322,2.7638819657339986,1.6127997249868915,1.9531533686230176,1.6699578546183165,-1.118190636517628,anger,disgust,1
2.0836585809085006,2.1885197201268998,0.9670692411131312,1.0778486527291495,1.772581367779244,1.4376148647717983,3.029577590425532,./emotion-fmri-neu/cp010_beta_disgust_congruent_c0.nii.gz,10,disgust,congruent,2.517496604293951,0.1463644125254454,0.8747861934172916,1.343186558504802,1.5393429281846365,0.6858290110797536,1.2129775603884378,1.2427053087350644,4.10618862128435,1.0192493165505805,1.695571603038798,1.650223548418639,2.052538804840216,1.281049089084601,0.1797650004099961,disgust,fear,1
2.1001236338947398,2.362086974455049,0.6924524593312822,1.23439930389717,0.7381712303156502,0.7396788087634771,0.5046613122106258,./emotion-fmri-neu/cp017_beta_disgust_congruent_c0.nii.gz,17,disgust,congruent,2.36476486281716,2.1458054287087043,0.1983062776184881,0.030191833525768,0.4678001442420775,-0.1090034708058195,1.0639159627525718,1.958929224864307,4.231372850224044,0.6236957314097152,0.5037364860434567,0.5577180815793629,1.3509792760747108,0.5525900978660477,-0.5121602009783319,disgust,anger,1
2.1307582350816947,1.8346159718388977,-1.0238698865525355,0.0950420690253474,0.6979903257251576,0.6567866393419106,0.2384718804211072,./emotion-fmri-neu/cp013_beta_disgust_neutral_c0.nii.gz,13,disgust,neutral,1.781292624145165,-1.693518975624692,0.7178638377412263,-0.1173444475857872,-0.1582448334259659,0.2673537843256373,-0.8921900553227566,2.44881065662456,5.687017372684422,0.150697166700696,1.2903424996303956,-0.2701028260841156,1.278061551880075,0.4274414422066765,-1.505222694664154,disgust,fear,1
2.1431511825478124,2.3528905593632485,0.5568150223653798,0.6084749930213595,1.1489856587074163,0.8283024388353516,1.6181550518630072,./emotion-fmri-neu/cp019_beta_fear_congruent_c0.nii.gz,19,fear,congruent,2.5029286188322493,0.55149632472708,0.7666444768440971,0.7396243196342606,0.6757594039222827,0.6019171329486557,0.3478396147629984,1.6555206184796092,3.846472432893671,0.800507378712283,-0.003774442559198,0.3018546943790054,1.399448594665183,0.898685235214562,0.9898995697578982,fear,anger,1
2.15934848596709,2.756672398763189,1.4669798454621017,1.0875356536278695,1.330173656639802,1.5391013154124746,2.086576362576897,./emotion-fmri-neu/cp005_beta_anger_incongruent_c0.nii.gz,5,anger,incongruent,2.565509600477974,0.864360285797878,0.5733636952256075,0.7920047061007048,1.00147646949152,0.7931938478478469,0.962362782902032,2.1979074783600185,5.616406339679237,1.6516607613813952,2.1748802122269297,1.2852894016944243,1.9164284127115172,1.2306459487676118,0.7412315036903663,anger,disgust,1
2.1754112140801216,2.2874097854729545,2.335148706641495,1.5709142532785565,0.2635170429305152,0.277162488031778,-0.3344804473954642,./emotion-fmri-neu/cp021_beta_anger_incongruent_c0.nii.gz,21,anger,incongruent,1.925718733247164,-1.0458695053861462,-0.8937582651366974,-0.3630308794620747,-0.8904252108567279,0.5111533598571046,1.211753941529326,2.9360441021890016,6.129951599796342,3.239712825054791,-0.484747814268589,0.2714314592376199,0.9070525903808612,0.1984148423063231,0.103366021571887,anger,fear,1
2.1833766045693985,2.961997302882936,-0.1955961508817618,0.5843232319406445,1.5513931717897478,1.579987320415175,2.5209071366151825,./emotion-fmri-neu/cp023_beta_anger_neutral_c0.nii.gz,23,anger,neutral,2.8357601067933933,0.4323494197286541,1.1369063096992935,0.4580879642664158,1.120538148504674,0.853845545704298,0.6536108775130126,1.9707351872545675,4.334025703058244,-0.2885137730579874,2.8724747783445146,2.4223489319774822,2.195188601696808,1.189285247524691,0.0109035216005581,anger,fear,1
2.201031204804866,2.3092890655505705,1.137170056730061,1.4858504182229857,0.7168459209229482,0.8526994941832682,0.3517152244535402,./emotion-fmri-neu/cp017_beta_disgust_neutral_c0.nii.gz,17,disgust,neutral,2.2460262030144054,2.2393344759371026,0.2480801739718624,0.0823429153231316,0.555520861578074,0.2058053194124984,1.1756075530303738,2.275046212474257,3.3433898890423404,1.241515058105238,0.3163416106315849,1.0082129559735884,1.3837895867164824,0.6091977517106238,-0.4821951111844485,disgust,fear,1
2.219490000868221,2.3108498846961627,1.0732203062701775,0.7513744991425138,0.3968627782290508,0.3956529225006819,0.180807941231829,./emotion-fmri-neu/cp008_beta_anger_incongruent_c0.nii.gz,8,anger,incongruent,2.8642011878733515,-0.0991020709322243,0.0287018207263097,-0.6523373537591997,-0.1648740871187055,-0.8524276309893478,1.85289917746803,0.8556825200305909,5.717790250966676,0.2648733687027377,1.9822545191565788,-0.1109086037287888,1.1086786436433729,0.1940218871690462,-2.065398145211914,anger,disgust,1
2.2203045439548186,2.692469407747654,0.0562607108724074,-1.0308660365518438,1.0925944665460363,1.0480373337001554,1.0166746549180403,./emotion-fmri-neu/cp004_beta_disgust_incongruent_c0.nii.gz,4,disgust,incongruent,2.3067415900898154,-4.752865684867309,0.0238972420612056,0.7550658940458629,1.3947450603446732,-0.4775113590329948,-0.1318631291226336,2.8577535912846197,3.263783026945128,0.0611866605808061,2.384814850528299,1.3217988829939362,1.6115182085935182,0.9407725076534482,-2.113229798521016,disgust,fear,1
2.2372350356178496,2.396581203435951,0.7387031918037297,0.1025300093242794,1.1222582795688971,0.8996863032148936,1.6432382341680851,./emotion-fmri-neu/cp005_beta_fear_congruent_c0.nii.gz,5,fear,congruent,2.4948557776565417,-0.2740051792096289,0.4172879842972063,0.2027322658746436,0.8039401948146391,-0.0044706175813813,-0.4327162816966601,1.9177409569697497,5.300221581786354,1.3496907989605191,2.4566293778867334,0.2797391785884286,1.630266865295723,0.7424349885343215,-0.4954013509556004,fear,disgust,1
2.2444311123499534,1.5302608791248842,0.1706921670175731,0.2804537263299043,1.359060696517857,1.3050570017131455,0.6048350505662391,./emotion-fmri-neu/cp028_beta_disgust_congruent_c0.nii.gz,28,disgust,congruent,2.085309085347875,0.6445680536786981,0.7806840897021186,0.660515491964745,0.4114702311702844,0.6249304002948034,-0.1495351055367208,1.469814064476092,5.85114647480037,0.4833238299399371,1.1218639591563335,1.9123411997045447,1.6705197883090943,1.152631076946621,-0.0005732394710354,disgust,anger,1
2.278621838828881,1.8212772407046187,1.2375156401233678,0.8121434196978998,1.180772302549833,0.8706509665231341,0.8929240476069873,./emotion-fmri-neu/cp018_beta_fear_incongruent_c0.nii.gz,18,fear,incongruent,1.8106435988666705,3.4353889055736504,0.5381853789364248,0.2283413942838076,0.2463936823018271,-0.3284641440525411,-0.1744605937855533,2.6719087672634623,7.526747806671676,1.641996410729767,0.061227550927151,0.2509274684332304,1.63420198107286,0.7414661766683803,-1.9966521346190167,fear,disgust,1
2.3339073381648427,2.147215620841751,-0.3878062974071102,-0.831044695093897,1.3607536630872448,1.4073482084975912,1.9926848834918052,./emotion-fmri-neu/cp027_beta_disgust_neutral_c0.nii.gz,27,disgust,neutral,2.636190267443088,-1.7909568358746497,1.747177973096241,1.023968006738017,1.1580761623893,0.3772269856740521,0.0036750036975573,1.3753411516819114,3.769234016489943,-0.9172654268359898,2.3422997154076404,0.7696683980907915,1.924530896412433,1.1003563120602968,-0.865839464804401,disgust,fear,1
2.343896611674942,2.799085777410428,1.0823512405068036,1.5950018773960366,0.9890963409668918,0.8559721030112886,0.658317805764049,./emotion-fmri-neu/cp017_beta_fear_congruent_c0.nii.gz,17,fear,congruent,2.79189968484978,1.2237445090092602,0.4475230424509968,0.0528015920541564,0.8202699348760639,0.2480851565123333,0.917726222922267,2.097685680900901,3.9303216988828384,1.733391825229894,0.7675009776656663,0.5591225040049126,1.634543346482543,0.6897196362153568,-0.5840157189449171,fear,disgust,1
2.3565415263407457,3.352222515949058,1.7755573395623152,1.7549081419279862,1.816572206228958,1.5145418906804862,1.5282369498344048,./emotion-fmri-neu/cp001_beta_fear_neutral_c0.nii.gz,1,fear,neutral,2.727465611289824,-0.6399759232870287,0.8293611861603782,0.4831479707436572,1.643358411194752,0.3866141237713454,1.3842652826339836,3.0887770818702216,5.439955944918724,2.586770432377054,0.895006719191679,1.6810884734471592,2.250810111938666,1.4373425413389656,-0.7146348244414219,fear,disgust,1
2.367619261991845,2.758822245404449,1.5311554006225223,1.9854814763916877,0.8995677174429758,1.289484709858888,0.3868336675009133,./emotion-fmri-neu/cp017_beta_fear_neutral_c0.nii.gz,17,fear,neutral,2.630765783646321,3.4772042053420384,0.6251805379201003,0.1301379084951339,1.017194719915089,-0.1606147098545928,1.7296308281174473,2.3936926480476317,3.445132533413194,1.432173921397088,1.4366732501748545,1.7930031952618444,1.7705348636897211,0.8588726281237953,-1.3611248808403744,fear,disgust,1
2.369220765755778,2.509241424084089,0.6715985789609341,1.2558990477442948,0.192747791783817,0.3401127542336113,-1.452088600943765,./emotion-fmri-neu/cp002_beta_anger_congruent_c0.nii.gz,2,anger,congruent,2.3341397359623737,1.2463876022652716,0.3118177992415513,-1.305082291228593,-0.0662216262668464,-0.6497650974021912,1.2805106300804343,2.6157217879332144,2.980804284903117,0.6024224229592158,-0.4228218027801498,0.8270090780402739,0.9657828980357864,0.1945440253263432,-1.382339216695158,anger,disgust,1
2.373634777557037,2.8499036918259097,0.7424454179218575,1.0487686590645091,1.5240905314889333,1.4365948724892614,1.28422958026673,./emotion-fmri-neu/cp027_beta_anger_congruent_c0.nii.gz,27,anger,congruent,2.745308073146257,0.0546411830407936,0.8887052401423131,0.9190903903917258,1.3735726892602786,0.5960026464154513,0.9538199754760536,2.3116586155167025,4.030632579876108,1.0022866364142775,2.2315099713134705,1.5998740397330882,2.0252949627681702,1.2694492870847187,-0.6014155991664311,anger,fear,1
2.418643074958104,2.8726549415298592,1.580026132244439,1.1229965886216062,0.4995668539492499,0.494666542634017,-0.4152916581631708,./emotion-fmri-neu/cp021_beta_disgust_incongruent_c0.nii.gz,21,disgust,incongruent,2.3102637396474703,-0.3685183428889468,-0.6866783633394912,-0.1738546839832326,-0.4450545556512341,0.083130275704188,0.1534223580347817,3.4241286433027835,6.734516689235008,2.793846270683179,-1.588961260296744,0.2791871513724444,1.0639470460526397,0.5625078104263789,-0.1720924098444575,disgust,fear,1
2.425157153448835,2.943319688057122,0.5146331031816869,0.6034035905073878,1.5758510206276608,1.7562377963758289,1.8601709458621245,./emotion-fmri-neu/cp005_beta_anger_neutral_c0.nii.gz,5,anger,neutral,2.6801139745215923,-1.267170020245623,1.542559299982059,0.6827691939607553,0.7225861229216276,0.6247705336298673,-0.0247219060768734,2.7131248641648926,6.739472233465611,1.4521844117010945,2.311654559846677,1.8716178048313328,2.0859168026476023,1.560255228771287,-0.0432151748753519,anger,disgust,1
2.4727354898239717,2.775314741116803,0.4506476554862386,0.4478213127971394,0.7039488113944368,0.9669035297755106,0.6275113618177462,./emotion-fmri-neu/cp024_beta_anger_incongruent_c0.nii.gz,24,anger,incongruent,3.0223323926686647,0.2028831301457304,-0.5660318167516392,-0.2812689406197666,0.5005351593570364,0.0536859774173404,0.0471244033921375,1.6782873700488083,5.5614276501177535,0.8656104622693319,-0.0941937561143177,1.0877508939232905,1.5786659977309845,0.6123222906762644,-1.12060537463628,anger,disgust,1
2.4956237792009124,3.5054252146164884,2.337061035147336,2.180364074435152,1.6666904667431717,1.6104185319933528,2.207796609423095,./emotion-fmri-neu/cp009_beta_anger_congruent_c0.nii.gz,9,anger,congruent,3.070304688983822,3.676378438866168,1.0943357043273132,0.8288851816424123,1.0816376815743427,1.2626621535810671,1.6725634099889712,2.793086312323509,6.286028503707717,2.5091879099277024,3.078059623425386,0.9029971321006374,2.3006659665136566,1.3165821802369204,0.9750491927015542,anger,disgust,1
2.495818090680876,3.174180140823625,0.3568913997575923,0.5791915501508605,0.825180062211743,1.4690082630648695,1.9318611655082027,./emotion-fmri-neu/cp029_beta_fear_neutral_c0.nii.gz,29,fear,neutral,3.253102074050632,-0.0301122047383995,1.1360090628583468,0.4626094326107969,1.0313120084968876,-0.1891558544529717,0.6935633193894992,1.862481270033513,4.634709819376493,0.3596305377788167,0.8702989986237866,0.3682007289784795,1.903067572843366,0.8404105227226125,-0.7028378082711719,fear,anger,1
2.507867913752925,3.031427291587401,1.9248684458266327,2.361402223796414,1.5572271976375696,1.4604435240629587,0.5387419972342291,./emotion-fmri-neu/cp002_beta_anger_neutral_c0.nii.gz,2,anger,neutral,2.3917535138642045,0.1647311941177273,1.1526949841071523,0.522753444758166,1.3458633080619105,0.9662765533899752,2.280881865619285,3.603211331741762,4.482300778792577,2.393337106839201,1.4805535276069204,1.1553864777259146,1.9525667652459089,1.4425100016393335,0.6430581299464638,anger,fear,1
2.5121136949235647,2.714083996470112,1.3029152569103122,1.8308880231000848,0.7964443247527562,0.9600757522950764,0.9198633850795128,./emotion-fmri-neu/cp017_beta_fear_incongruent_c0.nii.gz,17,fear,incongruent,2.517761783651865,1.147017760251248,0.2556158919501874,0.2212413951499348,0.5678547989663202,-0.0627053268395714,1.4559970800583986,2.8485577446534287,4.715204140731335,1.7393886848079148,1.2539852645495115,0.6810494253275142,1.6452659474386826,0.5894581872353505,-1.143221435849748,fear,disgust,1
2.5225664202354863,2.5963914631704177,-0.0832429152286988,0.3279276043412568,0.9604677672535206,1.323088893045724,0.7923530988892938,./emotion-fmri-neu/cp025_beta_fear_congruent_c0.nii.gz,25,fear,congruent,3.11497921550886,-2.253081696718918,0.3081209269998696,0.1555512687825681,0.6180271357240418,1.0086195830166376,0.5225162404168553,1.2930920847922915,5.229970102316498,0.2262077489800802,2.060489797414103,1.0609548959719337,1.6569592523632355,1.0175477584948451,-0.1326741714863636,fear,anger,1
2.565402434408965,2.1987552442549294,0.6502891004404973,0.4381145882098264,1.5997842917672216,1.6683730707578115,2.550549322944097,./emotion-fmri-neu/cp005_beta_fear_incongruent_c0.nii.gz,5,fear,incongruent,2.4698319278804868,-1.646579951601085,1.035897090233404,1.1474319441452223,1.0308461530571829,1.0095084075955485,-0.4297412926350403,2.177839289831721,6.406232106653444,1.8728632490250217,2.465255367244483,1.0227030883886918,2.028949900301179,1.4473766458027135,1.2224818165730047,fear,disgust,1
2.6061762922720284,3.077833534010548,1.893372400903935,1.3259222286267611,2.2720199215727286,2.510778281401971,4.007420187368668,./emotion-fmri-neu/cp009_beta_disgust_neutral_c0.nii.gz,9,disgust,neutral,2.7244464420858714,-0.1574358925050093,2.247501746782287,1.8559555807804629,1.7522515184024872,0.8652840804843582,1.767428886204664,3.0715878542508057,7.186281540423043,1.8293920796554568,2.4277685079869213,2.1670555307720907,2.925922817463816,1.978122208765035,0.0686715389800845,disgust,anger,1
2.6124620490713637,3.02389559125498,0.2328339174472585,0.1300072690997105,1.5781678459660775,1.282239785145456,2.7601184504424165,./emotion-fmri-neu/cp010_beta_fear_incongruent_c0.nii.gz,10,fear,incongruent,3.3337438237091237,-0.6535699510674301,0.5906064599693897,0.9168001275356296,1.1263573495269168,0.7581398508903261,0.2849693351792088,1.609242753100259,5.1012269839211015,0.2598684989648705,2.204764228327919,1.2483218475385305,2.0954112365718,1.0961394673093978,0.2632606113157241,fear,anger,1
2.7261812478635705,2.417777442491785,0.1761422885059697,0.8253893054899144,0.8019208500112796,1.1096745799437102,-0.0436748419514027,./emotion-fmri-neu/cp013_beta_anger_incongruent_c0.nii.gz,13,anger,incongruent,2.4010508283998373,-2.212386193323576,0.5662304155310931,0.2739584444985302,-0.2874209282745765,0.5597776575560536,-0.1700025000717069,2.958989016338016,6.907719648247375,1.6417495515210734,1.0888205702716776,0.7747475738969823,1.6318069813875256,0.7247142070075481,-0.7623619987503046,anger,fear,1
2.736650599693862,2.806033072689589,1.4395549891721915,1.7602301397440554,0.8684855179503923,0.992984479589115,-0.0359674719480421,./emotion-fmri-neu/cp002_beta_fear_incongruent_c0.nii.gz,2,fear,incongruent,2.4781071878402594,1.531041793703473,0.1379584516194504,-0.2612134165828658,0.4720189497509938,0.3033400317026312,1.8880648236377533,3.390373066776744,5.559297330660966,1.3413781257063118,0.27456069316471,0.7860688657399145,1.4905375418396374,0.8900588220784821,0.4652628912459629,fear,anger,1
2.783277496675236,3.067422563250682,0.766824325066285,0.7197214245659055,0.9038656701074516,1.1296929137556295,0.5808614467198923,./emotion-fmri-neu/cp024_beta_fear_incongruent_c0.nii.gz,24,fear,incongruent,3.057579196262299,-0.0629500516368488,-0.2920883775857767,0.01473999762217,0.7418012156407794,0.174394515488791,-0.0735870458521886,2.572037855138371,5.951796082066207,1.6497774174639726,0.6595813068191392,0.8157020930909124,1.7892881544696813,0.7813116282776376,-0.7075725655618702,fear,disgust,1
2.7980127160789845,2.647702428456027,0.3350912026636244,0.0093895503234293,1.869568809587788,1.4465978253326424,3.5988979837378925,./emotion-fmri-neu/cp010_beta_anger_incongruent_c0.nii.gz,10,anger,incongruent,3.35062075853721,-2.469317908388837,1.204054646384083,1.4632340829569768,1.218062232285149,1.1422786269478058,-0.5298559079764977,1.2626112343722675,5.50317991893387,1.349032892257027,2.012983830398765,0.869151491015226,2.2971111215029265,1.262495872308035,0.5959180362106976,anger,fear,1
2.861333111704837,2.873227969814378,1.893616498186116,1.7596330477613449,2.7214880268633217,2.603388308613519,3.1084785005347686,./emotion-fmri-neu/cp008_beta_disgust_incongruent_c0.nii.gz,8,disgust,incongruent,3.16449351619489,-1.2456992238114937,1.435129866874166,2.051267790548027,2.548787514284085,2.131102186929024,1.9849785154504689,2.1702342389694134,6.285336800029484,2.3001154073311607,3.121958732159687,2.434494479721109,2.946551918334296,2.45445976999158,2.0023407895011984,disgust,anger,1
2.865212612541,2.770094700727808,1.593958218756064,1.3120177192965532,1.9670403226201243,1.6381254403017835,2.7697442588833936,./emotion-fmri-neu/cp010_beta_fear_congruent_c0.nii.gz,10,fear,congruent,3.1325722416566384,0.3315057971313482,0.8841416494683076,0.4949511173874442,1.7983377391397446,1.2527535423210885,1.2243520653000834,2.0841143427209765,4.38183004942796,1.8922466367685689,3.763195430248437,2.208138547509025,2.505373617221544,1.3498926017840722,0.4481969077748316,fear,disgust,1
2.889091121438608,2.8630623766510905,0.5992933054981439,0.5648418090581602,1.54789776427554,1.2784166649010404,2.8425481186560764,./emotion-fmri-neu/cp010_beta_disgust_incongruent_c0.nii.gz,10,disgust,incongruent,3.343749545193939,-2.3077805660736934,0.8662716518453915,1.0751876793290371,1.014933744833132,0.6078706304087798,0.1542820826650573,1.7802361065160597,5.7752958517523805,1.5510509631728115,1.444886106251856,0.5866973585583705,2.145389249512386,1.0347733459563289,0.5260463540170385,disgust,anger,1
2.9030447432843074,3.882063639225547,1.2327777008781775,0.6015263897304187,2.168165950996101,2.1784576020112496,2.8637663605935773,./emotion-fmri-neu/cp009_beta_fear_incongruent_c0.nii.gz,9,fear,incongruent,3.4852660393732884,0.5830125720305348,1.7953968203251776,1.5792628883396342,1.5818811739013074,1.0917759853095272,1.0251933359702394,3.1350003097891626,6.705674808415483,0.900126482718268,2.5422801864450046,1.9358659780052816,2.776962227059484,1.900400511974072,0.5547324628205553,fear,anger,1
2.9194350465210466,2.4749389692602533,2.7928325418433,1.898248515145511,0.9044622894292662,0.9523154944396788,0.2345217800305515,./emotion-fmri-neu/cp021_beta_disgust_congruent_c0.nii.gz,21,disgust,congruent,2.577247697955048,1.26451336142914,0.2631701195522285,0.200617760412514,-0.2551917996663148,0.987338221439031,1.4749670140147106,2.968308029135993,6.035892402810894,3.3719342892962083,0.1589182166102739,1.228303490483443,1.4715315058691565,0.9142289975740252,0.6873039822535841,disgust,fear,1
2.9254879073213265,2.6813655814676176,0.8245598766480428,0.6111110063069688,1.5124923709882014,1.519200119844622,2.380566704159059,./emotion-fmri-neu/cp018_beta_anger_congruent_c0.nii.gz,18,anger,congruent,2.689612208405897,3.099138169610027,0.6827022659394144,1.1777711068922296,1.06795570721432,0.3028516609319665,0.5459259210284596,3.086669486030491,6.519573137298252,0.4005675881575057,0.7357891944187853,1.040149831717628,2.2403566776757944,1.1426261885515738,-0.839809186009433,anger,fear,1
2.9431850458676623,3.211387176549898,1.724347580856315,2.0755716153067194,1.2069711148143392,1.4278204901600706,1.5332261327407566,./emotion-fmri-neu/cp017_beta_anger_incongruent_c0.nii.gz,17,anger,incongruent,3.071126461552078,1.6868018625844832,0.7088726194761895,0.4611371261334141,0.9511552887480684,0.5915574705005622,1.459760854531211,3.095193527823369,5.176295862669395,2.3345982116018607,1.9964293096001768,1.1711578280415678,2.117519293551874,1.004561020277466,-0.5974943691005643,anger,disgust,1
2.9809370404114044,2.9797794279894303,0.6408019106860212,0.7799462737450105,1.612345387691852,1.6496291184276977,1.3032913250877844,./emotion-fmri-neu/cp013_beta_disgust_congruent_c0.nii.gz,13,disgust,congruent,2.7395424230213683,-2.4781160780694744,0.9029257519891026,0.9345850750167825,0.7970904719095243,1.0807847887459965,-0.2644510967803606,3.5328634119779685,6.33991152775439,2.2348370463833573,1.9252951414089152,1.915549118979336,2.262529639841602,1.3748727973533812,-0.2781609860240391,disgust,fear,1
3.004879419980688,3.665438507989976,0.8189656563415629,0.9632145385742236,1.2574262685264832,1.714999723119856,1.5345594727052014,./emotion-fmri-neu/cp024_beta_disgust_congruent_c0.nii.gz,24,disgust,congruent,3.330133637666509,1.3937524748982812,0.8120238766955156,0.4011874576126173,1.0167230934246057,0.0161026851614752,0.8006980772937562,3.327734917054324,5.925243577087485,0.869224589585383,0.4865603693850487,2.0565499890989423,2.2125691178627496,1.2551215530490265,-0.2332163126931248,disgust,anger,1
3.006056456369654,4.215242651491357,2.604976640545843,3.008251572864166,0.949374268150389,1.041321802196352,1.677906997490091,./emotion-fmri-neu/cp011_beta_anger_congruent_c0.nii.gz,11,anger,congruent,4.096691806066264,2.985545342433607,0.1943521877338091,1.0037645162249738,0.4492839612397071,1.1666006542717215,3.227444366785508,2.4639066842192845,5.283429549776346,2.3767078116404274,0.0319339632544791,-0.1810435892346828,1.802921404394688,0.8926368758325505,1.0090001707267044,anger,fear,1
3.02035955450488,3.7309680155621647,1.5742703975774484,1.924737476434824,1.3967540482624514,1.6428549408057809,2.752724949279641,./emotion-fmri-neu/cp029_beta_anger_incongruent_c0.nii.gz,29,anger,incongruent,3.6312345204108016,0.830991765553883,0.8501324248876251,0.8156669013819355,1.0357133759446435,0.3661345399276873,1.775450376403214,2.7577896933568438,6.4732247046866975,1.9017618886622656,1.7660508670667752,1.1521165795568011,2.367108914192753,1.1489757058326937,-0.4772985343317336,anger,fear,1
3.041916057547976,3.5572920838431057,0.7209890405596083,0.6953824506550164,1.376248214294974,2.067096993151033,1.5888522490564103,./emotion-fmri-neu/cp024_beta_fear_congruent_c0.nii.gz,24,fear,congruent,3.555565057820201,0.972732160251254,0.6427067504756796,0.4773481335721027,1.313752126573619,0.8376910084824837,0.568507209268012,2.6704562936479146,5.656098413659036,0.7853783983062274,0.966520017891537,2.6050735247391548,2.422236497494072,1.4586625684790453,0.4353840461212693,fear,anger,1
3.0509010232600926,2.599114375163748,0.960194523781716,0.2892554433015874,1.39304307743533,1.3337641299013605,1.5247141229785408,./emotion-fmri-neu/cp018_beta_anger_incongruent_c0.nii.gz,18,anger,incongruent,2.5880645013739025,1.9937871509105585,0.7544030497874482,0.7583766621268065,0.3504886353594123,0.0708816002874827,-0.8264481317482291,3.4316425896344955,7.916074107399758,1.6852412251346691,1.0591289058116893,1.11871458153495,2.082510197427626,1.0581339519060202,-1.4639068183889574,anger,disgust,1
3.052541740278159,3.639024636530381,1.214898104117851,0.6591243556476301,2.687174539850397,1.6138569076912577,5.971414974542583,./emotion-fmri-neu/cp010_beta_disgust_neutral_c0.nii.gz,10,disgust,neutral,4.099165939115535,0.8616924872842481,1.5415915622456662,1.811084478737866,2.1852198019022158,1.109867190952322,0.4423652603727261,1.5517919691492932,5.426379675388583,1.4187461792160874,3.382015836164417,1.290155476341355,3.00607621916286,1.527099028416267,0.3714701441817459,disgust,fear,1
3.255350048725373,3.1435734356946665,1.216829655079831,1.394844055077148,1.7520067141600084,2.0758773677762163,2.053365725630637,./emotion-fmri-neu/cp025_beta_disgust_congruent_c0.nii.gz,25,disgust,congruent,3.533610928319906,0.7710616975913014,1.1621884778405194,0.7554657985919844,1.9327281255862607,0.645115043522921,2.6106324070758133,2.417806098890512,5.307266206419135,0.220588016647219,2.9077155462746345,2.005141441532869,2.541743669018297,1.6485042822403948,-0.5359018229792277,disgust,anger,1
3.4066916984873363,3.305781237237598,0.9220688681882592,0.8534501723850672,1.827315422806662,1.810527814313777,2.6228778953592653,./emotion-fmri-neu/cp018_beta_fear_neutral_c0.nii.gz,18,fear,neutral,3.531296229529582,3.226402920590523,0.9925967004786216,0.8343072011163497,1.44978567944495,-0.4165592529607376,0.4663940874430471,3.018576839667448,7.54750415139993,0.801407818220425,0.0300146134108436,1.908346713517458,2.67918227397642,1.400089729754121,-1.480990569598417,fear,disgust,1
3.4456958379326768,3.984187472861033,1.5041415741630262,1.3795099438816698,1.727606116171842,1.3429622155032297,2.636741668283011,./emotion-fmri-neu/cp001_beta_anger_neutral_c0.nii.gz,1,anger,neutral,3.7558012695840417,0.97148911948238,0.9167942784500122,0.6350546249692045,1.418575521953368,0.7180818494296042,0.959704950343961,3.5902641478638784,5.6088923729998745,1.975545266984324,0.5561258193244852,0.670382366187851,2.376425052532303,1.2786899340934732,0.4340115462198076,anger,fear,1
3.4598567399529148,3.6009248825949123,3.7567618357978185,2.937253395876464,3.85693610388524,3.676063965578436,4.367833256000057,./emotion-fmri-neu/cp008_beta_fear_congruent_c0.nii.gz,8,fear,congruent,3.59280471380282,-1.4270131906360783,2.268154501443165,2.681988440886672,3.687778593194986,3.4818855199561454,2.70904269942742,3.3546470736839846,6.754487528121657,4.897016012181982,3.88971960721337,4.382386845750655,4.078069634062451,3.426961899345042,3.499687859468214,fear,anger,1
3.4727766972132947,4.053147809922849,3.011112512758684,2.45230164202938,2.531125092205294,2.9807483545916904,4.262405322583849,./emotion-fmri-neu/cp009_beta_fear_neutral_c0.nii.gz,9,fear,neutral,3.66021012846088,4.332314845341638,3.001471088319543,1.7027651246589814,2.2090896026201388,1.304659706501505,2.365487721367163,3.970490371556202,6.930452960240023,2.7514898692776577,3.056086537385903,2.5901284382595486,3.419224632200953,2.34017471757387,1.2493810132914698,fear,anger,1
3.5426516780227204,3.875324057026316,2.0579371817360994,1.856052936640773,-0.1133894035945293,-0.0226076232632763,0.6745722963506168,./emotion-fmri-neu/cp020_beta_disgust_congruent_c0.nii.gz,20,disgust,congruent,4.500081232281634,2.020677194699521,-0.2640350122751493,0.2313141321374668,0.3716712392425474,-0.4200707285204648,1.413918964659033,1.8675630503038487,2.029929455931596,2.433565303125047,-0.046199982616381,-2.5519154265305275,1.0739338586482572,-0.2639803854430537,0.0680614712836222,disgust,fear,1
3.547065044785755,3.2660478275134714,1.6299607206791027,0.7909885283390966,2.394904378178229,2.38213509679644,3.1662410178519136,./emotion-fmri-neu/cp018_beta_disgust_congruent_c0.nii.gz,18,disgust,congruent,3.3980381130293718,2.639398075412839,1.5942549450570025,1.686015811782914,1.6188115022831733,1.0870574046167136,0.6366071468667733,3.462238345023907,8.319866725286035,1.4642393668965077,1.5656738254769051,2.3075452976186464,3.071753002533256,2.0179595074217525,-0.5916727921671944,disgust,fear,1
3.590382219216414,3.3579713361417967,0.8548691421697583,0.9665886418095032,0.8808000183229221,1.324125524540392,0.7329338375833265,./emotion-fmri-neu/cp025_beta_fear_incongruent_c0.nii.gz,25,fear,incongruent,3.803151889501529,0.3336226919145695,0.2935633020328618,0.1169273986025229,0.6736586107222682,0.0286759596346962,2.011491748795389,2.7107861897286294,6.704833278020413,0.018929464595171,1.3038526842913818,0.3992110281072361,1.950880199911336,0.9150344151373806,-1.0353459212914626,fear,anger,1
3.6606984931979616,4.464823618534297,2.0768647600454884,2.0179586208037765,2.9118740508883065,3.265170518608578,5.354343123370196,./emotion-fmri-neu/cp029_beta_anger_neutral_c0.nii.gz,29,anger,neutral,4.376164162829404,1.529216899179985,2.2721787548739165,2.021702044466576,3.2994265593807475,0.8911533663607386,2.20934705658236,3.3401244569489617,7.267644508584366,2.003525313481185,2.974355700460805,2.868881163165225,3.937281296665344,2.510401717387814,-0.0103502301744923,anger,disgust,1
3.6955208639732473,4.093826063457987,1.9965125650186144,2.238511273838901,1.6261185505572917,2.25152851340055,2.7363632690971587,./emotion-fmri-neu/cp029_beta_disgust_incongruent_c0.nii.gz,29,disgust,incongruent,3.913313488112329,2.5862461671119368,1.149246262115283,1.3415776957303769,1.4839501383142328,0.6499451754274268,2.4248738928989075,3.818660157615545,7.233882334470795,1.739756139667664,1.7319332568824113,1.4457666680975452,2.795343130128965,1.614881744381388,-0.3002567806227954,disgust,fear,1
3.735547618539815,3.894693180769532,1.1706093935912625,1.93331773929644,1.6205900850235662,1.7576604078954663,1.4905019127364154,./emotion-fmri-neu/cp013_beta_anger_congruent_c0.nii.gz,13,anger,congruent,3.63465267541844,-1.437453061145269,1.1248098234265076,0.8771043806587185,0.397516009355991,1.0544021240392127,1.235686016554825,4.222864996679922,7.036243787737689,2.4180730036404694,2.161358209347016,2.6233690233133893,2.4560922463166204,1.4704870185979493,0.1219417679332806,anger,fear,1
3.7616952198457607,3.324303545262461,0.8209605755651053,1.3637950947590234,0.9271398041966756,1.2091139833254032,0.1627515438654698,./emotion-fmri-neu/cp013_beta_disgust_incongruent_c0.nii.gz,13,disgust,incongruent,3.3068589001385917,-1.8670889483666293,0.8888462962564323,0.4074115901289046,-0.449542724045086,0.9585601648394124,0.1784734222397577,4.066222874614848,7.006295034491563,2.5041292914645554,1.3769346675202732,1.091573659147697,1.9048622258814605,0.886099433479093,-0.1009695956256463,disgust,fear,1
3.817229625307683,3.114906576474385,1.7635712238155892,1.7798359661977317,2.466317952541234,2.395182425901177,3.579740644409984,./emotion-fmri-neu/cp028_beta_fear_congruent_c0.nii.gz,28,fear,congruent,3.78243143845833,1.6018004420819545,1.698088291146021,1.3899142626857042,1.8431857874389332,1.1781995193141437,1.3403227968285187,2.70612826025137,7.389741075272774,2.1970626406528235,2.4816502207588926,2.726163982381914,3.049010585645762,2.091769870342848,1.003752419961057,fear,disgust,1
4.02269394387162,3.96330396322486,1.1288966020856357,0.8681160547523753,2.843923639858148,3.0700944713949245,3.589959364304564,./emotion-fmri-neu/cp024_beta_disgust_neutral_c0.nii.gz,24,disgust,neutral,4.226578596760205,0.9470405367547212,1.9803552842952796,1.619725777270326,2.4570404042570644,2.3090211902212574,0.4703742252963895,3.4169551872366783,7.824840977408062,1.4983351070402169,2.3823863506958287,3.0499029519467094,3.452041628883892,2.750058113561038,2.668945288757703,disgust,anger,1
4.106500859145103,4.390171787041564,4.09393640046527,3.6617839750860166,4.761608009554331,5.139868566926666,6.514200584878275,./emotion-fmri-neu/cp008_beta_disgust_congruent_c0.nii.gz,8,disgust,congruent,4.2577564525415,0.0251109909442727,3.791007392904024,4.257943611699898,4.668861411742181,5.129722290042288,3.17983024793004,4.157963805071059,8.012384720687647,5.288565988666473,6.448051482760096,4.9391131172633465,5.209704954967129,4.4802024673174055,6.21944892045003,disgust,anger,1
4.278733594754781,3.7472096479148194,1.360843779541718,1.7002664032836643,1.8131573987480365,2.5201856992943985,4.21137810603209,./emotion-fmri-neu/cp030_beta_anger_neutral_c0.nii.gz,30,anger,neutral,4.268435568115173,1.1699887595184828,1.6029168824163555,1.3563760488022665,1.8626436225907572,0.3604043960750819,1.131871635609388,3.386036531817542,7.808514785659677,1.9528663778147213,0.4616556152553871,1.3446529111238676,2.903705494037118,1.919481285246737,0.0478863084958092,anger,fear,1
4.793155509357714,4.577352638122064,1.1335351348121527,1.986062370687307,2.2919171773901423,2.656350425795772,2.774445671731286,./emotion-fmri-neu/cp013_beta_anger_neutral_c0.nii.gz,13,anger,neutral,4.13306345696656,1.0125097012231985,2.371072242535279,1.631786732986362,1.1587563062955204,1.592963856711514,2.467476207832412,5.921527624032033,8.43922555976152,0.8245383599308574,2.7740425534266,2.6876103942963776,3.338792125356846,2.2107723672969897,0.2513767130123313,anger,fear,1
5.155543703473166,4.06761062059035,4.439711477525191,3.7908907544665,2.377540316769104,2.1506938737053423,1.9980061307423689,./emotion-fmri-neu/cp020_beta_anger_congruent_c0.nii.gz,20,anger,congruent,4.003397225431902,5.858432602319369,2.323886132054517,2.3712049925296923,1.63962196762099,3.523834409672339,4.001609795838864,5.930418571554512,4.479424975054997,3.8798678823204944,1.8404307003948237,0.8882696657228755,2.944851709789161,2.177030615533402,5.199288970503367,anger,fear,1
