Posterior Lobe,Medulla,Temporal Lobe,Limbic Lobe,Frontal Lobe,Sub-lobar,Pons,Anterior Lobe,Occipital Lobe,Midbrain,Frontal-Temporal Space,Parietal Lobe,filename,subject,emotion,priming
1.9423608210934047,-0.5518593276780694,0.9088365449329325,0.7938206540409699,0.7056526163291834,0.7572680854994002,1.009211220928482,1.8863763530889206,3.5366500110474175,0.611878097966351,1.2612313462562383,0.8453886054410894,./emotion-fmri-neu/cp001_beta_anger_congruent_c0.nii.gz,1,anger,congruent
2.7982745838892553,1.2357859058975864,0.6132908127662763,0.3908321012272184,0.9119375008671339,0.08622633518282928,0.9758152515586586,2.8215099860896755,5.186356217108904,1.2177729918650226,0.7169915758778567,0.5890935261769654,./emotion-fmri-neu/cp001_beta_anger_incongruent_c0.nii.gz,1,anger,incongruent
3.7558012695840417,0.97148911948238,0.9167942784500122,0.6350546249692045,1.418575521953368,0.7180818494296042,0.959704950343961,3.5902641478638784,5.6088923729998745,1.975545266984324,0.5561258193244852,0.670382366187851,./emotion-fmri-neu/cp001_beta_anger_neutral_c0.nii.gz,1,anger,neutral
1.7960712816352653,-0.03332442823722996,0.5483903773102994,0.26816938226492504,0.3760993068553564,0.2510040582126577,1.8454745051322115,1.5132846591240712,3.1840405208768576,0.43768190805130475,0.304987676806641,0.5727841575018942,./emotion-fmri-neu/cp001_beta_fear_congruent_c0.nii.gz,1,fear,congruent
1.837201562493798,0.05528121338262909,-0.21753443543534334,0.1453875153662439,0.6030507269544212,-0.3974476799838126,0.5683795316926683,1.8308870372062012,4.697656082438065,0.9580830323193714,-0.33933812101358335,-0.16746509774107293,./emotion-fmri-neu/cp001_beta_fear_incongruent_c0.nii.gz,1,fear,incongruent
2.727465611289824,-0.6399759232870287,0.8293611861603782,0.4831479707436572,1.643358411194752,0.38661412377134546,1.3842652826339836,3.0887770818702216,5.439955944918724,2.586770432377054,0.895006719191679,1.6810884734471592,./emotion-fmri-neu/cp001_beta_fear_neutral_c0.nii.gz,1,fear,neutral
2.4944514389845915,0.9159155841130882,0.09513941306099977,-0.04007735997269535,0.17637402731135668,0.10396386003427402,0.4506046166299946,2.271156916744512,4.974481607498411,0.9774480865515114,-0.867032819812147,-0.1815500681020518,./emotion-fmri-neu/cp001_beta_disgust_congruent_c0.nii.gz,1,disgust,congruent
2.0619660488322533,-0.7928984081983346,-0.39358206842890586,-0.19775301006835033,0.17627492835387018,-0.5211629708511171,0.8345596463300969,2.308217435064196,5.112640927561448,0.9035486034791617,0.09450396773540327,-0.6160265429482971,./emotion-fmri-neu/cp001_beta_disgust_incongruent_c0.nii.gz,1,disgust,incongruent
2.331303480668747,0.6195633720948528,0.5956156634801868,0.2029583585861576,0.9120509928785077,-0.22990179712934675,1.0015566522407116,2.262363846539571,4.038788526949572,0.6992716568091896,0.1385615617120851,0.3866327217821949,./emotion-fmri-neu/cp001_beta_disgust_neutral_c0.nii.gz,1,disgust,neutral
2.3341397359623737,1.2463876022652716,0.31181779924155134,-1.3050822912285933,-0.06622162626684645,-0.6497650974021912,1.2805106300804343,2.6157217879332144,2.980804284903117,0.6024224229592158,-0.42282180278014986,0.8270090780402739,./emotion-fmri-neu/cp002_beta_anger_congruent_c0.nii.gz,2,anger,congruent
1.6174038926064962,-0.3460957848346509,0.055946931346093735,-0.7539582420008032,0.5392020054626278,-0.09976114200494123,0.6695057912578356,1.596378940340555,3.995878951875699,0.9045335978594384,0.3596147747262778,-0.35742356258506713,./emotion-fmri-neu/cp002_beta_anger_incongruent_c0.nii.gz,2,anger,incongruent
2.3917535138642045,0.16473119411772733,1.1526949841071523,0.522753444758166,1.3458633080619105,0.9662765533899751,2.280881865619285,3.603211331741762,4.482300778792577,2.393337106839201,1.4805535276069204,1.1553864777259146,./emotion-fmri-neu/cp002_beta_anger_neutral_c0.nii.gz,2,anger,neutral
1.6823901199449092,2.0171422726732247,0.7390499589638013,0.6487765661867251,0.7688389887483096,0.7904060520173417,1.869079673805878,2.2688153131164825,3.5600655933762546,1.1256306875139115,1.8033545071982455,1.1952241947169933,./emotion-fmri-neu/cp002_beta_fear_congruent_c0.nii.gz,2,fear,congruent
2.4781071878402594,1.531041793703473,0.13795845161945047,-0.2612134165828658,0.4720189497509938,0.3033400317026312,1.8880648236377535,3.390373066776744,5.559297330660966,1.3413781257063118,0.27456069316471,0.7860688657399145,./emotion-fmri-neu/cp002_beta_fear_incongruent_c0.nii.gz,2,fear,incongruent
1.9347331544148114,0.7786181099053749,0.5382607767247779,-0.4056100232919148,0.6145982489859428,-0.13112265274390802,1.2493040127020005,2.1780808080333167,4.161142394808471,1.4755783298392484,-0.09288416213886763,1.4787997430203563,./emotion-fmri-neu/cp002_beta_fear_neutral_c0.nii.gz,2,fear,neutral
2.041463342740494,0.8484769345973877,0.44260784365801276,-0.7917642873082078,0.25641614761901027,-0.10983256765926605,0.8297856090097434,1.602118955452043,3.189548092117899,0.1931620671331016,0.5496019120768119,0.4156390716579661,./emotion-fmri-neu/cp002_beta_disgust_congruent_c0.nii.gz,2,disgust,congruent
1.8844256293036994,0.39499715305983546,0.3901308340266573,-0.1311132430090745,0.459430944982827,0.39822342430537466,0.5751507033978275,2.1058134741605232,4.664420113528277,1.4837080474104942,0.5732857527030747,0.9941316867005249,./emotion-fmri-neu/cp002_beta_disgust_incongruent_c0.nii.gz,2,disgust,incongruent
1.840575551404135,0.038508687152456735,0.9797435454181914,-0.6827814779162372,1.0268783755161452,0.27821881169806895,1.9953929608938918,2.27185481906035,3.719850655674274,1.9686358504530617,1.1186569903054182,0.1299832353319515,./emotion-fmri-neu/cp002_beta_disgust_neutral_c0.nii.gz,2,disgust,neutral
0.7318603454116432,-2.0387130598659184,-0.27831083240712917,-0.6829845914500019,-0.06586033161892083,-0.10010709137715604,0.5824607721603243,0.4889220693548379,0.8497263198711682,-0.12497992656528872,0.3959561250861139,-0.22646784413570484,./emotion-fmri-neu/cp003_beta_anger_congruent_c0.nii.gz,3,anger,congruent
1.497095085743406,-1.0400187602289328,-0.3267405474839962,-0.15054451557124762,0.04070711183159874,-0.11088668025983325,-0.5479681122413368,0.7135933285384991,3.3658423191592353,-0.18244498089722672,-0.3824685638591989,-0.14132631655782338,./emotion-fmri-neu/cp003_beta_anger_incongruent_c0.nii.gz,3,anger,incongruent
1.3192635174030378,0.410854089475112,-0.0521330024937458,0.05064466808206825,-0.01840567451725972,-0.5602702628565259,-0.14061704975572664,1.46578596566464,2.6709759551939944,-0.0057858240298261305,-0.36750209386703864,-0.6759004445142769,./emotion-fmri-neu/cp003_beta_anger_neutral_c0.nii.gz,3,anger,neutral
1.886422096864188,-0.22081780561269101,0.26951111909880193,0.4407257894250604,0.6785908913828711,1.2980497282801062,-0.43842348119498686,0.11747176807812733,1.840143066227337,-0.07965599248593945,0.41207523349193204,1.694786168788665,./emotion-fmri-neu/cp003_beta_fear_congruent_c0.nii.gz,3,fear,congruent
1.4892391852969036,-0.6807302651139838,-0.6068723660354939,-0.20800580751630512,-0.4446195781375158,-0.49486184402093764,-0.07339788576868511,1.214227913481041,3.3982924241864585,0.28867424962411453,-1.3337064799166434,-0.29441985137209525,./emotion-fmri-neu/cp003_beta_fear_incongruent_c0.nii.gz,3,fear,incongruent
2.600988083826051,0.10394041224764092,0.29881641298651634,0.4765702734927168,0.5940172202228944,0.060522884094229054,1.865747197474748,2.4949360643342877,4.366563198106,0.1529549442975636,-0.7298838512497199,1.427651358915985,./emotion-fmri-neu/cp003_beta_fear_neutral_c0.nii.gz,3,fear,neutral
2.3349705072045843,0.6746782678478663,-0.26064172761362303,0.29808671648345514,0.347278574951661,0.8762620191794096,-0.6945793488384829,0.37493865163420076,2.695164148779762,0.45806051825846494,0.22823947419753135,0.9314482915911094,./emotion-fmri-neu/cp003_beta_disgust_congruent_c0.nii.gz,3,disgust,congruent
1.5559515089820322,-1.4127345557737558,-0.7795082473459686,-0.4568054487371613,-0.13327265849395709,-0.34793624094692377,-1.2845823238224137,0.8132846398561857,2.654642040589253,-0.4371101544017175,-0.6692717932024497,-0.5493203027774664,./emotion-fmri-neu/cp003_beta_disgust_incongruent_c0.nii.gz,3,disgust,incongruent
0.4161112528808472,-2.312377946408019,-0.2263064613706331,-0.5472814881403237,-0.4918000589668038,-0.9039148459881472,-1.6021036814350187,0.27224537687268713,1.5110374128027182,-0.7294576632983403,-1.3762377653652562,-0.5323317457431913,./emotion-fmri-neu/cp003_beta_disgust_neutral_c0.nii.gz,3,disgust,neutral
2.3301515226859157,-2.3428600704172005,0.43696654948066427,0.8571780683241126,2.769255337331055,-0.36498724916261793,-1.0222760791349446,1.227899253615227,4.451907336864743,-0.43468358372503063,0.23137140719041777,1.4735675892800497,./emotion-fmri-neu/cp004_beta_anger_congruent_c0.nii.gz,4,anger,congruent
2.472542068159677,-2.680376484664265,0.024880195147516024,0.7707623985388963,2.3222583934387333,-0.2773856784562392,0.4497105535240439,2.2212736403901356,2.8544704351243158,0.5002782268140754,2.0621400339279248,1.5104204360234563,./emotion-fmri-neu/cp004_beta_anger_incongruent_c0.nii.gz,4,anger,incongruent
3.541564236534325,-0.35361117523460217,2.3658991838475214,1.7393068206785753,3.3817831016644164,0.7369832951191058,0.2719722161737099,2.745239569101792,6.159878567646507,1.1446988200991923,3.426625645524244,4.365047576075375,./emotion-fmri-neu/cp004_beta_anger_neutral_c0.nii.gz,4,anger,neutral
2.1061676772548843,-7.215108294760939,-0.6380885891988733,-1.7062495740332337,-0.9026967168763906,-1.7672448805321075,-1.9646617516705718,1.2464501214904204,1.465609257626423,-0.14349151656410353,-2.238809719222172,-1.7737567683746371,./emotion-fmri-neu/cp004_beta_fear_congruent_c0.nii.gz,4,fear,congruent
2.650145195289454,-2.5870670019799284,-0.14499440434011288,0.636194701871727,1.956698921660708,-0.29933707775906837,0.4711327990786066,2.8364921626207096,1.256284664652676,0.43281937076392024,1.56916028258932,1.5148094429171146,./emotion-fmri-neu/cp004_beta_fear_incongruent_c0.nii.gz,4,fear,incongruent
2.5587986341655387,-2.842595875711014,-0.09003921587474364,-0.9058177581187231,-0.9524491877665855,-2.3467136076398267,0.46415389365413695,3.006805386704455,2.41497414166694,-0.25507576725988096,-1.0877061642914732,0.7708372060089693,./emotion-fmri-neu/cp004_beta_fear_neutral_c0.nii.gz,4,fear,neutral
0.40363491470527885,-4.854854594303845,-1.8397052004805865,-1.7293382098604957,-0.7023925956628407,-2.4156508734662654,-0.7738766062188027,0.3744942689362166,-1.0589775973770714,-0.19982676762783916,-2.383935049949315,-2.619290645741951,./emotion-fmri-neu/cp004_beta_disgust_congruent_c0.nii.gz,4,disgust,congruent
2.3067415900898154,-4.752865684867309,0.023897242061205644,0.7550658940458629,1.3947450603446732,-0.4775113590329948,-0.13186312912263362,2.8577535912846193,3.2637830269451276,0.061186660580806164,2.384814850528299,1.3217988829939362,./emotion-fmri-neu/cp004_beta_disgust_incongruent_c0.nii.gz,4,disgust,incongruent
2.7879453593496657,-4.9035116727715,2.558553678309256,1.9978310755521553,3.852341244152617,1.7880944564451027,-1.7615819812362208,2.476174329041848,6.181091904267386,0.5963659229694227,4.432484465100163,4.2098428176734295,./emotion-fmri-neu/cp004_beta_disgust_neutral_c0.nii.gz,4,disgust,neutral
1.696347877443143,-2.6827251564556525,0.29636299560136636,0.3375024549217835,0.484420860665964,0.25016625740978893,-0.6461064244800718,1.7721926959010583,5.057114390166955,0.9039114951257264,1.2636044228476258,0.5652779992459217,./emotion-fmri-neu/cp005_beta_anger_congruent_c0.nii.gz,5,anger,congruent
2.565509600477974,0.864360285797878,0.5733636952256075,0.7920047061007048,1.00147646949152,0.7931938478478469,0.9623627829020319,2.1979074783600185,5.616406339679237,1.6516607613813952,2.1748802122269297,1.2852894016944245,./emotion-fmri-neu/cp005_beta_anger_incongruent_c0.nii.gz,5,anger,incongruent
2.6801139745215923,-1.267170020245623,1.542559299982059,0.6827691939607553,0.7225861229216276,0.6247705336298673,-0.024721906076873443,2.7131248641648926,6.739472233465611,1.4521844117010945,2.311654559846677,1.8716178048313332,./emotion-fmri-neu/cp005_beta_anger_neutral_c0.nii.gz,5,anger,neutral
2.4948557776565417,-0.27400517920962897,0.41728798429720637,0.20273226587464366,0.8039401948146391,-0.004470617581381359,-0.43271628169666015,1.9177409569697499,5.300221581786354,1.3496907989605191,2.4566293778867334,0.27973917858842867,./emotion-fmri-neu/cp005_beta_fear_congruent_c0.nii.gz,5,fear,congruent
2.4698319278804868,-1.646579951601085,1.035897090233404,1.1474319441452223,1.0308461530571829,1.0095084075955483,-0.42974129263504035,2.177839289831721,6.406232106653444,1.8728632490250217,2.465255367244483,1.0227030883886918,./emotion-fmri-neu/cp005_beta_fear_incongruent_c0.nii.gz,5,fear,incongruent
0.7115069777418563,-0.9791787147345453,0.8563219301890644,0.4418850977523629,0.7562520848199062,0.24675270282957623,0.2065031600231718,0.8371533916949673,4.342810536128517,-0.49926378012935524,1.6172821970417066,0.23034409065634207,./emotion-fmri-neu/cp005_beta_fear_neutral_c0.nii.gz,5,fear,neutral
3.0025751449680156,0.7567788196125819,1.0715563269993214,0.8123900176473378,1.0010916239357268,0.7066165628442351,-0.026403803722098305,3.1286294550199485,5.90311945905973,3.258968287258421,2.967065139920906,1.220960718532895,./emotion-fmri-neu/cp005_beta_disgust_congruent_c0.nii.gz,5,disgust,congruent
2.425181839421289,-0.1732632886766592,0.24179225812838098,-0.23304470124928733,-0.2765280777555292,-0.3057494202840896,0.11418544555077786,2.3188927362336234,5.8602867467932445,1.7573365374775693,0.39291294030386853,0.3479026781032523,./emotion-fmri-neu/cp005_beta_disgust_incongruent_c0.nii.gz,5,disgust,incongruent
3.3387068925244887,0.17080102721251353,1.2447514811991707,0.5079704802241187,1.6469707698643485,0.44903838727355566,0.4557937925801526,3.2411621400782966,5.610971011400992,3.0788994693362732,2.1540137501713104,1.65804150502357,./emotion-fmri-neu/cp005_beta_disgust_neutral_c0.nii.gz,5,disgust,neutral
1.2257831475017493,-2.870813901510437,-0.748502625551284,-0.4833752325070255,-0.37536894944469446,-0.39386599167064645,0.32355278258129433,1.0598671659466075,2.5419188609258914,0.6933664031977084,-0.7417421985544775,-0.3671595523835061,./emotion-fmri-neu/cp006_beta_anger_congruent_c0.nii.gz,6,anger,congruent
1.6744395515757355,-1.5085536466618275,-0.4577086991477647,-0.20077157796667455,-0.19532213801548412,-0.9819445943856117,0.41375431987297745,1.3624557649563658,3.1452886125773656,-0.42616256421177995,-0.36667051172787735,0.11547907538324355,./emotion-fmri-neu/cp006_beta_anger_incongruent_c0.nii.gz,6,anger,incongruent
1.4084053058897805,-1.7558674578869533,0.36189244315062613,0.40201719842424666,0.3448952175864017,-0.7675184730494999,1.4218413719340215,1.9946710209740777,3.307055673375978,-0.1183875525357243,0.15874028498692105,1.0029288790396471,./emotion-fmri-neu/cp006_beta_anger_neutral_c0.nii.gz,6,anger,neutral
1.3984256361482263,-0.35319446240652025,-1.0008507443857888,-0.8315581616803905,-0.0011932577202114609,-0.8908014892220417,-0.4583203731320181,0.6372935176090356,1.8791326512163635,-0.24043271062137886,-0.20841097563183478,-0.09261298559848385,./emotion-fmri-neu/cp006_beta_fear_congruent_c0.nii.gz,6,fear,congruent
2.1227232525245596,-1.0523438017563116,-0.3540960736482531,0.1528170184335284,0.0956940183068086,-0.6114106195879642,0.9368809861653788,1.9829240226508134,3.5291954123186575,0.46165397025090854,-0.1728681971724411,0.32885611607271653,./emotion-fmri-neu/cp006_beta_fear_incongruent_c0.nii.gz,6,fear,incongruent
1.1961245405804635,-0.5716197841538888,0.11926211776017652,-0.37171381778995877,-0.015837763832969604,-0.752668618624807,0.40811599101213664,1.289081460301588,2.4877197297773117,-1.331000775911921,-0.26929538483740584,0.3849808857354027,./emotion-fmri-neu/cp006_beta_fear_neutral_c0.nii.gz,6,fear,neutral
0.7433161428676379,-1.617385902880545,-0.40030479470430097,-0.31492345219118834,-0.4293072890930386,-0.7203191636983572,1.2743661121822345,1.6045080693874865,2.6329266468960753,1.7893904515232801,-0.10464684266115466,-0.1952852190237596,./emotion-fmri-neu/cp006_beta_disgust_congruent_c0.nii.gz,6,disgust,congruent
1.7952586080171034,-1.1663603317758866,-0.8212766176035464,-0.21546187678970555,-0.3546590338583378,-0.8037538422160673,0.9602954940606783,1.825271186949762,3.048995353586445,0.26681737615657064,-0.7167620112647798,-0.045487033057435566,./emotion-fmri-neu/cp006_beta_disgust_incongruent_c0.nii.gz,6,disgust,incongruent
1.8501789877451293,-1.4085985855062217,0.34975104144051894,-0.07658940002427292,0.41050867878689623,-0.15673301503888665,0.5693006260584597,1.1277371723810394,2.5753323169092606,-0.28888147870671405,1.1101062477104249,0.8258734328046348,./emotion-fmri-neu/cp006_beta_disgust_neutral_c0.nii.gz,6,disgust,neutral
1.6222097237900805,0.7003946788379336,-0.012497234083833747,0.06118404948907593,0.14818503812106154,0.5412912325509295,0.36516546765457014,1.558371482320242,3.2462658419826234,0.9249894864566612,0.6261607749989923,-0.5622032087106551,./emotion-fmri-neu/cp007_beta_anger_congruent_c0.nii.gz,7,anger,congruent
0.5077253698659627,-0.14315749559653654,-0.7145297339871101,-1.0069242910090068,-0.8842412377338392,-0.4593299794488848,-0.49720743977214005,-0.2594700423004345,2.352583130849464,-0.07715726172980186,-0.572194201894331,-0.6015611896052261,./emotion-fmri-neu/cp007_beta_anger_incongruent_c0.nii.gz,7,anger,incongruent
0.7610549938501763,-0.8018339869393315,-0.04059215633420018,-0.5013222253686485,0.34418060399937905,-0.004883537264350082,0.0691147057646509,-0.05607321938962214,2.490362584806391,-0.007300051523443333,0.4173010653502065,0.2973271435656446,./emotion-fmri-neu/cp007_beta_anger_neutral_c0.nii.gz,7,anger,neutral
1.405018180667236,-0.22460737107623466,0.2179630938707626,-0.6028847910097006,-0.4107997811827601,-0.06654704267314386,0.0758752149069916,2.186065266025041,3.4629362923788594,1.6246664014738124,0.7711192980094604,0.09972826253992823,./emotion-fmri-neu/cp007_beta_fear_congruent_c0.nii.gz,7,fear,congruent
1.2940500196864626,-0.08509453934124227,-0.07938719305991206,-0.450069902329791,0.06602180634176805,0.2538899245804138,-0.16177229364366907,0.9673752715225623,3.0741290012547573,0.6424053555979453,0.9547789555325263,0.27672438994633686,./emotion-fmri-neu/cp007_beta_fear_incongruent_c0.nii.gz,7,fear,incongruent
0.3938461643726821,-0.8556388162963815,-0.5852242310526382,-0.9888142374617988,-1.3090984619419126,-0.6247374243472879,-0.9164638414737181,1.1108544179067343,2.3410925466654304,1.077680471257522,-0.25135112457516984,-0.9152252325717651,./emotion-fmri-neu/cp007_beta_fear_neutral_c0.nii.gz,7,fear,neutral
0.9783401999014188,0.4288897751931551,-0.886111854938788,-2.0603272817258818,-2.311655205188182,-0.9706681890551697,0.2774916084536627,0.6091022168229628,1.9154626294929762,0.2628366813352113,0.06698171803154512,-1.7279577945094593,./emotion-fmri-neu/cp007_beta_disgust_congruent_c0.nii.gz,7,disgust,congruent
0.4593522949890169,-0.3414698752907166,-0.12941491278954426,-0.2615955087380031,0.023507493756159948,0.25924750860025647,0.1258148506255966,0.23454706854987206,3.3685512522315864,0.49058170932852463,-0.6896376003440341,0.3479795756941628,./emotion-fmri-neu/cp007_beta_disgust_incongruent_c0.nii.gz,7,disgust,incongruent
0.5815599765980382,-1.1652124305244589,-0.3785635737649599,-0.7944967250607295,0.15347848539646933,-0.11176007788513319,-2.3338460355766704,-0.041386429643860974,1.972067177702552,-0.2007005556267675,0.7061946530313724,-0.03181022936415214,./emotion-fmri-neu/cp007_beta_disgust_neutral_c0.nii.gz,7,disgust,neutral
1.8488239416690995,-2.640948294066509,0.6424627020600876,0.8640778727372026,0.9926661822015708,1.697579904353499,0.3755674396549395,1.5933097411523545,4.434519787741128,2.3181459993182734,2.8021598367712386,0.6188502641259538,./emotion-fmri-neu/cp008_beta_anger_congruent_c0.nii.gz,8,anger,congruent
2.8642011878733515,-0.09910207093222437,0.02870182072630975,-0.6523373537591997,-0.1648740871187055,-0.8524276309893478,1.8528991774680301,0.8556825200305909,5.717790250966676,0.26487336870273775,1.9822545191565788,-0.1109086037287888,./emotion-fmri-neu/cp008_beta_anger_incongruent_c0.nii.gz,8,anger,incongruent
-0.029306204375251988,-2.7831332626348053,-1.324112465984395,-2.1716530930207036,-1.7930985847050291,-0.500833163009649,-2.556088011073182,-2.5179630850893555,-0.22721613531086857,-1.307753936507346,-0.2951928451349763,-1.5689257150819018,./emotion-fmri-neu/cp008_beta_anger_neutral_c0.nii.gz,8,anger,neutral
3.5928047138028196,-1.4270131906360783,2.268154501443165,2.6819884408866717,3.6877785931949862,3.4818855199561454,2.70904269942742,3.3546470736839846,6.754487528121657,4.897016012181982,3.8897196072133706,4.382386845750655,./emotion-fmri-neu/cp008_beta_fear_congruent_c0.nii.gz,8,fear,congruent
0.7388140824590372,-2.710622332031882,-0.09107417835671187,-0.37532391790634534,0.7520340081517831,-0.037978880319703964,0.06134028827759908,-1.1690971895046816,3.2147272720510065,0.08205807284777697,1.7904859310645238,0.054568435788702324,./emotion-fmri-neu/cp008_beta_fear_incongruent_c0.nii.gz,8,fear,incongruent
2.0004011198614435,1.0914868619854992,1.4825704613388557,1.061644153284608,2.2642934148198037,1.8243841532240144,2.6096292626863846,1.0627240163007672,2.5237476040037303,1.0013654819533697,3.0139982422884057,0.9929917064199818,./emotion-fmri-neu/cp008_beta_fear_neutral_c0.nii.gz,8,fear,neutral
4.2577564525415,0.02511099094427276,3.7910073929040236,4.257943611699898,4.668861411742181,5.129722290042288,3.17983024793004,4.157963805071059,8.012384720687647,5.288565988666473,6.448051482760096,4.9391131172633465,./emotion-fmri-neu/cp008_beta_disgust_congruent_c0.nii.gz,8,disgust,congruent
3.16449351619489,-1.2456992238114935,1.4351298668741659,2.051267790548027,2.5487875142840846,2.131102186929024,1.9849785154504689,2.1702342389694134,6.285336800029484,2.3001154073311607,3.121958732159687,2.4344944797211086,./emotion-fmri-neu/cp008_beta_disgust_incongruent_c0.nii.gz,8,disgust,incongruent
1.9995232485891354,-0.8519758532808444,0.7281838180272013,-0.5192293899257886,1.3687399298275131,-0.05782196074814406,1.5022425854376127,0.6217933281882765,3.5907052320081285,0.6201928776183223,2.841381939264096,1.4477415426122802,./emotion-fmri-neu/cp008_beta_disgust_neutral_c0.nii.gz,8,disgust,neutral
3.070304688983822,3.6763784388661684,1.0943357043273132,0.8288851816424123,1.0816376815743427,1.2626621535810671,1.6725634099889712,2.7930863123235086,6.286028503707717,2.5091879099277024,3.078059623425386,0.9029971321006374,./emotion-fmri-neu/cp009_beta_anger_congruent_c0.nii.gz,9,anger,congruent
3.383036305157902,1.8038350950720172,1.9355336927078912,1.2528050814768386,1.4122259070968464,1.1976043394880007,2.006902204385149,3.1893090996249893,8.161122428193758,1.9685899194560852,1.976853341224644,0.965884903131406,./emotion-fmri-neu/cp009_beta_anger_incongruent_c0.nii.gz,9,anger,incongruent
4.892806343735593,1.7247464625575224,3.3072160947806712,2.756854020939679,2.4281556451898885,1.8580632495435927,2.7794043982175913,4.976935998614203,8.328800614079222,2.9931690149048733,3.182608496042753,2.6135169485830123,./emotion-fmri-neu/cp009_beta_anger_neutral_c0.nii.gz,9,anger,neutral
3.4684902841006715,2.986736206844663,1.7578258709645067,1.1882515469985155,2.046370995096266,1.942428933913281,3.057071103819876,3.592444529999556,6.673553612061061,3.3727963140860995,3.4656426133657714,1.7256675857485908,./emotion-fmri-neu/cp009_beta_fear_congruent_c0.nii.gz,9,fear,congruent
3.4852660393732884,0.5830125720305348,1.7953968203251776,1.5792628883396342,1.5818811739013074,1.0917759853095272,1.0251933359702394,3.1350003097891626,6.705674808415483,0.900126482718268,2.5422801864450046,1.9358659780052816,./emotion-fmri-neu/cp009_beta_fear_incongruent_c0.nii.gz,9,fear,incongruent
3.6602101284608795,4.332314845341638,3.001471088319543,1.7027651246589814,2.2090896026201388,1.3046597065015053,2.365487721367163,3.970490371556202,6.930452960240023,2.7514898692776577,3.056086537385903,2.5901284382595486,./emotion-fmri-neu/cp009_beta_fear_neutral_c0.nii.gz,9,fear,neutral
2.809819357564381,4.533871247131574,0.997067228593384,0.4787207246635953,1.1938386778494494,1.0495482690987195,2.513080142683894,2.482525694402632,6.340825886122439,2.566282833878939,2.491681308686824,1.459901499714305,./emotion-fmri-neu/cp009_beta_disgust_congruent_c0.nii.gz,9,disgust,congruent
2.5876675593517673,3.4932706800011792,1.283711833588765,0.8007063214480535,0.8816004088080586,0.7240220110239612,1.361327100425695,1.6640022174044056,6.509288580938792,0.390704267404216,1.4751735065419869,0.4244388747968192,./emotion-fmri-neu/cp009_beta_disgust_incongruent_c0.nii.gz,9,disgust,incongruent
2.7244464420858714,-0.1574358925050093,2.247501746782287,1.8559555807804629,1.7522515184024872,0.8652840804843582,1.767428886204664,3.0715878542508057,7.186281540423043,1.8293920796554568,2.4277685079869213,2.1670555307720907,./emotion-fmri-neu/cp009_beta_disgust_neutral_c0.nii.gz,9,disgust,neutral
2.4464297922517484,-2.358776283825018,1.083159950795669,0.7660872940019539,0.8078966889718476,0.9651822256470771,0.4014826484816015,1.5105807384820444,4.197576191038907,1.3931622333711753,2.099933503342057,1.047686871669281,./emotion-fmri-neu/cp010_beta_anger_congruent_c0.nii.gz,10,anger,congruent
3.35062075853721,-2.4693179083888372,1.2040546463840833,1.4632340829569768,1.218062232285149,1.1422786269478058,-0.5298559079764977,1.2626112343722675,5.50317991893387,1.349032892257027,2.012983830398765,0.869151491015226,./emotion-fmri-neu/cp010_beta_anger_incongruent_c0.nii.gz,10,anger,incongruent
2.3703675832721673,1.5721930925133698,0.640119312181911,0.6762489075308376,0.4303612459576262,0.38192039906070085,-0.09499298402181736,1.3793059922952533,4.667519929344064,1.1015058996170652,1.2400442764840442,0.38106495038954213,./emotion-fmri-neu/cp010_beta_anger_neutral_c0.nii.gz,10,anger,neutral
3.1325722416566384,0.33150579713134826,0.8841416494683076,0.49495111738744424,1.7983377391397446,1.2527535423210883,1.2243520653000834,2.0841143427209765,4.38183004942796,1.8922466367685686,3.763195430248437,2.208138547509025,./emotion-fmri-neu/cp010_beta_fear_congruent_c0.nii.gz,10,fear,congruent
3.3337438237091233,-0.6535699510674301,0.5906064599693897,0.9168001275356296,1.1263573495269168,0.7581398508903261,0.28496933517920886,1.6092427531002593,5.1012269839211015,0.2598684989648705,2.204764228327919,1.2483218475385303,./emotion-fmri-neu/cp010_beta_fear_incongruent_c0.nii.gz,10,fear,incongruent
2.8512754875889685,-0.5091931248652848,1.395025973275108,1.9084456780240135,1.4782765183528144,0.9521392439262388,0.3425903153193297,2.4780708419082007,4.317533787360348,2.9128241178952283,0.1849717796154609,0.6215834634353259,./emotion-fmri-neu/cp010_beta_fear_neutral_c0.nii.gz,10,fear,neutral
2.517496604293951,0.14636441252544544,0.8747861934172916,1.343186558504802,1.5393429281846365,0.6858290110797536,1.2129775603884378,1.2427053087350644,4.10618862128435,1.0192493165505803,1.695571603038798,1.650223548418639,./emotion-fmri-neu/cp010_beta_disgust_congruent_c0.nii.gz,10,disgust,congruent
3.343749545193939,-2.3077805660736934,0.8662716518453915,1.0751876793290371,1.014933744833132,0.6078706304087798,0.15428208266505739,1.7802361065160595,5.7752958517523805,1.5510509631728115,1.4448861062518559,0.5866973585583705,./emotion-fmri-neu/cp010_beta_disgust_incongruent_c0.nii.gz,10,disgust,incongruent
4.099165939115535,0.8616924872842481,1.5415915622456662,1.811084478737866,2.1852198019022153,1.1098671909523221,0.44236526037272617,1.5517919691492932,5.426379675388583,1.4187461792160874,3.382015836164417,1.290155476341355,./emotion-fmri-neu/cp010_beta_disgust_neutral_c0.nii.gz,10,disgust,neutral
4.096691806066264,2.985545342433607,0.19435218773380913,1.0037645162249738,0.44928396123970715,1.1666006542717215,3.227444366785508,2.4639066842192845,5.283429549776346,2.3767078116404274,0.03193396325447914,-0.1810435892346828,./emotion-fmri-neu/cp011_beta_anger_congruent_c0.nii.gz,11,anger,congruent
1.9484395772408891,-1.4930828495668853,-1.703532016030885,-0.8782285006118172,-1.203856974050684,-0.35355193169474697,0.4979507184116819,0.7425911715279911,3.703334929727212,1.3407379835161533,-1.8839148231258669,-2.1455617701413363,./emotion-fmri-neu/cp011_beta_anger_incongruent_c0.nii.gz,11,anger,incongruent
1.5971773683747978,-3.8230584505471246,-1.2259979125465725,-1.044639424536403,-0.6799155654069298,-0.8951024362007454,-0.1852113360118413,0.5522928347121501,3.2831411895771043,0.14508870397164092,-0.709877783332972,-1.6584752466266324,./emotion-fmri-neu/cp011_beta_anger_neutral_c0.nii.gz,11,anger,neutral
1.860474287357269,1.1185541692139815,-2.275525031714175,-1.593579082056183,-2.041332222520624,-1.2240888768571077,0.6566404799572155,0.7005955109193989,2.449561187825205,0.6211749706382609,-2.2444335607818333,-2.472089308064226,./emotion-fmri-neu/cp011_beta_fear_congruent_c0.nii.gz,11,fear,congruent
2.776875461077288,-1.7476442595222978,-1.096699569069642,-0.25313005368519914,-0.7656894952599015,-0.34981014964793766,0.5273860397742843,1.3561639605595177,4.757192958366228,1.392038556098002,-1.2755085932657833,-1.422946953486328,./emotion-fmri-neu/cp011_beta_fear_incongruent_c0.nii.gz,11,fear,incongruent
1.2629346262905001,-2.6458241157481983,0.2626307320920662,-0.09628482652634851,0.40330608970187204,-0.02349925494995127,-0.7479795505501183,1.4555769021241574,3.2234912468532406,-0.5978646635802317,0.45306243014856235,-0.19779269059341606,./emotion-fmri-neu/cp011_beta_fear_neutral_c0.nii.gz,11,fear,neutral
2.505119716078144,0.2240101016925231,-1.7796945077188395,-1.437815719548393,-1.8570551961894377,-0.7549977298093258,1.2803119658832158,0.9067514428922271,3.295302105388702,1.3639052771241291,-1.664265463629354,-0.7220919505031888,./emotion-fmri-neu/cp011_beta_disgust_congruent_c0.nii.gz,11,disgust,congruent
3.049959881142904,0.010495684403277626,-0.7151502652854826,-0.13707226886904053,-0.5055926591563384,0.04675801645297697,0.6646064753079056,1.4963598708124466,5.461082888997565,2.750052016537663,-0.6879087319251375,-1.108958557243666,./emotion-fmri-neu/cp011_beta_disgust_incongruent_c0.nii.gz,11,disgust,incongruent
2.6149084008134005,-1.414172196542119,0.5210816594796783,-0.05072656482023433,0.7455104864802453,0.429617769579573,-1.0684924128966304,1.0891093730409864,4.371249797345828,0.861921785887452,1.7013154144035034,1.3691835606166907,./emotion-fmri-neu/cp011_beta_disgust_neutral_c0.nii.gz,11,disgust,neutral
0.7995271938350006,0.5068694312253164,-0.5021149927598021,-1.2167331265549761,0.29284593477939574,-1.9375511103209637,-0.833837600048906,-0.4847226700779978,2.4812563861412347,-3.204273447507358,0.08420977378011195,0.5005807680773656,./emotion-fmri-neu/cp012_beta_anger_congruent_c0.nii.gz,12,anger,congruent
1.8046756697787207,-2.0909912706646447,1.0436122611720884,0.748969447872945,1.5392398976891537,-0.4048254911862367,-0.15459634801595407,1.2597792876255753,5.340502879464246,-0.9390753783989783,1.0045049387157396,3.1091051009977173,./emotion-fmri-neu/cp012_beta_anger_incongruent_c0.nii.gz,12,anger,incongruent
0.562859818597242,-2.076592575125922,0.9523636297327841,0.6698484117743364,1.3923673320199517,-0.19536744007964466,-0.5584309406493245,0.5091081887907523,4.6685012401770525,0.8286135022651051,1.3005662523345645,2.689418047353255,./emotion-fmri-neu/cp012_beta_anger_neutral_c0.nii.gz,12,anger,neutral
1.9947817826921075,4.6066529605721165,-1.406496389597204,-0.6928285596697112,0.02784360935236875,-0.3971845121799217,0.12938615775013323,0.05338496296365751,1.8166919149307075,-0.8595718046344809,-0.5243346364723067,-0.7099002573828577,./emotion-fmri-neu/cp012_beta_fear_congruent_c0.nii.gz,12,fear,congruent
0.3044146882305459,-1.5866432698197288,-0.7918436718295633,-1.1584927742486284,-0.44608526415654076,-1.046750718878152,-1.2697603664773793,-0.4652559314873285,4.188163763861944,-1.4174506623262837,0.11636418267852525,-0.5325104580763097,./emotion-fmri-neu/cp012_beta_fear_incongruent_c0.nii.gz,12,fear,incongruent
0.8483215394680519,-3.993266753478841,2.0628760155693837,2.2145994979519057,1.8675505831323804,-0.2254663276511245,-1.1781185015776379,1.4508208688868685,4.220323485028835,-0.4604124892082264,2.9804651366959285,2.4868976882838427,./emotion-fmri-neu/cp012_beta_fear_neutral_c0.nii.gz,12,fear,neutral
0.5506456044193866,-1.5857226112276905,-0.003464661037648251,-0.5095486495742496,0.5456802819636011,-0.04836963292229248,-2.2298588846094893,-0.2952017973047496,1.8225514810512025,-0.17181988941629722,0.21956662860175,1.0886050417644495,./emotion-fmri-neu/cp012_beta_disgust_congruent_c0.nii.gz,12,disgust,congruent
2.6752140373322355,0.06930985093514182,1.2003846784151297,0.7944769617277025,1.4234874606060053,-0.4006933773003429,0.17138577902142452,1.442013553207365,6.039343896157391,-1.0721388372901859,2.6397056831227355,2.1940968633422417,./emotion-fmri-neu/cp012_beta_disgust_incongruent_c0.nii.gz,12,disgust,incongruent
-0.16372081826797008,-1.669886185867995,0.23578029736266454,-0.22765506071119093,0.2822469046160911,-0.9930179129719278,-0.17763007278257315,0.6771396131486573,2.940475579936061,-0.9744038660440909,1.2179446927185464,-0.7378035062535134,./emotion-fmri-neu/cp012_beta_disgust_neutral_c0.nii.gz,12,disgust,neutral
3.6346526754184403,-1.437453061145269,1.1248098234265076,0.8771043806587185,0.397516009355991,1.0544021240392127,1.2356860165548247,4.222864996679922,7.036243787737689,2.4180730036404694,2.1613582093470156,2.6233690233133893,./emotion-fmri-neu/cp013_beta_anger_congruent_c0.nii.gz,13,anger,congruent
2.4010508283998373,-2.2123861933235753,0.5662304155310931,0.2739584444985302,-0.2874209282745765,0.5597776575560536,-0.17000250007170697,2.9589890163380157,6.907719648247375,1.6417495515210734,1.0888205702716776,0.7747475738969823,./emotion-fmri-neu/cp013_beta_anger_incongruent_c0.nii.gz,13,anger,incongruent
4.13306345696656,1.0125097012231985,2.371072242535279,1.631786732986362,1.1587563062955204,1.5929638567115139,2.4674762078324117,5.921527624032033,8.43922555976152,0.8245383599308574,2.7740425534266,2.6876103942963776,./emotion-fmri-neu/cp013_beta_anger_neutral_c0.nii.gz,13,anger,neutral
2.7497441943092773,-2.9270359042093834,0.5075501330241503,0.14827068493834566,-0.10444072400765188,0.32458209315082287,-0.6928611219009786,3.0067856674326583,5.024031441353641,2.19755769347303,1.957079079361926,1.4537053324560503,./emotion-fmri-neu/cp013_beta_fear_congruent_c0.nii.gz,13,fear,congruent
3.72148163495683,0.021221383437024816,1.7089924998227204,1.821591384858627,1.6341539294682552,2.117329905124406,1.6178068622304713,4.762878697168151,8.64165104308113,2.717232377793499,2.9292027917538337,1.9237214642601346,./emotion-fmri-neu/cp013_beta_fear_incongruent_c0.nii.gz,13,fear,incongruent
2.4597654493772017,0.0036774209756702176,1.863178375497229,1.7242403085211941,1.6059368235862774,2.089031507416171,0.5242867764117767,3.7506831782714656,6.508310437698699,2.6543127061305505,2.9443724148330186,1.7187213384876152,./emotion-fmri-neu/cp013_beta_fear_neutral_c0.nii.gz,13,fear,neutral
2.7395424230213683,-2.4781160780694744,0.9029257519891026,0.9345850750167823,0.7970904719095243,1.0807847887459963,-0.2644510967803606,3.5328634119779685,6.33991152775439,2.2348370463833573,1.9252951414089152,1.9155491189793359,./emotion-fmri-neu/cp013_beta_disgust_congruent_c0.nii.gz,13,disgust,congruent
3.3068589001385913,-1.8670889483666295,0.8888462962564323,0.40741159012890465,-0.44954272404508605,0.9585601648394125,0.1784734222397577,4.066222874614848,7.006295034491563,2.5041292914645554,1.3769346675202732,1.091573659147697,./emotion-fmri-neu/cp013_beta_disgust_incongruent_c0.nii.gz,13,disgust,incongruent
1.781292624145165,-1.693518975624692,0.7178638377412263,-0.11734444758578726,-0.15824483342596593,0.26735378432563733,-0.8921900553227566,2.44881065662456,5.687017372684422,0.150697166700696,1.2903424996303956,-0.2701028260841156,./emotion-fmri-neu/cp013_beta_disgust_neutral_c0.nii.gz,13,disgust,neutral
1.2391871252670823,1.3205148870743675,-0.6466357938495374,-0.9218300905474717,-0.4116441956962182,0.2368823245678276,1.3718699641417027,1.8476774246494294,1.7935091532770235,2.1479481423505242,-0.8027876702172418,0.3794761173096103,./emotion-fmri-neu/cp014_beta_anger_congruent_c0.nii.gz,14,anger,congruent
1.7258790446060974,-3.2148377171572435,-0.13302331968115974,-0.5511401065888167,-0.24008867251017568,-0.13787908355085704,-0.005971929239262228,1.4603862340875369,2.7473257672902838,2.1975305370458713,1.049539896337567,0.046897498192071486,./emotion-fmri-neu/cp014_beta_anger_incongruent_c0.nii.gz,14,anger,incongruent
1.3272254554180305,-7.353827119696413,0.1742079722690568,0.4155672658457456,1.0781438745370415,1.2110838155240011,-1.6894923639024302,1.1796380920408587,1.9635178488157856,2.560408361474737,1.5662053281559714,1.771365653700081,./emotion-fmri-neu/cp014_beta_anger_neutral_c0.nii.gz,14,anger,neutral
2.4494882720105706,5.546560653675924,0.052449386056236114,0.3313366707232317,0.7686980378821858,0.7766568190150602,2.8955772781988163,3.0230340961574957,3.2347202883109722,4.0101147997517135,0.6743549970395638,0.8015797831312371,./emotion-fmri-neu/cp014_beta_fear_congruent_c0.nii.gz,14,fear,congruent
2.4148555913352885,0.24284254817392537,-0.08707670249833467,-0.34157533458785316,-0.08227362733141327,0.2682384834008632,1.7014713274051694,2.65668858228899,3.816794758848738,3.0729541570846073,1.2823529220788585,0.30875485237775974,./emotion-fmri-neu/cp014_beta_fear_incongruent_c0.nii.gz,14,fear,incongruent
1.397596614101582,-3.985203172759606,-0.21571785645727398,-0.6606776990755443,-0.0014079589715086888,-0.47889200876849963,-1.1860549353668803,-1.3304418259775728,3.007402560325478,-2.8578213664762426,2.030909536720698,-0.05609166698515802,./emotion-fmri-neu/cp014_beta_fear_neutral_c0.nii.gz,14,fear,neutral
1.5850096842342718,5.412450649622209,-0.3934738435255127,-0.7161925529586032,0.3829148214877468,0.4336690548528637,1.0537236460482156,0.9645111842298353,1.4173931225670162,0.6352892829841156,0.74181368413681,1.4095411561740143,./emotion-fmri-neu/cp014_beta_disgust_congruent_c0.nii.gz,14,disgust,congruent
2.066008147305935,0.2918441802769745,-0.6003981700458617,-0.7048668671593562,-0.4559360654050377,-0.22711128228220617,-0.13035375670078386,1.893932239521016,3.1193896132202017,2.967138672960694,-0.25289111557474486,-0.045785352092798055,./emotion-fmri-neu/cp014_beta_disgust_incongruent_c0.nii.gz,14,disgust,incongruent
1.2014867183435962,1.4778569613292205,-0.13138671196866494,-0.4811741252438331,0.021489672472530554,0.13460592135948143,-0.021175607839842108,0.652828670319484,1.0071942387963124,2.9592080929942823,0.7601313267134978,1.3792140424813313,./emotion-fmri-neu/cp014_beta_disgust_neutral_c0.nii.gz,14,disgust,neutral
1.3988163405890937,-1.1817416304540487,0.06277393331714044,0.3345757235559541,0.7496030019152854,0.0367813809338583,-0.773751662575619,0.6821194153083195,2.130229988549162,-0.42001590014938095,1.1829134004313284,0.7481235890803646,./emotion-fmri-neu/cp015_beta_anger_congruent_c0.nii.gz,15,anger,congruent
0.9422317954797848,1.0728447492445523,-0.17714308839624265,0.03072379314665452,0.19903272054586496,-0.27415647163741846,0.4893443025650488,0.7985558998406851,1.3287762406874402,-0.2726641992348073,1.206864081147979,0.2358284131656578,./emotion-fmri-neu/cp015_beta_anger_incongruent_c0.nii.gz,15,anger,incongruent
1.2462756172961695,1.0784146444339147,0.7742460260429188,0.3490480760438681,0.6090169461820266,-0.2328069479363867,-0.7844933801107452,-0.16910482132020938,2.8516218623264202,-0.667073439999788,0.04169305078034417,0.5931742823981491,./emotion-fmri-neu/cp015_beta_anger_neutral_c0.nii.gz,15,anger,neutral
1.89013182285714,2.4941460337377115,0.5664287127494388,0.628489823765367,0.633181156893224,0.4273231249552617,1.1680397599343364,1.9916497968683653,2.8956251920798883,1.0037836158728257,1.984010418180048,1.0405475352794533,./emotion-fmri-neu/cp015_beta_fear_congruent_c0.nii.gz,15,fear,congruent
1.9543502333196714,-0.04153043355072439,0.5188840205774566,0.755256753923017,1.123564059225425,0.6008156872086836,0.02564274573615929,1.5932305398955569,3.4789761000109487,0.7080795021754666,1.8027575245071448,0.9473323907276238,./emotion-fmri-neu/cp015_beta_fear_incongruent_c0.nii.gz,15,fear,incongruent
1.7159839244322053,1.797559915788701,0.25617403535549044,0.554441596846249,0.9288018712607107,0.1577575648528551,-0.2733124133442723,0.7794253990532126,2.1388912878374384,0.09155258026068747,0.6109354664872414,1.9356720169025967,./emotion-fmri-neu/cp015_beta_fear_neutral_c0.nii.gz,15,fear,neutral
1.1608952714891236,0.11890221760025602,-0.20650346766890176,-0.07039823206820202,0.46012016854002113,-0.06600992624004584,-0.3124890791588898,1.0963978105713466,1.813394800920523,0.5274237850131531,1.0942518047403738,0.8034032400603325,./emotion-fmri-neu/cp015_beta_disgust_congruent_c0.nii.gz,15,disgust,congruent
1.5823465065067657,0.24901213062012778,-0.03620219977256026,0.722043894604437,0.398709540858538,-0.0018167719460510689,0.14524068927387998,1.804834215696439,2.788003776461231,0.6879651073583245,1.2699876011654923,0.2722457123204625,./emotion-fmri-neu/cp015_beta_disgust_incongruent_c0.nii.gz,15,disgust,incongruent
0.6927043220217267,-0.8596543084077221,0.2670233055018058,-0.4388639143351973,0.09993812300728949,-0.10806371629522325,-0.8375824175115826,0.22802862633732907,1.612049716276708,0.3129838883304996,0.22559006943590304,0.3735354491961825,./emotion-fmri-neu/cp015_beta_disgust_neutral_c0.nii.gz,15,disgust,neutral
0.5627798474267582,0.3306290822624796,0.13076532194979454,-0.03108448597203404,0.02480189758557697,-0.06272947091412152,1.0156519465004712,0.8146760598792949,1.1119419106505681,0.2197273058903498,1.3752344961186271,-0.24351157751785737,./emotion-fmri-neu/cp016_beta_anger_congruent_c0.nii.gz,16,anger,congruent
0.08892892821797453,-0.257605681939137,-0.31049692523881073,-0.3532297716176942,-0.3548755425508638,-0.3909492239677995,-0.31607036260583576,-0.38220894330635513,-0.28793648175815084,-0.34787924186938207,-0.3947535161701121,-0.7570043310049246,./emotion-fmri-neu/cp016_beta_anger_incongruent_c0.nii.gz,16,anger,incongruent
0.39770938647675363,2.326364283014897,0.16936059584225957,0.5100447667193067,0.05617574598401185,0.3893788885419645,0.02637272948207268,-0.34082135921862533,0.06683110016323884,0.05301682184613942,1.6710630219339333,-0.30993364402283313,./emotion-fmri-neu/cp016_beta_anger_neutral_c0.nii.gz,16,anger,neutral
-0.014852983581709452,1.0057875165377956,-0.4397479889992161,-0.34179094189564196,-0.3278519797408047,-0.2613467245868336,-0.24356076122129988,-0.740160609831833,-0.10885503847124468,-0.22727854451345555,-0.353676111404492,-0.9197171983060496,./emotion-fmri-neu/cp016_beta_fear_congruent_c0.nii.gz,16,fear,congruent
0.6025875857326728,-0.11053710369447545,0.0532902639748338,-0.05910227474089102,0.027651739488896997,-0.09908885739926764,-0.2364056523420054,0.047077468747973424,0.6337814501695942,0.33901607249045596,0.013179909312240773,-0.040772705654249834,./emotion-fmri-neu/cp016_beta_fear_incongruent_c0.nii.gz,16,fear,incongruent
-0.6480935829558137,0.9413175062404248,-0.17024363737516843,-0.22916791933118683,-0.07282509399344939,-0.4230580119021173,-0.24321094705370366,-1.49228473084201,-1.8388260292669862,-1.5614481647185774,0.8150391599369289,0.08390308174654211,./emotion-fmri-neu/cp016_beta_fear_neutral_c0.nii.gz,16,fear,neutral
-0.7042406791748554,-0.44983739972295794,-0.42479030864775275,-0.3461296976730399,-0.8456627846370535,-0.3503392306168035,-0.1899018990657686,-0.0924672128974533,0.04825452857043794,0.13851222287307216,0.2764264300224948,-1.3323504797135066,./emotion-fmri-neu/cp016_beta_disgust_congruent_c0.nii.gz,16,disgust,congruent
0.08874903093768655,-0.8906199441249526,-0.8380643723218782,-0.6451708071698671,-0.5412567459301809,-0.5891485695335401,0.01253372893724713,-0.12183236322451196,0.14062586452876863,-0.429446630037105,-0.3463479452325969,-1.0647849428505292,./emotion-fmri-neu/cp016_beta_disgust_incongruent_c0.nii.gz,16,disgust,incongruent
-0.43683421601451283,-1.920269967052748,-0.30473458599951203,-0.3872612836929771,-0.11391416507318872,-0.21693896192933446,-0.49507853360241083,-0.414092422322817,-0.9120339011338093,0.21411297113138184,0.14928028284271083,0.07153216325288866,./emotion-fmri-neu/cp016_beta_disgust_neutral_c0.nii.gz,16,disgust,neutral
2.493597162997303,3.010302916017068,0.6732978252742102,0.5074464496998589,0.8370568797682836,0.6173608629886593,1.5792611650027943,2.1186464814185215,4.59911363716995,0.7187553573848552,0.7870114066445479,0.9987022369986418,./emotion-fmri-neu/cp017_beta_anger_congruent_c0.nii.gz,17,anger,congruent
3.071126461552078,1.6868018625844832,0.7088726194761895,0.4611371261334141,0.9511552887480683,0.5915574705005622,1.459760854531211,3.0951935278233695,5.176295862669395,2.3345982116018607,1.9964293096001766,1.1711578280415678,./emotion-fmri-neu/cp017_beta_anger_incongruent_c0.nii.gz,17,anger,incongruent
2.266421462122034,2.615708580717579,0.5879305262127764,0.25820126553437556,0.5905969355902915,0.36503026318081827,0.8654101248262502,1.9602169545723043,3.4769784671082213,1.1344965467172996,1.0500580204283314,1.1707470584876942,./emotion-fmri-neu/cp017_beta_anger_neutral_c0.nii.gz,17,anger,neutral
2.79189968484978,1.2237445090092602,0.44752304245099683,0.052801592054156424,0.8202699348760639,0.24808515651233337,0.917726222922267,2.097685680900901,3.9303216988828384,1.733391825229894,0.7675009776656663,0.5591225040049126,./emotion-fmri-neu/cp017_beta_fear_congruent_c0.nii.gz,17,fear,congruent
2.517761783651865,1.147017760251248,0.2556158919501874,0.2212413951499348,0.5678547989663202,-0.0627053268395714,1.4559970800583986,2.8485577446534287,4.715204140731335,1.7393886848079148,1.2539852645495115,0.6810494253275142,./emotion-fmri-neu/cp017_beta_fear_incongruent_c0.nii.gz,17,fear,incongruent
2.630765783646321,3.4772042053420384,0.6251805379201003,0.13013790849513393,1.017194719915089,-0.16061470985459286,1.7296308281174473,2.3936926480476313,3.445132533413194,1.432173921397088,1.4366732501748545,1.7930031952618444,./emotion-fmri-neu/cp017_beta_fear_neutral_c0.nii.gz,17,fear,neutral
2.36476486281716,2.1458054287087043,0.1983062776184881,0.030191833525768017,0.46780014424207755,-0.10900347080581957,1.0639159627525718,1.958929224864307,4.231372850224044,0.6236957314097152,0.5037364860434567,0.5577180815793629,./emotion-fmri-neu/cp017_beta_disgust_congruent_c0.nii.gz,17,disgust,congruent
2.9051872750916736,1.9581385999218084,0.47827368870872516,0.3240068365440599,0.4639758398126045,0.43722917178996523,1.2471674780830038,3.129939731655692,5.56547702364022,2.1229297555806137,1.9845533642717237,0.46077642517495565,./emotion-fmri-neu/cp017_beta_disgust_incongruent_c0.nii.gz,17,disgust,incongruent
2.2460262030144054,2.2393344759371026,0.24808017397186244,0.08234291532313165,0.555520861578074,0.2058053194124984,1.1756075530303738,2.275046212474257,3.3433898890423404,1.241515058105238,0.31634161063158495,1.0082129559735884,./emotion-fmri-neu/cp017_beta_disgust_neutral_c0.nii.gz,17,disgust,neutral
2.689612208405897,3.099138169610027,0.6827022659394144,1.1777711068922296,1.06795570721432,0.3028516609319665,0.5459259210284596,3.086669486030491,6.519573137298252,0.40056758815750576,0.7357891944187853,1.040149831717628,./emotion-fmri-neu/cp018_beta_anger_congruent_c0.nii.gz,18,anger,congruent
2.5880645013739025,1.9937871509105582,0.7544030497874482,0.7583766621268065,0.3504886353594123,0.0708816002874827,-0.8264481317482291,3.4316425896344955,7.916074107399758,1.6852412251346691,1.0591289058116893,1.11871458153495,./emotion-fmri-neu/cp018_beta_anger_incongruent_c0.nii.gz,18,anger,incongruent
2.1311128507664825,-0.9194988450978082,0.7884017274727265,0.44624583491639563,1.619434417808278,0.07042017250014707,-1.673967914333384,1.4292686563572554,6.40605444312511,0.739942293355165,0.5989213976537935,0.8954537955376982,./emotion-fmri-neu/cp018_beta_anger_neutral_c0.nii.gz,18,anger,neutral
2.097559650577875,2.1515951082087197,0.3718422042077912,0.6089477063705885,0.4101611991061886,-0.0036987750031511916,-0.3985922257183264,2.6175367377089946,6.185167111901996,0.7453931931029585,0.5062729997043068,0.7530349621360296,./emotion-fmri-neu/cp018_beta_fear_congruent_c0.nii.gz,18,fear,congruent
1.8106435988666705,3.4353889055736504,0.5381853789364248,0.2283413942838076,0.2463936823018271,-0.3284641440525411,-0.17446059378555334,2.6719087672634623,7.526747806671676,1.6419964107297673,0.06122755092715102,0.25092746843323044,./emotion-fmri-neu/cp018_beta_fear_incongruent_c0.nii.gz,18,fear,incongruent
3.531296229529582,3.226402920590523,0.9925967004786215,0.8343072011163497,1.44978567944495,-0.4165592529607376,0.4663940874430471,3.018576839667448,7.54750415139993,0.801407818220425,0.03001461341084363,1.908346713517458,./emotion-fmri-neu/cp018_beta_fear_neutral_c0.nii.gz,18,fear,neutral
3.3980381130293713,2.639398075412839,1.5942549450570023,1.686015811782914,1.6188115022831733,1.0870574046167136,0.6366071468667733,3.462238345023907,8.319866725286035,1.4642393668965077,1.5656738254769051,2.3075452976186464,./emotion-fmri-neu/cp018_beta_disgust_congruent_c0.nii.gz,18,disgust,congruent
2.1563190386946096,3.750827896923705,0.7530030691714995,0.7967882566369318,0.1430123930395122,-0.11569707389194826,0.215053218472697,3.74155980225994,8.073750596199298,2.003687205682914,0.9861874626347151,0.710110987881057,./emotion-fmri-neu/cp018_beta_disgust_incongruent_c0.nii.gz,18,disgust,incongruent
2.415959470181459,-0.6813381098114131,1.1962168824640695,1.2140898783927316,1.8879834274463565,0.16931662998626487,-1.2143933323497555,2.3048463699160058,7.588424843497625,0.780655916267538,1.0025988112169977,1.9991733085094976,./emotion-fmri-neu/cp018_beta_disgust_neutral_c0.nii.gz,18,disgust,neutral
1.7988540375279838,0.15521153548087863,0.37105683597562217,0.03022374013173379,0.3091844787798963,0.028304108929478464,0.08430200596651999,1.3828364693122803,2.6046621920140063,-0.19102711880591075,0.07155552082957474,-0.3048423167479732,./emotion-fmri-neu/cp019_beta_anger_congruent_c0.nii.gz,19,anger,congruent
2.7628095972849103,-0.2607730209921798,0.5562312099140267,0.47696429096539156,0.2572460983681631,0.08680588234454405,0.9095559704436451,2.263938032387136,4.511111222886404,0.18862010365947968,-0.14026922800625918,-0.06061209798023767,./emotion-fmri-neu/cp019_beta_anger_incongruent_c0.nii.gz,19,anger,incongruent
1.8843220043625304,-1.8928691694008637,0.6242272713694236,0.029821083524991215,0.10709366940910153,-0.015215474113185076,-0.6288395088169226,1.4027758984292678,3.3228367210699155,0.4680686517492189,0.3682515393152989,-0.2847335187690667,./emotion-fmri-neu/cp019_beta_anger_neutral_c0.nii.gz,19,anger,neutral
2.5029286188322493,0.55149632472708,0.7666444768440971,0.7396243196342606,0.6757594039222827,0.6019171329486557,0.3478396147629984,1.6555206184796092,3.846472432893671,0.800507378712283,-0.003774442559198084,0.3018546943790054,./emotion-fmri-neu/cp019_beta_fear_congruent_c0.nii.gz,19,fear,congruent
1.7739843362443943,-0.7707510301697015,0.0962891792083744,0.09216762626444487,0.20383413787015114,0.13432141991710864,-0.1664442819650222,1.6029499758005086,3.968968391766841,0.31631398188419463,0.4588211038151265,-0.3250623142734244,./emotion-fmri-neu/cp019_beta_fear_incongruent_c0.nii.gz,19,fear,incongruent
1.8457361375289865,-2.5624017553261305,0.7489960223755021,0.444075016400614,0.264714568663648,0.14011074603679968,1.1677588162661316,1.9963841916191434,2.9540269640275585,1.0309121021052021,-1.0351729633486866,0.07425597117316941,./emotion-fmri-neu/cp019_beta_fear_neutral_c0.nii.gz,19,fear,neutral
2.1036115969378026,-0.8597622369433358,0.9228214955523627,0.38437525148793467,0.7002946178931674,0.6875384105829171,0.36742577658717707,1.385465090839485,3.558985247249407,0.3676991784735571,0.7157139871439648,0.4239229341892591,./emotion-fmri-neu/cp019_beta_disgust_congruent_c0.nii.gz,19,disgust,congruent
1.6603579587928097,0.044193715750740416,0.23246311733467648,-0.08969805179485098,0.13744418508526435,-0.02775432231670031,0.05459674740224992,1.1867956063990643,3.994843835526191,0.0641687476011119,0.4944028742331868,-0.957191752653919,./emotion-fmri-neu/cp019_beta_disgust_incongruent_c0.nii.gz,19,disgust,incongruent
2.0297125782868,-0.09572795467452676,0.16383279714180216,0.5590550044078154,0.23119030675292643,0.24509088416399644,-0.5180591169853199,1.701563494608702,3.8955148982835035,1.2621003872297973,-0.40302967047635574,-0.5479138641987094,./emotion-fmri-neu/cp019_beta_disgust_neutral_c0.nii.gz,19,disgust,neutral
4.003397225431902,5.858432602319369,2.3238861320545166,2.3712049925296923,1.63962196762099,3.523834409672339,4.0016097958388634,5.930418571554512,4.479424975054997,3.8798678823204944,1.8404307003948235,0.8882696657228755,./emotion-fmri-neu/cp020_beta_anger_congruent_c0.nii.gz,20,anger,congruent
3.0817041587858016,1.7649964414648827,-0.6444412471704546,1.2726319151994097,2.1263504197891,0.13996313359268425,0.8002170387667922,0.9832837620911492,3.5710053478982804,-0.971392640449626,0.7830126734300632,0.27049928290002284,./emotion-fmri-neu/cp020_beta_anger_incongruent_c0.nii.gz,20,anger,incongruent
-1.7623227308847125,-1.912521573442611,-4.632886888936791,-4.035365520856305,-2.5578326615587814,-7.615864376746233,-2.0172589637932594,-2.7070488301069364,-0.5316089139429857,-6.859692889067822,-7.551621024158894,-5.51058347631905,./emotion-fmri-neu/cp020_beta_anger_neutral_c0.nii.gz,20,anger,neutral
7.646522624616433,8.646770000749136,3.4708790947937778,3.5621411510294263,3.9497990962747775,3.927392721559972,6.542622332488245,8.650359643580277,7.049080073400921,5.03357997544826,3.412731397423731,2.1626046026426176,./emotion-fmri-neu/cp020_beta_fear_congruent_c0.nii.gz,20,fear,congruent
4.203431304838605,5.812301457249831,1.223220881878343,-0.8802549311753162,-3.299806539170044,0.510577642859041,4.663958620267302,5.923219079346714,5.27083937883384,2.7025032886129505,1.101235681196988,-2.830356817392658,./emotion-fmri-neu/cp020_beta_fear_incongruent_c0.nii.gz,20,fear,incongruent
-0.7424172067770867,-0.45628146139116377,-3.051437187185709,-0.8862183232958858,-1.3649973606314554,-1.453798077499898,2.065416708049054,0.5121751409080181,-0.9716787013385079,1.3379411492246414,-2.0610107953667196,1.2817134078384214,./emotion-fmri-neu/cp020_beta_fear_neutral_c0.nii.gz,20,fear,neutral
4.500081232281634,2.0206771946995206,-0.2640350122751493,0.2313141321374668,0.3716712392425474,-0.4200707285204648,1.413918964659033,1.8675630503038492,2.0299294559315957,2.433565303125047,-0.046199982616381065,-2.5519154265305275,./emotion-fmri-neu/cp020_beta_disgust_congruent_c0.nii.gz,20,disgust,congruent
-1.0530966541056903,-1.5038106851081716,-2.34222627928632,-0.6050872170115119,-0.10405049431167755,-1.4973001690198027,0.13656424703324474,-1.9912623920192507,1.1041425977754347,-1.8551680876928616,-1.1127949070377796,-1.1345514586705265,./emotion-fmri-neu/cp020_beta_disgust_incongruent_c0.nii.gz,20,disgust,incongruent
1.555945501488674,-2.8241112730981563,1.4690156595005333,2.5988611222693083,3.9570250320235396,0.9269739767397753,-1.854556874171772,0.04835252075032189,3.9483532186475894,-0.4522755501683967,0.3006059645182348,3.24300031790026,./emotion-fmri-neu/cp020_beta_disgust_neutral_c0.nii.gz,20,disgust,neutral
1.5683413515635665,-1.7918869164177458,-1.1883684561482535,-1.0601649897723011,-1.2365291406443593,0.12657620627323055,-0.3505480527262082,1.087875652338003,4.266014123624622,1.6195632035806846,-1.7363928002343132,0.07004196028167159,./emotion-fmri-neu/cp021_beta_anger_congruent_c0.nii.gz,21,anger,congruent
1.9257187332471637,-1.0458695053861462,-0.8937582651366974,-0.3630308794620747,-0.8904252108567279,0.5111533598571046,1.2117539415293261,2.9360441021890016,6.129951599796342,3.239712825054791,-0.48474781426858904,0.2714314592376199,./emotion-fmri-neu/cp021_beta_anger_incongruent_c0.nii.gz,21,anger,incongruent
1.2536833015488484,-0.3878939277687121,-0.8568080705249214,-1.0771700174333014,-0.7942981164080515,-1.3393136220099084,1.81076570860562,1.9968596257416933,2.9578286547556805,1.083553593045794,-0.5447442288935852,-0.8863514878133693,./emotion-fmri-neu/cp021_beta_anger_neutral_c0.nii.gz,21,anger,neutral
1.7875608631877034,-0.9301133604316482,0.3232484378973089,-0.15486533723058662,-0.079827671312322,0.5490803100198819,1.7744781490138941,2.4302450217310136,3.3663680815243824,3.4926224767235747,0.985389772893291,1.5643347460083044,./emotion-fmri-neu/cp021_beta_fear_congruent_c0.nii.gz,21,fear,congruent
2.7217179412213084,-1.5153216389220145,-0.4760798003502723,-0.27807332903776844,-0.6267374646211645,0.33144041524503454,0.9619683192054631,4.124704802985498,6.572411980273815,5.510864581942955,-0.3149868223269972,0.4327311755535008,./emotion-fmri-neu/cp021_beta_fear_incongruent_c0.nii.gz,21,fear,incongruent
2.397135865649255,-1.105731707253479,0.6616471838247565,0.10279336882037127,-0.10107776050360566,0.014634223652411767,1.8371481201440119,4.387272351431537,3.368951167773988,3.7556866964111655,-0.37169399901582645,0.08989340298173727,./emotion-fmri-neu/cp021_beta_fear_neutral_c0.nii.gz,21,fear,neutral
2.577247697955048,1.26451336142914,0.2631701195522285,0.200617760412514,-0.2551917996663148,0.987338221439031,1.4749670140147106,2.968308029135993,6.035892402810894,3.3719342892962083,0.15891821661027392,1.2283034904834427,./emotion-fmri-neu/cp021_beta_disgust_congruent_c0.nii.gz,21,disgust,congruent
2.3102637396474703,-0.36851834288894686,-0.6866783633394912,-0.17385468398323264,-0.44505455565123414,0.08313027570418804,0.1534223580347817,3.4241286433027835,6.734516689235008,2.793846270683179,-1.588961260296744,0.2791871513724444,./emotion-fmri-neu/cp021_beta_disgust_incongruent_c0.nii.gz,21,disgust,incongruent
1.1283280425349664,-2.0866993170083306,-0.943145701506996,-1.8686801856832622,-1.3615023468115703,-1.2034583829139045,-1.614927815329652,0.08949986911163824,3.865583663980423,-0.7943770796375705,-1.5053089883832682,-0.9872982802231951,./emotion-fmri-neu/cp021_beta_disgust_neutral_c0.nii.gz,21,disgust,neutral
0.8686657483462382,-3.678574218494303,2.406557136138421,2.063169270939483,2.7531343057972855,1.5173154462258598,-2.9467703668089396,0.8815401684157158,4.895253999374647,-0.9109520455827275,3.7535505987267808,4.342271042453498,./emotion-fmri-neu/cp022_beta_anger_congruent_c0.nii.gz,22,anger,congruent
1.51306504150168,-0.16060142163881763,0.11379364288650415,0.5261733984656426,0.5771395748844224,0.6711462164904158,0.11827449485129082,1.9304775737645714,5.534527374298414,1.899160258950731,1.517511014637254,-0.00675854020887161,./emotion-fmri-neu/cp022_beta_anger_incongruent_c0.nii.gz,22,anger,incongruent
2.0488334617427957,0.3495154143149834,1.7319062981855768,1.6550264092509213,1.516500065341791,1.2399082986765528,2.113632028438083,2.373608021057449,6.075370333115575,0.6688572153883403,1.896940593509544,1.4532354783013457,./emotion-fmri-neu/cp022_beta_anger_neutral_c0.nii.gz,22,anger,neutral
1.0760498580416467,-2.675432349857304,1.271113919564255,-0.012064952462874964,0.6733029487147997,0.6742093243855806,-0.980250142158658,0.8943688823887425,2.648944013003087,0.17919717122938492,1.9670186638451894,0.373142295388747,./emotion-fmri-neu/cp022_beta_fear_congruent_c0.nii.gz,22,fear,congruent
2.5709837644508218,-2.1174396602997385,1.3160122786542623,1.2772031261568184,1.6381270910645065,0.6795821244213021,0.6958636568132182,2.1694225178750215,7.774659338342512,0.7676977897822161,1.896763610674565,2.1236345485491723,./emotion-fmri-neu/cp022_beta_fear_incongruent_c0.nii.gz,22,fear,incongruent
2.3011380475389194,-0.6851857128145452,2.451252274132931,1.9151460443601138,1.7886015057483065,0.9729727269647356,-0.37535044623828584,2.1932405841077753,6.489865777370575,1.265948256566888,2.0224668359092934,2.0920022202996806,./emotion-fmri-neu/cp022_beta_fear_neutral_c0.nii.gz,22,fear,neutral
2.131026016035486,-0.9788957418283994,0.726034572996932,0.33408013731747577,1.7514298497274037,0.3642708811843199,-0.28860344748652916,0.9289469220375194,3.568746651850352,0.25204896974034074,1.4839108323133523,1.5811395016836198,./emotion-fmri-neu/cp022_beta_disgust_congruent_c0.nii.gz,22,disgust,congruent
1.652718251516911,-1.840274265780238,2.120842650314844,1.2077013782530415,1.464568920149004,0.579705076730278,0.08579918728121767,1.8511487173855876,6.554698620382519,0.9335281893578009,2.6603720704875347,1.9867144246303812,./emotion-fmri-neu/cp022_beta_disgust_incongruent_c0.nii.gz,22,disgust,incongruent
1.6675000647283902,-1.6296985618547408,0.762415934346017,0.951112321703229,1.017122790088307,0.12235398967128563,1.2684900094901166,0.9396695351316257,5.737189133893302,1.0619749014528483,1.5769380105886213,1.0785344815668239,./emotion-fmri-neu/cp022_beta_disgust_neutral_c0.nii.gz,22,disgust,neutral
1.7805572590824958,-0.06859612475934031,0.36956721782663254,0.2241964325911259,0.6315592765086877,0.17812219239810823,1.1563568952414034,2.1559818609903694,4.185081701094705,0.4006279920081138,1.4097166644428771,1.2853993911234636,./emotion-fmri-neu/cp023_beta_anger_congruent_c0.nii.gz,23,anger,congruent
2.3139514708735973,-0.43792546137869937,0.45290970935699393,0.6089541469036112,0.6432413471164803,0.7602566231787551,-0.5047616956960088,0.92635409291984,5.178401961712816,-0.9422270763402348,1.579493641023861,1.3760245519419696,./emotion-fmri-neu/cp023_beta_anger_incongruent_c0.nii.gz,23,anger,incongruent
2.8357601067933933,0.4323494197286541,1.1369063096992935,0.4580879642664158,1.120538148504674,0.853845545704298,0.6536108775130126,1.9707351872545673,4.334025703058244,-0.2885137730579874,2.8724747783445146,2.4223489319774822,./emotion-fmri-neu/cp023_beta_anger_neutral_c0.nii.gz,23,anger,neutral
1.787273154432878,-0.01711394985361407,0.8210846946127472,0.6678402975934721,0.5365870395464055,0.37394699136640397,0.779552280112025,1.4297067778413772,4.532613347105909,-1.0095817625170576,1.324090351234584,1.0975370932874975,./emotion-fmri-neu/cp023_beta_fear_congruent_c0.nii.gz,23,fear,congruent
2.497701258081509,-0.3800816520901975,0.346902898797575,0.20467726029450223,1.112585195570862,0.6071950384920624,0.29134667766989514,1.8470101321933825,4.892818355477857,1.093750558186426,1.2931128814299773,2.0111561133430866,./emotion-fmri-neu/cp023_beta_fear_incongruent_c0.nii.gz,23,fear,incongruent
2.4724149193886236,-1.761997594704048,0.7085696760997766,0.07813539386636024,1.0480945481435109,0.5413403893955039,0.5377642070179524,3.016097537408154,4.421447383127605,1.9683330008844044,2.0710542088250055,1.784171723052438,./emotion-fmri-neu/cp023_beta_fear_neutral_c0.nii.gz,23,fear,neutral
2.1607354688323746,-0.2848473257062379,0.825431125623902,0.1897084177614577,1.1659318104796366,1.067330914977368,-0.3792956822726181,1.7306231170495925,5.237669495457194,2.5537888267374176,2.0129074736246952,2.2556847602683856,./emotion-fmri-neu/cp023_beta_disgust_congruent_c0.nii.gz,23,disgust,congruent
2.3783645343000726,-0.22906410815664155,0.6162270225092891,0.6692041233666505,0.5350892412046686,1.2435125531101774,-0.33306481085243556,1.136320112560685,5.5796190454212775,-0.6504058803264658,1.6605568355287923,0.923723280581716,./emotion-fmri-neu/cp023_beta_disgust_incongruent_c0.nii.gz,23,disgust,incongruent
1.8409557506133132,-0.5764431640254257,0.3896644465704758,-0.19165462371209727,0.5825814099213892,0.08771400410125667,-0.2062867916127587,0.7369496755340471,3.7254286814451127,-1.7833408975361673,0.6106489458996216,0.9062260679205869,./emotion-fmri-neu/cp023_beta_disgust_neutral_c0.nii.gz,23,disgust,neutral
3.3892058728791565,-0.012385269664154092,0.4249471995799875,0.06292970892488059,0.9329748384846068,0.3530546657173615,0.19106152738763033,2.4232645941639466,5.0690039281450865,0.8891411256936442,0.9551552827900317,1.2568894173737628,./emotion-fmri-neu/cp024_beta_anger_congruent_c0.nii.gz,24,anger,congruent
3.0223323926686647,0.20288313014573045,-0.5660318167516392,-0.2812689406197666,0.5005351593570364,0.053685977417340415,0.04712440339213758,1.6782873700488083,5.5614276501177535,0.8656104622693319,-0.09419375611431773,1.0877508939232905,./emotion-fmri-neu/cp024_beta_anger_incongruent_c0.nii.gz,24,anger,incongruent
2.046540443040717,1.0211420295187617,0.8285322392060459,0.2412992440900816,0.9511888587468661,0.0054679765348736396,-0.10065774845849204,0.34564352810142485,5.313572758560359,-0.650775312679221,0.6158406176322394,0.8381666077739557,./emotion-fmri-neu/cp024_beta_anger_neutral_c0.nii.gz,24,anger,neutral
3.555565057820201,0.972732160251254,0.6427067504756796,0.4773481335721027,1.313752126573619,0.8376910084824837,0.568507209268012,2.6704562936479146,5.656098413659036,0.7853783983062274,0.966520017891537,2.6050735247391548,./emotion-fmri-neu/cp024_beta_fear_congruent_c0.nii.gz,24,fear,congruent
3.057579196262299,-0.06295005163684882,-0.2920883775857767,0.014739997622170065,0.7418012156407794,0.17439451548879106,-0.07358704585218867,2.572037855138371,5.951796082066207,1.6497774174639726,0.6595813068191392,0.8157020930909124,./emotion-fmri-neu/cp024_beta_fear_incongruent_c0.nii.gz,24,fear,incongruent
2.5385408628259576,3.4561714933491867,-0.6368810219904297,-0.6012824253544671,-0.23729079930669406,-0.07787148216543346,1.265070830328972,2.104419793436558,4.117800399519693,1.4707143889678593,-1.2399887189042893,-0.733799268685457,./emotion-fmri-neu/cp024_beta_fear_neutral_c0.nii.gz,24,fear,neutral
3.330133637666509,1.3937524748982812,0.8120238766955156,0.4011874576126173,1.0167230934246057,0.016102685161475266,0.8006980772937562,3.327734917054324,5.925243577087485,0.869224589585383,0.4865603693850487,2.0565499890989423,./emotion-fmri-neu/cp024_beta_disgust_congruent_c0.nii.gz,24,disgust,congruent
1.9961156139862704,0.9928546259039976,-1.6392127489834833,-1.4301825636954861,-0.22400381108132494,-1.0259311962356452,-0.8951489823507824,1.2629803997203495,4.243560568056067,-0.24779698950836154,-1.2777363093924576,0.2344695408570675,./emotion-fmri-neu/cp024_beta_disgust_incongruent_c0.nii.gz,24,disgust,incongruent
4.226578596760205,0.9470405367547213,1.9803552842952794,1.619725777270326,2.4570404042570644,2.3090211902212574,0.4703742252963895,3.4169551872366783,7.824840977408062,1.4983351070402169,2.3823863506958287,3.0499029519467094,./emotion-fmri-neu/cp024_beta_disgust_neutral_c0.nii.gz,24,disgust,neutral
3.350375259160367,-0.3281798317017511,0.23115420132749445,0.635647959247116,0.9195364368041551,0.8363424842885558,0.6900677556942543,1.359412069298105,5.458944062010093,0.3196910793168873,1.280294046257931,1.5510207357964163,./emotion-fmri-neu/cp025_beta_anger_congruent_c0.nii.gz,25,anger,congruent
3.2112106499538333,-2.615364955100333,-0.11378997471529909,0.18116873821315402,0.5119392049288686,0.914723397556191,0.47920786911427343,2.2271485309030394,6.738766594807921,0.6323118282518584,0.5265817611750057,0.2768373278062633,./emotion-fmri-neu/cp025_beta_anger_incongruent_c0.nii.gz,25,anger,incongruent
2.563158499367179,1.0698915384080443,-0.4526859607488119,0.16003376812645156,0.35001563757203263,-0.1483661280435166,-1.0884757895373487,0.7758150003495586,6.050877109224108,-2.8430007445249514,0.4818575813343798,1.322986020777295,./emotion-fmri-neu/cp025_beta_anger_neutral_c0.nii.gz,25,anger,neutral
3.11497921550886,-2.253081696718918,0.30812092699986965,0.1555512687825681,0.6180271357240418,1.0086195830166376,0.5225162404168553,1.2930920847922915,5.229970102316498,0.22620774898008025,2.060489797414103,1.0609548959719337,./emotion-fmri-neu/cp025_beta_fear_congruent_c0.nii.gz,25,fear,congruent
3.803151889501529,0.33362269191456956,0.29356330203286185,0.11692739860252296,0.6736586107222682,0.028675959634696227,2.011491748795389,2.7107861897286294,6.704833278020413,0.018929464595171017,1.3038526842913818,0.3992110281072361,./emotion-fmri-neu/cp025_beta_fear_incongruent_c0.nii.gz,25,fear,incongruent
2.4153081040821425,-5.699348090617384,0.0938891102803582,0.8715640574638371,0.7025361578972181,1.6012611578435103,-3.923424930842347,0.25232274422201384,5.759905480029414,0.5040495344327673,0.36178616607664693,0.13909502910286084,./emotion-fmri-neu/cp025_beta_fear_neutral_c0.nii.gz,25,fear,neutral
3.533610928319906,0.7710616975913014,1.1621884778405194,0.7554657985919844,1.9327281255862612,0.645115043522921,2.6106324070758133,2.417806098890512,5.3072662064191345,0.22058801664721908,2.9077155462746345,2.0051414415328694,./emotion-fmri-neu/cp025_beta_disgust_congruent_c0.nii.gz,25,disgust,congruent
3.3693718986376293,-3.1805924818905487,0.2548689728936499,0.7760164374456094,1.0490074495387105,1.3789140176722396,-1.6739326714846634,2.269193580511138,6.590810651784019,1.3296720178440784,1.2590905742153962,-0.06476447075675276,./emotion-fmri-neu/cp025_beta_disgust_incongruent_c0.nii.gz,25,disgust,incongruent
3.0065254418045733,-1.7205329464221872,-0.4476123802071815,0.13471197216531358,1.1148481937874233,0.31742736694746,-0.9972652714087984,1.632287077508744,5.226642921303276,1.466978613100769,1.2492953090963648,-1.542044475808044,./emotion-fmri-neu/cp025_beta_disgust_neutral_c0.nii.gz,25,disgust,neutral
1.0801640136471036,2.1092844688943146,0.38970928090577717,-0.30255775921526895,-0.5475569595992961,-0.8813561116380163,0.02810219332850065,1.3073241495080403,4.6481013629156545,0.766480839946891,-0.299783962662198,0.31121717154264456,./emotion-fmri-neu/cp026_beta_anger_congruent_c0.nii.gz,26,anger,congruent
1.537122124503111,1.6584657889814671,0.4733092486352241,-0.579051243873224,-0.24576933250758637,-0.35424381132431143,0.5445146731731523,1.306873070678863,5.1120521833238515,0.37819105578043877,-0.24065353621871574,0.39856100456981003,./emotion-fmri-neu/cp026_beta_anger_incongruent_c0.nii.gz,26,anger,incongruent
1.073964794859203,0.3666489234948644,0.9575519396639626,-0.1534365173612454,-0.18052772092287492,-1.128902940036702,0.5802989162125929,2.021078198296493,4.519896400659666,1.9494108772829537,-0.23832347645841592,0.7871089559793105,./emotion-fmri-neu/cp026_beta_anger_neutral_c0.nii.gz,26,anger,neutral
1.426080107520086,2.034168712023655,0.47320920282237067,0.12767800809213983,0.0927553418814155,-0.2547712842452094,1.0059390090127964,1.6271391042040009,4.637298419811763,0.5549370737944119,-0.893717382526597,0.09477710986787688,./emotion-fmri-neu/cp026_beta_fear_congruent_c0.nii.gz,26,fear,congruent
1.705300789298419,1.5352820221335761,0.8620985897867693,0.06216611795533266,0.007295748130693378,-0.3897461083517273,0.03492793316484889,2.3931341750682824,5.80028920902321,1.0235417152226745,-0.21207544167823525,1.0148534402751672,./emotion-fmri-neu/cp026_beta_fear_incongruent_c0.nii.gz,26,fear,incongruent
1.698007900619582,1.377567588324313,1.248118446057394,0.5347445083884999,0.467061419936254,-0.12541527326516705,1.33690350564103,2.469017560809092,4.7414414694463645,1.1671819367105059,-0.44132499083362114,1.2328842281191583,./emotion-fmri-neu/cp026_beta_fear_neutral_c0.nii.gz,26,fear,neutral
1.6120811821654217,3.6159494909183674,0.2965281378925064,-0.8957367408325659,-0.045869663318411004,-1.2656115174278475,1.506826804857012,1.5820190328192156,4.556745087708929,-0.12148607019787148,0.15513773341796255,0.47479382691318517,./emotion-fmri-neu/cp026_beta_disgust_congruent_c0.nii.gz,26,disgust,congruent
1.6612077801789453,2.520159119954924,0.1919345715114046,-0.5855737796031675,-0.2310349909697132,-0.7349834449286489,0.9165037978798227,2.253033826424595,5.321264377216567,-0.011710003181627848,-0.23251385424477805,0.47829640873944096,./emotion-fmri-neu/cp026_beta_disgust_incongruent_c0.nii.gz,26,disgust,incongruent
1.6854529686269815,1.6478822877294212,0.8343629829633037,-0.48983849190730927,0.10578317006064618,-1.1615256630747708,0.9871672090305551,1.7919576869391083,4.246396942272225,-1.4581206995297913,0.013874398177618753,-0.0034690262336824,./emotion-fmri-neu/cp026_beta_disgust_neutral_c0.nii.gz,26,disgust,neutral
2.745308073146257,0.054641183040793614,0.8887052401423131,0.9190903903917258,1.3735726892602786,0.5960026464154513,0.9538199754760536,2.3116586155167025,4.030632579876108,1.0022866364142775,2.2315099713134705,1.5998740397330882,./emotion-fmri-neu/cp027_beta_anger_congruent_c0.nii.gz,27,anger,congruent
2.593600135580626,-1.4113686627006619,0.6398969371787797,0.7471006225098845,0.8133396450588369,0.6581405065502312,-0.09549564444699213,1.7715319546205108,3.9060462465323544,-0.3259042578467265,1.837184160886941,0.8100186910690533,./emotion-fmri-neu/cp027_beta_anger_incongruent_c0.nii.gz,27,anger,incongruent
1.9405764792584559,-0.924693928203305,1.6360928761640494,0.8329061836034374,1.547430270090629,0.07507942505495395,-0.3987089537457666,1.0075875458093133,3.52979151506732,-2.3703352997824365,1.8333748664841885,1.2161587766093176,./emotion-fmri-neu/cp027_beta_anger_neutral_c0.nii.gz,27,anger,neutral
1.2508239152389058,0.007583930224597932,1.1266902447799603,0.9223576559981214,0.45373268297775204,0.5229690178023262,1.0126733007510313,1.6779551718136916,2.7356508270255295,-1.4173031288009554,1.869525756892112,1.1353854276368618,./emotion-fmri-neu/cp027_beta_fear_congruent_c0.nii.gz,27,fear,congruent
1.9348302286361279,-2.8294129562836465,0.40607350168803763,0.017395256281330124,0.3840146371172496,-0.42279361069311183,-0.9583691147311864,0.9962993034761343,3.3538938489510564,-0.6787111307549617,1.4290139060368676,0.5336176576167763,./emotion-fmri-neu/cp027_beta_fear_incongruent_c0.nii.gz,27,fear,incongruent
2.228975187033165,-1.333917310965163,1.599558625021572,1.1414007832954793,1.197156539266887,0.7546825313505753,-0.2057092864039319,1.5718515099615888,4.2136501405940106,-0.5407588393545294,2.543972306997443,1.4750799809060924,./emotion-fmri-neu/cp027_beta_fear_neutral_c0.nii.gz,27,fear,neutral
1.7582074661310376,-0.7621507233414767,0.7064554020331784,0.34671438550555916,0.6961519646756585,0.012625715598557801,1.1421794008023094,1.6579343774284256,2.8015812983433372,0.1259043911752918,2.120437131158319,1.5383171447232753,./emotion-fmri-neu/cp027_beta_disgust_congruent_c0.nii.gz,27,disgust,congruent
2.645723858694637,-0.7066636265426021,0.37801053245365746,0.22835283601781917,0.6169003163004774,0.2240843507101125,0.10448195435493075,2.1872178657227117,4.122469203793136,1.921144370702921,0.8992830311108353,0.34901155435882175,./emotion-fmri-neu/cp027_beta_disgust_incongruent_c0.nii.gz,27,disgust,incongruent
2.636190267443088,-1.7909568358746497,1.7471779730962407,1.023968006738017,1.1580761623893001,0.3772269856740521,0.0036750036975573114,1.3753411516819114,3.769234016489943,-0.9172654268359898,2.3422997154076404,0.7696683980907915,./emotion-fmri-neu/cp027_beta_disgust_neutral_c0.nii.gz,27,disgust,neutral
2.2190347756393103,-1.000592231322435,0.8193263731325218,1.0859116524522452,1.068680831895837,0.8691496132179957,0.08868106802768627,1.9999049207463502,6.632801959107965,1.7736496491099372,0.7071784278442077,1.3456088169301432,./emotion-fmri-neu/cp028_beta_anger_congruent_c0.nii.gz,28,anger,congruent
1.135207826898781,-1.2908147932036729,0.00687245552728703,-0.032916328746368295,0.35186790505593313,-0.031599993035668655,-0.34545495663638176,0.6362753394883474,6.1643480570721945,1.0468680877629062,-1.2861858182429435,0.3494281003891634,./emotion-fmri-neu/cp028_beta_anger_incongruent_c0.nii.gz,28,anger,incongruent
0.22252850782766212,-1.1593774240220898,-0.3814306210648154,-0.3916688188612645,-0.30496124210025505,-0.5424025179978709,-0.9794690449505468,0.4717996844642125,5.143502143806119,0.3467249177653383,-1.5540323973777412,-0.43606199238346843,./emotion-fmri-neu/cp028_beta_anger_neutral_c0.nii.gz,28,anger,neutral
3.78243143845833,1.6018004420819543,1.6980882911460207,1.3899142626857042,1.8431857874389335,1.1781995193141435,1.3403227968285187,2.70612826025137,7.389741075272774,2.1970626406528235,2.4816502207588926,2.726163982381914,./emotion-fmri-neu/cp028_beta_fear_congruent_c0.nii.gz,28,fear,congruent
0.26944684191599033,-0.15566640657711914,-0.5519810693049891,-0.578193427884019,-0.5481663913856057,-0.7389358828914933,-0.7970380833571439,0.11329001048247352,5.5753750404608615,0.9573117374181903,-0.9670437328659738,-0.2197677695195383,./emotion-fmri-neu/cp028_beta_fear_incongruent_c0.nii.gz,28,fear,incongruent
-0.27821619958281096,-1.9928037913405878,-0.1345715826682869,-0.07674777762253547,-0.019677065952551327,-0.17430654387019198,-1.0718931890006416,0.4063129507222307,4.763735223479672,0.23541332584619953,-1.6509465882319132,-0.18545134961785778,./emotion-fmri-neu/cp028_beta_fear_neutral_c0.nii.gz,28,fear,neutral
2.085309085347875,0.6445680536786981,0.7806840897021186,0.660515491964745,0.4114702311702844,0.6249304002948034,-0.1495351055367208,1.469814064476092,5.85114647480037,0.4833238299399371,1.1218639591563337,1.9123411997045452,./emotion-fmri-neu/cp028_beta_disgust_congruent_c0.nii.gz,28,disgust,congruent
-0.6125118850459295,0.5418840986396527,-1.24385252504371,-1.4442792252502354,-1.3289205668546433,-1.0091654234761256,-1.1737264731654031,-0.53891528229875,4.495018336819054,-0.28157703875710804,-1.7685773610567588,-1.4102617245997529,./emotion-fmri-neu/cp028_beta_disgust_incongruent_c0.nii.gz,28,disgust,incongruent
0.1393502995093196,0.37505359837216196,-0.390108971380984,-0.5069562124190603,-0.3065102495012096,-0.7899267959774514,-0.37203810530102244,0.2510670581904862,5.158109809474104,0.4443725474968954,-1.5302905770944182,0.2551071086309821,./emotion-fmri-neu/cp028_beta_disgust_neutral_c0.nii.gz,28,disgust,neutral
1.7985089545645967,0.35452933834567857,0.6458694502560118,-0.050966363144912444,0.3741187101754186,0.34512504258481763,1.0563416128978054,1.2145695590647718,4.086955413427491,-0.27711025082040974,0.6573227272000708,0.6350147683814684,./emotion-fmri-neu/cp029_beta_anger_congruent_c0.nii.gz,29,anger,congruent
3.6312345204108016,0.830991765553883,0.8501324248876251,0.8156669013819355,1.0357133759446435,0.3661345399276873,1.7754503764032141,2.7577896933568433,6.4732247046866975,1.9017618886622658,1.7660508670667752,1.1521165795568011,./emotion-fmri-neu/cp029_beta_anger_incongruent_c0.nii.gz,29,anger,incongruent
4.376164162829404,1.529216899179985,2.2721787548739165,2.0217020444665756,3.2994265593807475,0.8911533663607386,2.20934705658236,3.3401244569489617,7.267644508584366,2.0035253134811852,2.974355700460805,2.868881163165225,./emotion-fmri-neu/cp029_beta_anger_neutral_c0.nii.gz,29,anger,neutral
2.185979972039038,1.193641068969021,0.478724747696746,-0.2853102377686601,0.11069056950685854,0.10196476254243216,0.66197802675705,1.6480400633021703,3.8178588914071687,0.4070226757468342,0.5660493196133007,0.14749853685230693,./emotion-fmri-neu/cp029_beta_fear_congruent_c0.nii.gz,29,fear,congruent
3.5160883467864803,0.9894610994759904,1.0734864391610124,0.8948040797571207,1.053366032301582,0.709315577480043,1.1175287372273104,3.2748987474308215,7.317959919292683,0.8890724926431909,2.181352544270325,1.5543106568019527,./emotion-fmri-neu/cp029_beta_fear_incongruent_c0.nii.gz,29,fear,incongruent
3.253102074050632,-0.03011220473839953,1.1360090628583468,0.46260943261079696,1.0313120084968876,-0.18915585445297178,0.6935633193894992,1.862481270033513,4.634709819376493,0.3596305377788167,0.8702989986237866,0.36820072897847955,./emotion-fmri-neu/cp029_beta_fear_neutral_c0.nii.gz,29,fear,neutral
2.0154825123240467,0.42409833383704537,0.8769223521164725,0.13801815360769326,0.21261453506068653,0.17095375521366618,0.5131922411980071,1.3684638332682602,4.710061767324961,-0.34214618074765063,0.6221276335677812,-0.10200697357699806,./emotion-fmri-neu/cp029_beta_disgust_congruent_c0.nii.gz,29,disgust,congruent
3.9133134881123293,2.5862461671119368,1.149246262115283,1.3415776957303767,1.4839501383142328,0.6499451754274268,2.4248738928989075,3.8186601576155446,7.233882334470795,1.739756139667664,1.7319332568824113,1.4457666680975452,./emotion-fmri-neu/cp029_beta_disgust_incongruent_c0.nii.gz,29,disgust,incongruent
3.3145500386558098,2.4340965459716846,0.9870174262722792,0.9307158781788795,1.5687774515642592,-0.3292764728158129,2.2116686059875343,2.1334727981865,5.806257021470319,1.4618759285468987,0.7406666029578237,1.8682657198151744,./emotion-fmri-neu/cp029_beta_disgust_neutral_c0.nii.gz,29,disgust,neutral
1.9555636440617405,-2.512891037344012,1.07663668886535,0.4769301639819668,1.3758741737072218,0.2385259866921832,-1.1389392615687655,1.0035277995417078,7.406500491944891,-0.3848510586025322,2.7638819657339986,1.6127997249868915,./emotion-fmri-neu/cp030_beta_anger_congruent_c0.nii.gz,30,anger,congruent
0.15873069160861994,-1.0645636781613312,-0.19397488871814433,-0.2679525093233537,0.3108502336414523,-0.5350160552466849,-0.8309471732640156,-0.30078020826552915,6.238649408918852,-0.0750512172134734,0.31225115380303375,0.5835924087339496,./emotion-fmri-neu/cp030_beta_anger_incongruent_c0.nii.gz,30,anger,incongruent
4.268435568115173,1.1699887595184828,1.6029168824163555,1.3563760488022665,1.8626436225907574,0.36040439607508196,1.131871635609388,3.386036531817542,7.808514785659677,1.9528663778147215,0.4616556152553871,1.3446529111238676,./emotion-fmri-neu/cp030_beta_anger_neutral_c0.nii.gz,30,anger,neutral
-0.2649484906849764,-1.6242380383347261,-0.7942754605640308,-1.5615409621556153,-0.7643199661340687,-1.4662910320000135,-0.7577222836743822,-1.1197468474552301,4.255637564297375,-1.3228581298017648,-0.09621216328637097,-1.5832690426377998,./emotion-fmri-neu/cp030_beta_fear_congruent_c0.nii.gz,30,fear,congruent
-1.0093150995811933,-1.1001339833011017,-1.3163882604113615,-1.1727068835838739,-0.6285471686543971,-0.9799298254301626,-0.9885201763914995,-1.4089361208467392,5.3968899948183715,-2.8978389380099183,-1.3298935440166868,-1.902277220378064,./emotion-fmri-neu/cp030_beta_fear_incongruent_c0.nii.gz,30,fear,incongruent
-1.145075363266339,-4.666113496220691,-0.18612088613379274,-0.23751840695273935,-0.032375512287156114,-0.8526578178309402,-0.7727345045888362,-1.1244088918380615,3.6366365258800757,-1.5317634555105926,-0.47508065538253774,-0.20366056198862761,./emotion-fmri-neu/cp030_beta_fear_neutral_c0.nii.gz,30,fear,neutral
-0.1227899715307949,-3.795322189945854,-0.6874965496078467,-1.4675220831211786,-0.39763250918956455,-1.483973811539144,-0.07488081635235115,-0.7987434496543853,2.7687952205562363,-1.2081323010296803,0.26095834990786937,-0.878148960914566,./emotion-fmri-neu/cp030_beta_disgust_congruent_c0.nii.gz,30,disgust,congruent
0.3335812386994859,-1.8846121542747796,-0.42767731375973966,-0.4254811792559182,0.024185917725296043,-0.8438664627645288,-0.9457909679343548,0.622389276585628,6.681155506938924,0.44102783154848757,0.16519044376349276,-0.04526044056186567,./emotion-fmri-neu/cp030_beta_disgust_incongruent_c0.nii.gz,30,disgust,incongruent
1.1297551835513635,0.6379105611540871,1.3479228030238413,1.010558476167828,1.7701120455717525,0.003054910430404935,1.4253531154013246,1.2284027023405013,5.742426735683115,0.9491442313445226,1.4738710583597474,2.7344727528209183,./emotion-fmri-neu/cp030_beta_disgust_neutral_c0.nii.gz,30,disgust,neutral
